group,pixel_md5,split,label,path
0,fc375b6880945182e1c6be9d8623c84c,test,001,TUMMHCD-TEST-TRAIN/TUMMHCDtest/test_001/mmhc2_54.tif
0,fc375b6880945182e1c6be9d8623c84c,train,001,TUMMHCD-TEST-TRAIN/TUMMHCDtrain/train_001/mmhc2_1195.tif
1,88b12013ad62f3251baa81de9451bd35,test,001,TUMMHCD-TEST-TRAIN/TUMMHCDtest/test_001/mmhc2_83.tif
1,88b12013ad62f3251baa81de9451bd35,train,002,TUMMHCD-TEST-TRAIN/TUMMHCDtrain/train_002/mmhc3_379.tif
2,8b4ae0b83cb16c0ab7dfc47783e6d21c,test,001,TUMMHCD-TEST-TRAIN/TUMMHCDtest/test_001/mmhc2_85.tif
2,8b4ae0b83cb16c0ab7dfc47783e6d21c,train,002,TUMMHCD-TEST-TRAIN/TUMMHCDtrain/train_002/mmhc3_1261.tif
3,62e5c488ce3a08c143ad96d4c3e86bb8,test,001,TUMMHCD-TEST-TRAIN/TUMMHCDtest/test_001/mmhc2_87.tif
3,62e5c488ce3a08c143ad96d4c3e86bb8,train,002,TUMMHCD-TEST-TRAIN/TUMMHCDtrain/train_002/mmhc3_1401.tif
4,ae2cd2a02e0f9c4a7b8a40048ac80800,test,001,TUMMHCD-TEST-TRAIN/TUMMHCDtest/test_001/mmhc2_89.tif
4,ae2cd2a02e0f9c4a7b8a40048ac80800,train,002,TUMMHCD-TEST-TRAIN/TUMMHCDtrain/train_002/mmhc3_470.tif
5,f3871700e90a24f5e919dcc37f399ef0,test,001,TUMMHCD-TEST-TRAIN/TUMMHCDtest/test_001/mmhc2_90.tif
5,f3871700e90a24f5e919dcc37f399ef0,train,002,TUMMHCD-TEST-TRAIN/TUMMHCDtrain/train_002/mmhc3_1324.tif
6,94326b911a2965225592caff055bcff6,test,001,TUMMHCD-TEST-TRAIN/TUMMHCDtest/test_001/mmhc2_138.tif
6,94326b911a2965225592caff055bcff6,train,001,TUMMHCD-TEST-TRAIN/TUMMHCDtrain/train_001/mmhc2_639.tif
7,b9266a596702d42f59ef2eb3883670af,test,001,TUMMHCD-TEST-TRAIN/TUMMHCDtest/test_001/mmhc2_265.tif
7,b9266a596702d42f59ef2eb3883670af,train,008,TUMMHCD-TEST-TRAIN/TUMMHCDtrain/train_008/mmhc9_1378.tif
8,5d8be79fa28b755bbf8d96886d54b7a1,test,002,TUMMHCD-TEST-TRAIN/TUMMHCDtest/test_002/mmhc3_12.tif
8,5d8be79fa28b755bbf8d96886d54b7a1,train,001,TUMMHCD-TEST-TRAIN/TUMMHCDtrain/train_001/mmhc2_1005.tif
9,d53b92916821728ac677144b55dcaa4e,test,002,TUMMHCD-TEST-TRAIN/TUMMHCDtest/test_002/mmhc3_38.tif
9,d53b92916821728ac677144b55dcaa4e,train,001,TUMMHCD-TEST-TRAIN/TUMMHCDtrain/train_001/mmhc2_1377.tif
10,7b97c08ce7e750d1e794b78be23c140e,test,002,TUMMHCD-TEST-TRAIN/TUMMHCDtest/test_002/mmhc3_128.tif
10,7b97c08ce7e750d1e794b78be23c140e,train,001,TUMMHCD-TEST-TRAIN/TUMMHCDtrain/train_001/mmhc2_1288.tif
11,7b9b0c7c3045a0ecdf146a7f4ac61d32,test,002,TUMMHCD-TEST-TRAIN/TUMMHCDtest/test_002/mmhc3_154.tif
11,7b9b0c7c3045a0ecdf146a7f4ac61d32,train,001,TUMMHCD-TEST-TRAIN/TUMMHCDtrain/train_001/mmhc2_1044.tif
12,f95c626acb14441bb44b0bc4d80bc915,test,002,TUMMHCD-TEST-TRAIN/TUMMHCDtest/test_002/mmhc3_255.tif
12,f95c626acb14441bb44b0bc4d80bc915,train,001,TUMMHCD-TEST-TRAIN/TUMMHCDtrain/train_001/mmhc2_1015.tif
13,5fb5be2c9c12abf61f234acc60e6c6ca,test,003,TUMMHCD-TEST-TRAIN/TUMMHCDtest/test_003/mmhc4_26.tif
13,5fb5be2c9c12abf61f234acc60e6c6ca,train,003,TUMMHCD-TEST-TRAIN/TUMMHCDtrain/train_003/mmhc4_93.tif
14,81105b3fbd1bc90fadc10e4cecf42afe,test,003,TUMMHCD-TEST-TRAIN/TUMMHCDtest/test_003/mmhc4_40.tif
14,81105b3fbd1bc90fadc10e4cecf42afe,train,003,TUMMHCD-TEST-TRAIN/TUMMHCDtrain/train_003/mmhc4_1297.tif
15,09b78ea034b4235b6dde52ca997d00fc,test,003,TUMMHCD-TEST-TRAIN/TUMMHCDtest/test_003/mmhc4_62.tif
15,09b78ea034b4235b6dde52ca997d00fc,train,003,TUMMHCD-TEST-TRAIN/TUMMHCDtrain/train_003/mmhc4_214.tif
16,83e5a7ba72d9cd7676e10a0d4b4b917a,test,003,TUMMHCD-TEST-TRAIN/TUMMHCDtest/test_003/mmhc4_64.tif
16,83e5a7ba72d9cd7676e10a0d4b4b917a,test,003,TUMMHCD-TEST-TRAIN/TUMMHCDtest/test_003/mmhc4_74.tif
17,871a67fb3fd48776249d4ade676badd7,test,003,TUMMHCD-TEST-TRAIN/TUMMHCDtest/test_003/mmhc4_75.tif
17,871a67fb3fd48776249d4ade676badd7,test,003,TUMMHCD-TEST-TRAIN/TUMMHCDtest/test_003/mmhc4_96.tif
18,42d02680dfee6d5c02ee90ee302d064d,test,003,TUMMHCD-TEST-TRAIN/TUMMHCDtest/test_003/mmhc4_104.tif
18,42d02680dfee6d5c02ee90ee302d064d,train,003,TUMMHCD-TEST-TRAIN/TUMMHCDtrain/train_003/mmhc4_1047.tif
19,c23c2be444113eb74b3b2a325a9a2106,test,004,TUMMHCD-TEST-TRAIN/TUMMHCDtest/test_004/mmhc5_164.tif
19,c23c2be444113eb74b3b2a325a9a2106,train,004,TUMMHCD-TEST-TRAIN/TUMMHCDtrain/train_004/mmhc5_231.tif
20,f8c97f78d3cc53a243a9d390716e64b7,test,005,TUMMHCD-TEST-TRAIN/TUMMHCDtest/test_005/mmhc6_43.tif
20,f8c97f78d3cc53a243a9d390716e64b7,test,005,TUMMHCD-TEST-TRAIN/TUMMHCDtest/test_005/mmhc6_140.tif
21,67669221fd8a5379c4e2a0457f6ec4f1,test,006,TUMMHCD-TEST-TRAIN/TUMMHCDtest/test_006/mmhc7_236.tif
21,67669221fd8a5379c4e2a0457f6ec4f1,train,006,TUMMHCD-TEST-TRAIN/TUMMHCDtrain/train_006/mmhc7_710.tif
22,18838c06e281754c1051a6ba274f06ab,test,007,TUMMHCD-TEST-TRAIN/TUMMHCDtest/test_007/mmhc8_99.tif
22,18838c06e281754c1051a6ba274f06ab,test,007,TUMMHCD-TEST-TRAIN/TUMMHCDtest/test_007/mmhc8_239.tif
23,159e198fbb62493f59d6bb740389db4f,test,008,TUMMHCD-TEST-TRAIN/TUMMHCDtest/test_008/mmhc9_118.tif
23,159e198fbb62493f59d6bb740389db4f,train,008,TUMMHCD-TEST-TRAIN/TUMMHCDtrain/train_008/mmhc9_650.tif
24,75e5fd2e1714aa3d8a58d346c6a22406,test,008,TUMMHCD-TEST-TRAIN/TUMMHCDtest/test_008/mmhc9_228.tif
24,75e5fd2e1714aa3d8a58d346c6a22406,train,008,TUMMHCD-TEST-TRAIN/TUMMHCDtrain/train_008/mmhc9_1221.tif
25,1ab3bdcce2b155cabbba0fd1dc2cd9c3,test,008,TUMMHCD-TEST-TRAIN/TUMMHCDtest/test_008/mmhc9_250.tif
25,1ab3bdcce2b155cabbba0fd1dc2cd9c3,train,008,TUMMHCD-TEST-TRAIN/TUMMHCDtrain/train_008/mmhc9_1237.tif
26,29decc589a965c6ac693f14c25ab8015,test,008,TUMMHCD-TEST-TRAIN/TUMMHCDtest/test_008/mmhc9_268.tif
26,29decc589a965c6ac693f14c25ab8015,train,008,TUMMHCD-TEST-TRAIN/TUMMHCDtrain/train_008/mmhc9_1299.tif
27,5dea82e59837221c94cf8f35866201cf,test,009,TUMMHCD-TEST-TRAIN/TUMMHCDtest/test_009/mmhc10_82.tif
27,5dea82e59837221c94cf8f35866201cf,train,009,TUMMHCD-TEST-TRAIN/TUMMHCDtrain/train_009/mmhc10_1564.tif
28,093b63fc5ed10d2ae0bcdace7fbbc32e,test,009,TUMMHCD-TEST-TRAIN/TUMMHCDtest/test_009/mmhc10_169.tif
28,093b63fc5ed10d2ae0bcdace7fbbc32e,train,009,TUMMHCD-TEST-TRAIN/TUMMHCDtrain/train_009/mmhc10_758.tif
29,f4d8b8ea4ccf896b2617ec7ea871e777,test,009,TUMMHCD-TEST-TRAIN/TUMMHCDtest/test_009/mmhc10_177.tif
29,f4d8b8ea4ccf896b2617ec7ea871e777,train,009,TUMMHCD-TEST-TRAIN/TUMMHCDtrain/train_009/mmhc10_1089.tif
30,501c20bd3c1aa1683ea21f6e9a8cb383,test,009,TUMMHCD-TEST-TRAIN/TUMMHCDtest/test_009/mmhc10_279.tif
30,501c20bd3c1aa1683ea21f6e9a8cb383,train,009,TUMMHCD-TEST-TRAIN/TUMMHCDtrain/train_009/mmhc10_1424.tif
31,6613943d629576c3381672107931da9f,test,009,TUMMHCD-TEST-TRAIN/TUMMHCDtest/test_009/mmhc10_281.tif
31,6613943d629576c3381672107931da9f,train,009,TUMMHCD-TEST-TRAIN/TUMMHCDtrain/train_009/mmhc10_960.tif
32,28c2501cb9f80771fec12cf5e50a728b,test,010,TUMMHCD-TEST-TRAIN/TUMMHCDtest/test_010/mmhc11_1.tif
32,28c2501cb9f80771fec12cf5e50a728b,test,010,TUMMHCD-TEST-TRAIN/TUMMHCDtest/test_010/mmhc11_93.tif
33,4fceaaaa0ab9cbce439889d310711a2a,test,010,TUMMHCD-TEST-TRAIN/TUMMHCDtest/test_010/mmhc11_19.tif
33,4fceaaaa0ab9cbce439889d310711a2a,train,010,TUMMHCD-TEST-TRAIN/TUMMHCDtrain/train_010/mmhc11_24.tif
34,b322fbbd47668e1f854b4fe5808e37f3,test,010,TUMMHCD-TEST-TRAIN/TUMMHCDtest/test_010/mmhc11_41.tif
34,b322fbbd47668e1f854b4fe5808e37f3,train,010,TUMMHCD-TEST-TRAIN/TUMMHCDtrain/train_010/mmhc11_271.tif
35,5f26273fc345f8b4f51e754f2394d989,test,010,TUMMHCD-TEST-TRAIN/TUMMHCDtest/test_010/mmhc11_49.tif
35,5f26273fc345f8b4f51e754f2394d989,test,010,TUMMHCD-TEST-TRAIN/TUMMHCDtest/test_010/mmhc11_195.tif
36,1157d63f901f9f4ec4c8068d4b3422f4,test,010,TUMMHCD-TEST-TRAIN/TUMMHCDtest/test_010/mmhc11_55.tif
36,1157d63f901f9f4ec4c8068d4b3422f4,train,010,TUMMHCD-TEST-TRAIN/TUMMHCDtrain/train_010/mmhc11_615.tif
37,b0a05467299b48712e9615d669a3270a,test,010,TUMMHCD-TEST-TRAIN/TUMMHCDtest/test_010/mmhc11_56.tif
37,b0a05467299b48712e9615d669a3270a,train,010,TUMMHCD-TEST-TRAIN/TUMMHCDtrain/train_010/mmhc11_258.tif
38,3726f2cad81c5dabea4bc9864eddae04,test,010,TUMMHCD-TEST-TRAIN/TUMMHCDtest/test_010/mmhc11_82.tif
38,3726f2cad81c5dabea4bc9864eddae04,test,010,TUMMHCD-TEST-TRAIN/TUMMHCDtest/test_010/mmhc11_103.tif
39,74cafe6788535da87cfa5f3927977d14,test,010,TUMMHCD-TEST-TRAIN/TUMMHCDtest/test_010/mmhc11_87.tif
39,74cafe6788535da87cfa5f3927977d14,train,010,TUMMHCD-TEST-TRAIN/TUMMHCDtrain/train_010/mmhc11_467.tif
40,64a81a60c795c4ba2c78bd4ccdadf457,test,010,TUMMHCD-TEST-TRAIN/TUMMHCDtest/test_010/mmhc11_88.tif
40,64a81a60c795c4ba2c78bd4ccdadf457,train,010,TUMMHCD-TEST-TRAIN/TUMMHCDtrain/train_010/mmhc11_131.tif
41,0b01c373270ea82fd08418a8656ba58d,test,010,TUMMHCD-TEST-TRAIN/TUMMHCDtest/test_010/mmhc11_89.tif
41,0b01c373270ea82fd08418a8656ba58d,train,010,TUMMHCD-TEST-TRAIN/TUMMHCDtrain/train_010/mmhc11_518.tif
41,0b01c373270ea82fd08418a8656ba58d,train,010,TUMMHCD-TEST-TRAIN/TUMMHCDtrain/train_010/mmhc11_539.tif
42,c84db1e706af822f5235cf2cd0108257,test,010,TUMMHCD-TEST-TRAIN/TUMMHCDtest/test_010/mmhc11_90.tif
42,c84db1e706af822f5235cf2cd0108257,train,010,TUMMHCD-TEST-TRAIN/TUMMHCDtrain/train_010/mmhc11_913.tif
42,c84db1e706af822f5235cf2cd0108257,train,010,TUMMHCD-TEST-TRAIN/TUMMHCDtrain/train_010/mmhc11_1114.tif
43,0ee013b7edbe6142dda410f8e66a5f6d,test,010,TUMMHCD-TEST-TRAIN/TUMMHCDtest/test_010/mmhc11_91.tif
43,0ee013b7edbe6142dda410f8e66a5f6d,train,010,TUMMHCD-TEST-TRAIN/TUMMHCDtrain/train_010/mmhc11_859.tif
43,0ee013b7edbe6142dda410f8e66a5f6d,train,010,TUMMHCD-TEST-TRAIN/TUMMHCDtrain/train_010/mmhc11_1107.tif
44,6e4326c1cb8b84ed1ea570ebfc1c9487,test,010,TUMMHCD-TEST-TRAIN/TUMMHCDtest/test_010/mmhc11_96.tif
44,6e4326c1cb8b84ed1ea570ebfc1c9487,train,010,TUMMHCD-TEST-TRAIN/TUMMHCDtrain/train_010/mmhc11_367.tif
45,208c17cef0e0895a05334c4dc8a7bad9,test,010,TUMMHCD-TEST-TRAIN/TUMMHCDtest/test_010/mmhc11_99.tif
45,208c17cef0e0895a05334c4dc8a7bad9,train,010,TUMMHCD-TEST-TRAIN/TUMMHCDtrain/train_010/mmhc11_849.tif
46,366d91c417fdbe88a51bd4499fc78db5,test,010,TUMMHCD-TEST-TRAIN/TUMMHCDtest/test_010/mmhc11_107.tif
46,366d91c417fdbe88a51bd4499fc78db5,train,010,TUMMHCD-TEST-TRAIN/TUMMHCDtrain/train_010/mmhc11_1119.tif
47,90280c6ffbfe72fc07841615692c88b3,test,010,TUMMHCD-TEST-TRAIN/TUMMHCDtest/test_010/mmhc11_110.tif
47,90280c6ffbfe72fc07841615692c88b3,train,010,TUMMHCD-TEST-TRAIN/TUMMHCDtrain/train_010/mmhc11_408.tif
48,4379b9307e09abeb5af6d12ed643d0fb,test,010,TUMMHCD-TEST-TRAIN/TUMMHCDtest/test_010/mmhc11_126.tif
48,4379b9307e09abeb5af6d12ed643d0fb,train,010,TUMMHCD-TEST-TRAIN/TUMMHCDtrain/train_010/mmhc11_1103.tif
49,d23c689bd12a71db40fa35cf3448c33a,test,010,TUMMHCD-TEST-TRAIN/TUMMHCDtest/test_010/mmhc11_128.tif
49,d23c689bd12a71db40fa35cf3448c33a,train,010,TUMMHCD-TEST-TRAIN/TUMMHCDtrain/train_010/mmhc11_181.tif
50,ce276d210ca0d6032e24bfd52f5350aa,test,010,TUMMHCD-TEST-TRAIN/TUMMHCDtest/test_010/mmhc11_132.tif
50,ce276d210ca0d6032e24bfd52f5350aa,train,010,TUMMHCD-TEST-TRAIN/TUMMHCDtrain/train_010/mmhc11_298.tif
51,7f2176d73ff576b675dea0c74c1330f3,test,010,TUMMHCD-TEST-TRAIN/TUMMHCDtest/test_010/mmhc11_149.tif
51,7f2176d73ff576b675dea0c74c1330f3,train,010,TUMMHCD-TEST-TRAIN/TUMMHCDtrain/train_010/mmhc11_1249.tif
52,74ee226a2762c0124f72e2e4303e60fa,test,010,TUMMHCD-TEST-TRAIN/TUMMHCDtest/test_010/mmhc11_158.tif
52,74ee226a2762c0124f72e2e4303e60fa,train,010,TUMMHCD-TEST-TRAIN/TUMMHCDtrain/train_010/mmhc11_109.tif
52,74ee226a2762c0124f72e2e4303e60fa,train,010,TUMMHCD-TEST-TRAIN/TUMMHCDtrain/train_010/mmhc11_1170.tif
53,fde1684187bb6c790c6dc36a58ece351,test,010,TUMMHCD-TEST-TRAIN/TUMMHCDtest/test_010/mmhc11_183.tif
53,fde1684187bb6c790c6dc36a58ece351,train,010,TUMMHCD-TEST-TRAIN/TUMMHCDtrain/train_010/mmhc11_582.tif
53,fde1684187bb6c790c6dc36a58ece351,train,010,TUMMHCD-TEST-TRAIN/TUMMHCDtrain/train_010/mmhc11_855.tif
54,cc5291fbe97424c0ec7a2754f3033c20,test,011,TUMMHCD-TEST-TRAIN/TUMMHCDtest/test_011/mmhc12_82.tif
54,cc5291fbe97424c0ec7a2754f3033c20,train,011,TUMMHCD-TEST-TRAIN/TUMMHCDtrain/train_011/mmhc12_190.tif
55,0a1aa712cddffb72a1aff1e6d1fdf48d,test,011,TUMMHCD-TEST-TRAIN/TUMMHCDtest/test_011/mmhc12_108.tif
55,0a1aa712cddffb72a1aff1e6d1fdf48d,train,011,TUMMHCD-TEST-TRAIN/TUMMHCDtrain/train_011/mmhc12_1286.tif
56,f85a87c8d80ad006106e23c8e3b45878,test,011,TUMMHCD-TEST-TRAIN/TUMMHCDtest/test_011/mmhc12_171.tif
56,f85a87c8d80ad006106e23c8e3b45878,train,011,TUMMHCD-TEST-TRAIN/TUMMHCDtrain/train_011/mmhc12_281.tif
57,1c740e6ee8bb6b65847c5489fa44ea98,test,011,TUMMHCD-TEST-TRAIN/TUMMHCDtest/test_011/mmhc12_179.tif
57,1c740e6ee8bb6b65847c5489fa44ea98,train,011,TUMMHCD-TEST-TRAIN/TUMMHCDtrain/train_011/mmhc12_1118.tif
58,3995c23a2f6dd63b8a3f8dfd3f8b30e4,test,011,TUMMHCD-TEST-TRAIN/TUMMHCDtest/test_011/mmhc12_198.tif
58,3995c23a2f6dd63b8a3f8dfd3f8b30e4,train,011,TUMMHCD-TEST-TRAIN/TUMMHCDtrain/train_011/mmhc12_1067.tif
59,f16446bd4db6b8eb6f415a38b32127f2,test,012,TUMMHCD-TEST-TRAIN/TUMMHCDtest/test_012/mmhc13_14.tif
59,f16446bd4db6b8eb6f415a38b32127f2,train,012,TUMMHCD-TEST-TRAIN/TUMMHCDtrain/train_012/mmhc13_145.tif
60,ca4a9d9af271ba4071bc01648ab7105f,test,012,TUMMHCD-TEST-TRAIN/TUMMHCDtest/test_012/mmhc13_98.tif
60,ca4a9d9af271ba4071bc01648ab7105f,train,012,TUMMHCD-TEST-TRAIN/TUMMHCDtrain/train_012/mmhc13_269.tif
61,834dc55efb586337d19657db45e167d2,test,012,TUMMHCD-TEST-TRAIN/TUMMHCDtest/test_012/mmhc13_162.tif
61,834dc55efb586337d19657db45e167d2,train,012,TUMMHCD-TEST-TRAIN/TUMMHCDtrain/train_012/mmhc13_1218.tif
62,666460a5bee38a1ddad7622d01f984cf,test,012,TUMMHCD-TEST-TRAIN/TUMMHCDtest/test_012/mmhc13_174.tif
62,666460a5bee38a1ddad7622d01f984cf,train,012,TUMMHCD-TEST-TRAIN/TUMMHCDtrain/train_012/mmhc13_448.tif
63,3c78066a4787276d074061e5a67f8280,test,013,TUMMHCD-TEST-TRAIN/TUMMHCDtest/test_013/mmhc14_28.tif
63,3c78066a4787276d074061e5a67f8280,test,013,TUMMHCD-TEST-TRAIN/TUMMHCDtest/test_013/mmhc14_109.tif
64,ef609dfc74cf20c2a0750a7bc56508b7,test,013,TUMMHCD-TEST-TRAIN/TUMMHCDtest/test_013/mmhc14_90.tif
64,ef609dfc74cf20c2a0750a7bc56508b7,train,013,TUMMHCD-TEST-TRAIN/TUMMHCDtrain/train_013/mmhc14_899.tif
65,13c05f03ab519918272fb8d148044226,test,013,TUMMHCD-TEST-TRAIN/TUMMHCDtest/test_013/mmhc14_126.tif
65,13c05f03ab519918272fb8d148044226,train,013,TUMMHCD-TEST-TRAIN/TUMMHCDtrain/train_013/mmhc14_342.tif
66,db7bd704478f78b97dfcd5ec29dd30cb,test,013,TUMMHCD-TEST-TRAIN/TUMMHCDtest/test_013/mmhc14_131.tif
66,db7bd704478f78b97dfcd5ec29dd30cb,train,013,TUMMHCD-TEST-TRAIN/TUMMHCDtrain/train_013/mmhc14_611.tif
67,5bd03448c37e9f7982b6269282b5d816,test,013,TUMMHCD-TEST-TRAIN/TUMMHCDtest/test_013/mmhc14_199.tif
67,5bd03448c37e9f7982b6269282b5d816,train,013,TUMMHCD-TEST-TRAIN/TUMMHCDtrain/train_013/mmhc14_479.tif
68,426c3d52d8567e58c25f05368c1f01a1,test,014,TUMMHCD-TEST-TRAIN/TUMMHCDtest/test_014/mmhc15_9.tif
68,426c3d52d8567e58c25f05368c1f01a1,train,014,TUMMHCD-TEST-TRAIN/TUMMHCDtrain/train_014/mmhc15_119.tif
69,c3c58f34db74f657ee13c0b219a78b58,test,014,TUMMHCD-TEST-TRAIN/TUMMHCDtest/test_014/mmhc15_10.tif
69,c3c58f34db74f657ee13c0b219a78b58,train,014,TUMMHCD-TEST-TRAIN/TUMMHCDtrain/train_014/mmhc15_219.tif
70,ad72aa52a4ee28dd82b3ccd7f92185df,test,015,TUMMHCD-TEST-TRAIN/TUMMHCDtest/test_015/mmhc16_13.tif
70,ad72aa52a4ee28dd82b3ccd7f92185df,train,015,TUMMHCD-TEST-TRAIN/TUMMHCDtrain/train_015/mmhc16_758.tif
71,bc0139536aef00298277812b92dcb89b,test,015,TUMMHCD-TEST-TRAIN/TUMMHCDtest/test_015/mmhc16_98.tif
71,bc0139536aef00298277812b92dcb89b,train,015,TUMMHCD-TEST-TRAIN/TUMMHCDtrain/train_015/mmhc16_1217.tif
72,56b4a314342e766c1331e5d19acbcaa4,test,015,TUMMHCD-TEST-TRAIN/TUMMHCDtest/test_015/mmhc16_100.tif
72,56b4a314342e766c1331e5d19acbcaa4,train,015,TUMMHCD-TEST-TRAIN/TUMMHCDtrain/train_015/mmhc16_691.tif
73,0acac9cbe5350a2db89f93430b50866c,test,015,TUMMHCD-TEST-TRAIN/TUMMHCDtest/test_015/mmhc16_158.tif
73,0acac9cbe5350a2db89f93430b50866c,train,015,TUMMHCD-TEST-TRAIN/TUMMHCDtrain/train_015/mmhc16_1161.tif
74,fb202d313950c92e433d171a9a142104,test,016,TUMMHCD-TEST-TRAIN/TUMMHCDtest/test_016/mmhc17_191.tif
74,fb202d313950c92e433d171a9a142104,train,016,TUMMHCD-TEST-TRAIN/TUMMHCDtrain/train_016/mmhc17_81.tif
75,b248601ee06e67f61fcc6b36ef3cb9a7,test,016,TUMMHCD-TEST-TRAIN/TUMMHCDtest/test_016/mmhc17_194.tif
75,b248601ee06e67f61fcc6b36ef3cb9a7,train,016,TUMMHCD-TEST-TRAIN/TUMMHCDtrain/train_016/mmhc17_1304.tif
76,c285f676d5c11e356da5c763fd1129cc,test,017,TUMMHCD-TEST-TRAIN/TUMMHCDtest/test_017/mmhc18_8.tif
76,c285f676d5c11e356da5c763fd1129cc,train,017,TUMMHCD-TEST-TRAIN/TUMMHCDtrain/train_017/mmhc18_421.tif
77,53ce48b0ecc3e8055ba691422e65d75f,test,017,TUMMHCD-TEST-TRAIN/TUMMHCDtest/test_017/mmhc18_98.tif
77,53ce48b0ecc3e8055ba691422e65d75f,train,017,TUMMHCD-TEST-TRAIN/TUMMHCDtrain/train_017/mmhc18_1299.tif
78,dcead1e23876c14861a03d561d9d8c15,test,017,TUMMHCD-TEST-TRAIN/TUMMHCDtest/test_017/mmhc18_177.tif
78,dcead1e23876c14861a03d561d9d8c15,train,017,TUMMHCD-TEST-TRAIN/TUMMHCDtrain/train_017/mmhc18_532.tif
79,5ceceaf7e5516ea91e7ff72d62758fdc,test,017,TUMMHCD-TEST-TRAIN/TUMMHCDtest/test_017/mmhc18_228.tif
79,5ceceaf7e5516ea91e7ff72d62758fdc,train,016,TUMMHCD-TEST-TRAIN/TUMMHCDtrain/train_016/mmhc17_1025.tif
80,daa474fd80fe793ca289cd20663c9669,test,018,TUMMHCD-TEST-TRAIN/TUMMHCDtest/test_018/mmhc19_38.tif
80,daa474fd80fe793ca289cd20663c9669,train,018,TUMMHCD-TEST-TRAIN/TUMMHCDtrain/train_018/mmhc19_340.tif
81,b2c4494bf096ad6428eac95be2fb60f5,test,018,TUMMHCD-TEST-TRAIN/TUMMHCDtest/test_018/mmhc19_196.tif
81,b2c4494bf096ad6428eac95be2fb60f5,train,018,TUMMHCD-TEST-TRAIN/TUMMHCDtrain/train_018/mmhc19_713.tif
82,412e3437b987f5986baffeefeb77a7da,test,019,TUMMHCD-TEST-TRAIN/TUMMHCDtest/test_019/mmhc20_16.tif
82,412e3437b987f5986baffeefeb77a7da,test,019,TUMMHCD-TEST-TRAIN/TUMMHCDtest/test_019/mmhc20_38.tif
83,f7542bc54299a6f514d03927589dcb10,test,019,TUMMHCD-TEST-TRAIN/TUMMHCDtest/test_019/mmhc20_99.tif
83,f7542bc54299a6f514d03927589dcb10,train,019,TUMMHCD-TEST-TRAIN/TUMMHCDtrain/train_019/mmhc20_718.tif
84,6e1947d685d96de000a7fb0ab36ce74e,test,019,TUMMHCD-TEST-TRAIN/TUMMHCDtest/test_019/mmhc20_176.tif
84,6e1947d685d96de000a7fb0ab36ce74e,train,019,TUMMHCD-TEST-TRAIN/TUMMHCDtrain/train_019/mmhc20_314.tif
85,c80b4d4b6f930b2f25a5178a952470d1,test,020,TUMMHCD-TEST-TRAIN/TUMMHCDtest/test_020/mmhc21_54.tif
85,c80b4d4b6f930b2f25a5178a952470d1,train,020,TUMMHCD-TEST-TRAIN/TUMMHCDtrain/train_020/mmhc21_1197.tif
86,937f31e6ffad63e03ec453181e1f727b,test,020,TUMMHCD-TEST-TRAIN/TUMMHCDtest/test_020/mmhc21_55.tif
86,937f31e6ffad63e03ec453181e1f727b,train,020,TUMMHCD-TEST-TRAIN/TUMMHCDtrain/train_020/mmhc21_216.tif
87,db39cc899be2b43e202b55ca59a6bcf4,test,020,TUMMHCD-TEST-TRAIN/TUMMHCDtest/test_020/mmhc21_153.tif
87,db39cc899be2b43e202b55ca59a6bcf4,train,020,TUMMHCD-TEST-TRAIN/TUMMHCDtrain/train_020/mmhc21_1123.tif
88,215dd68a288c8bab94f8b1fd7228e36f,test,021,TUMMHCD-TEST-TRAIN/TUMMHCDtest/test_021/mmhc22_51.tif
88,215dd68a288c8bab94f8b1fd7228e36f,test,021,TUMMHCD-TEST-TRAIN/TUMMHCDtest/test_021/mmhc22_122.tif
89,73921e91f9519d6520edcd1383278d6a,test,021,TUMMHCD-TEST-TRAIN/TUMMHCDtest/test_021/mmhc22_161.tif
89,73921e91f9519d6520edcd1383278d6a,train,021,TUMMHCD-TEST-TRAIN/TUMMHCDtrain/train_021/mmhc22_332.tif
90,83a1843e938a3d15c1a5499017142e9d,test,022,TUMMHCD-TEST-TRAIN/TUMMHCDtest/test_022/mmhc23_1.tif
90,83a1843e938a3d15c1a5499017142e9d,train,022,TUMMHCD-TEST-TRAIN/TUMMHCDtrain/train_022/mmhc23_98.tif
91,6e08d98d1b3dbe0609198f3009c84b71,test,022,TUMMHCD-TEST-TRAIN/TUMMHCDtest/test_022/mmhc23_96.tif
91,6e08d98d1b3dbe0609198f3009c84b71,train,022,TUMMHCD-TEST-TRAIN/TUMMHCDtrain/train_022/mmhc23_491.tif
92,248968f14909b995e8ffab47f19fa82d,test,022,TUMMHCD-TEST-TRAIN/TUMMHCDtest/test_022/mmhc23_97.tif
92,248968f14909b995e8ffab47f19fa82d,train,022,TUMMHCD-TEST-TRAIN/TUMMHCDtrain/train_022/mmhc23_1196.tif
93,d8d6184c5ff190c3e9e8aa681cfe6fb2,test,023,TUMMHCD-TEST-TRAIN/TUMMHCDtest/test_023/mmhc24_86.tif
93,d8d6184c5ff190c3e9e8aa681cfe6fb2,train,023,TUMMHCD-TEST-TRAIN/TUMMHCDtrain/train_023/mmhc24_497.tif
94,ebc73ac91ab348394d1fe107dfe7d96f,test,023,TUMMHCD-TEST-TRAIN/TUMMHCDtest/test_023/mmhc24_87.tif
94,ebc73ac91ab348394d1fe107dfe7d96f,train,023,TUMMHCD-TEST-TRAIN/TUMMHCDtrain/train_023/mmhc24_474.tif
95,2e1260fc4d2e7c2c4c5f31874e349450,test,023,TUMMHCD-TEST-TRAIN/TUMMHCDtest/test_023/mmhc24_88.tif
95,2e1260fc4d2e7c2c4c5f31874e349450,train,023,TUMMHCD-TEST-TRAIN/TUMMHCDtrain/train_023/mmhc24_935.tif
96,7aad33009d08ab9deb399f8045806e6a,test,025,TUMMHCD-TEST-TRAIN/TUMMHCDtest/test_025/mmhc26_70.tif
96,7aad33009d08ab9deb399f8045806e6a,train,025,TUMMHCD-TEST-TRAIN/TUMMHCDtrain/train_025/mmhc26_133.tif
97,6d998c0a9f6a1aa55bc2147cb4d20b1b,test,025,TUMMHCD-TEST-TRAIN/TUMMHCDtest/test_025/mmhc26_71.tif
97,6d998c0a9f6a1aa55bc2147cb4d20b1b,train,025,TUMMHCD-TEST-TRAIN/TUMMHCDtrain/train_025/mmhc26_277.tif
98,2da737c8cb838dd8585785a2410da6ac,test,025,TUMMHCD-TEST-TRAIN/TUMMHCDtest/test_025/mmhc26_140.tif
98,2da737c8cb838dd8585785a2410da6ac,train,025,TUMMHCD-TEST-TRAIN/TUMMHCDtrain/train_025/mmhc26_719.tif
99,ffbcde840563ffad187359739c385b88,test,025,TUMMHCD-TEST-TRAIN/TUMMHCDtest/test_025/mmhc26_164.tif
99,ffbcde840563ffad187359739c385b88,train,025,TUMMHCD-TEST-TRAIN/TUMMHCDtrain/train_025/mmhc26_667.tif
100,7717daf2f48746077321af2586cc06ee,test,026,TUMMHCD-TEST-TRAIN/TUMMHCDtest/test_026/mmhc27_5.tif
100,7717daf2f48746077321af2586cc06ee,train,026,TUMMHCD-TEST-TRAIN/TUMMHCDtrain/train_026/mmhc27_350.tif
101,47c25d9c819cb2380e4b4f2967528691,test,026,TUMMHCD-TEST-TRAIN/TUMMHCDtest/test_026/mmhc27_131.tif
101,47c25d9c819cb2380e4b4f2967528691,train,026,TUMMHCD-TEST-TRAIN/TUMMHCDtrain/train_026/mmhc27_779.tif
102,ba14beeae1259d1ad187b12bedde5f2a,test,027,TUMMHCD-TEST-TRAIN/TUMMHCDtest/test_027/mmhc28_83.tif
102,ba14beeae1259d1ad187b12bedde5f2a,test,027,TUMMHCD-TEST-TRAIN/TUMMHCDtest/test_027/mmhc28_121.tif
103,7b1c0c185097328f84562b8f042b0706,test,028,TUMMHCD-TEST-TRAIN/TUMMHCDtest/test_028/mmhc29_75.tif
103,7b1c0c185097328f84562b8f042b0706,train,028,TUMMHCD-TEST-TRAIN/TUMMHCDtrain/train_028/mmhc29_1028.tif
104,f4b5b141c64af11f22004a05ba6f7977,test,028,TUMMHCD-TEST-TRAIN/TUMMHCDtest/test_028/mmhc29_76.tif
104,f4b5b141c64af11f22004a05ba6f7977,train,028,TUMMHCD-TEST-TRAIN/TUMMHCDtrain/train_028/mmhc29_140.tif
105,1cfb9207faff03b00d502932a2dbe7fe,test,028,TUMMHCD-TEST-TRAIN/TUMMHCDtest/test_028/mmhc29_128.tif
105,1cfb9207faff03b00d502932a2dbe7fe,train,028,TUMMHCD-TEST-TRAIN/TUMMHCDtrain/train_028/mmhc29_1065.tif
106,62e3d5effe0314c5f6db1c6fa2e58b4f,test,029,TUMMHCD-TEST-TRAIN/TUMMHCDtest/test_029/mmhc30_225.tif
106,62e3d5effe0314c5f6db1c6fa2e58b4f,train,029,TUMMHCD-TEST-TRAIN/TUMMHCDtrain/train_029/mmhc30_179.tif
107,32d82aa9301b2d021982a60583897653,test,029,TUMMHCD-TEST-TRAIN/TUMMHCDtest/test_029/mmhc30_226.tif
107,32d82aa9301b2d021982a60583897653,train,029,TUMMHCD-TEST-TRAIN/TUMMHCDtrain/train_029/mmhc30_906.tif
108,7cc089eb862021a08d085f186f7b9744,test,029,TUMMHCD-TEST-TRAIN/TUMMHCDtest/test_029/mmhc30_239.tif
108,7cc089eb862021a08d085f186f7b9744,train,029,TUMMHCD-TEST-TRAIN/TUMMHCDtrain/train_029/mmhc30_408.tif
109,488f8e932353346e44d0c7224391fb56,test,030,TUMMHCD-TEST-TRAIN/TUMMHCDtest/test_030/mmhc31_115.tif
109,488f8e932353346e44d0c7224391fb56,train,030,TUMMHCD-TEST-TRAIN/TUMMHCDtrain/train_030/mmhc31_1214.tif
110,262f8dbdb84bdbab34290f28e2f11c9b,test,031,TUMMHCD-TEST-TRAIN/TUMMHCDtest/test_031/mmhc32_62.tif
110,262f8dbdb84bdbab34290f28e2f11c9b,train,031,TUMMHCD-TEST-TRAIN/TUMMHCDtrain/train_031/mmhc32_232.tif
111,f7da98d51c8917007a909ec112847add,test,031,TUMMHCD-TEST-TRAIN/TUMMHCDtest/test_031/mmhc32_208.tif
111,f7da98d51c8917007a909ec112847add,train,031,TUMMHCD-TEST-TRAIN/TUMMHCDtrain/train_031/mmhc32_1274.tif
112,4257f278ab999f13529a6f0cf8dcde2d,test,032,TUMMHCD-TEST-TRAIN/TUMMHCDtest/test_032/mmhc33_2.tif
112,4257f278ab999f13529a6f0cf8dcde2d,train,032,TUMMHCD-TEST-TRAIN/TUMMHCDtrain/train_032/mmhc33_252.tif
113,15e6fbf76daba7f3ee5761d4f38f2ffa,test,032,TUMMHCD-TEST-TRAIN/TUMMHCDtest/test_032/mmhc33_3.tif
113,15e6fbf76daba7f3ee5761d4f38f2ffa,train,032,TUMMHCD-TEST-TRAIN/TUMMHCDtrain/train_032/mmhc33_1287.tif
114,714576a66a69c3c5f860e5285f9d961a,test,032,TUMMHCD-TEST-TRAIN/TUMMHCDtest/test_032/mmhc33_4.tif
114,714576a66a69c3c5f860e5285f9d961a,train,032,TUMMHCD-TEST-TRAIN/TUMMHCDtrain/train_032/mmhc33_30.tif
115,c99ae69974b4a45f42dceec89fd322f5,test,032,TUMMHCD-TEST-TRAIN/TUMMHCDtest/test_032/mmhc33_9.tif
115,c99ae69974b4a45f42dceec89fd322f5,train,032,TUMMHCD-TEST-TRAIN/TUMMHCDtrain/train_032/mmhc33_100.tif
116,e5e6c4ef87c46df34a79b8c4819ef1a6,test,032,TUMMHCD-TEST-TRAIN/TUMMHCDtest/test_032/mmhc33_70.tif
116,e5e6c4ef87c46df34a79b8c4819ef1a6,train,032,TUMMHCD-TEST-TRAIN/TUMMHCDtrain/train_032/mmhc33_865.tif
117,830ba9ee5a2881051f7ecde4199381e7,test,032,TUMMHCD-TEST-TRAIN/TUMMHCDtest/test_032/mmhc33_72.tif
117,830ba9ee5a2881051f7ecde4199381e7,train,032,TUMMHCD-TEST-TRAIN/TUMMHCDtrain/train_032/mmhc33_433.tif
118,e1531d226e0002f76bd337935f3c243a,test,032,TUMMHCD-TEST-TRAIN/TUMMHCDtest/test_032/mmhc33_75.tif
118,e1531d226e0002f76bd337935f3c243a,train,032,TUMMHCD-TEST-TRAIN/TUMMHCDtrain/train_032/mmhc33_319.tif
119,ff952c2bb0021181abdb83d8113395af,test,032,TUMMHCD-TEST-TRAIN/TUMMHCDtest/test_032/mmhc33_76.tif
119,ff952c2bb0021181abdb83d8113395af,train,032,TUMMHCD-TEST-TRAIN/TUMMHCDtrain/train_032/mmhc33_60.tif
120,56ffc0942638e3e9e28f11e1afa71313,test,032,TUMMHCD-TEST-TRAIN/TUMMHCDtest/test_032/mmhc33_77.tif
120,56ffc0942638e3e9e28f11e1afa71313,train,032,TUMMHCD-TEST-TRAIN/TUMMHCDtrain/train_032/mmhc33_465.tif
121,77560096933225a0ea881ce4c01e9f0f,test,032,TUMMHCD-TEST-TRAIN/TUMMHCDtest/test_032/mmhc33_78.tif
121,77560096933225a0ea881ce4c01e9f0f,train,032,TUMMHCD-TEST-TRAIN/TUMMHCDtrain/train_032/mmhc33_212.tif
122,d9dd92201c32e13db5fce1dd2c8bfabd,test,032,TUMMHCD-TEST-TRAIN/TUMMHCDtest/test_032/mmhc33_81.tif
122,d9dd92201c32e13db5fce1dd2c8bfabd,train,032,TUMMHCD-TEST-TRAIN/TUMMHCDtrain/train_032/mmhc33_1079.tif
123,9108ef256e4ac002b3a06195f2463dbb,test,032,TUMMHCD-TEST-TRAIN/TUMMHCDtest/test_032/mmhc33_82.tif
123,9108ef256e4ac002b3a06195f2463dbb,train,032,TUMMHCD-TEST-TRAIN/TUMMHCDtrain/train_032/mmhc33_595.tif
124,63514db2912b05d4f0d2eb839d980028,test,032,TUMMHCD-TEST-TRAIN/TUMMHCDtest/test_032/mmhc33_114.tif
124,63514db2912b05d4f0d2eb839d980028,train,032,TUMMHCD-TEST-TRAIN/TUMMHCDtrain/train_032/mmhc33_729.tif
125,84f35c357d755dcc2d2c3abc7a928442,test,032,TUMMHCD-TEST-TRAIN/TUMMHCDtest/test_032/mmhc33_115.tif
125,84f35c357d755dcc2d2c3abc7a928442,train,032,TUMMHCD-TEST-TRAIN/TUMMHCDtrain/train_032/mmhc33_722.tif
126,d90085c49d7dcf333594724a54e5d6e7,test,032,TUMMHCD-TEST-TRAIN/TUMMHCDtest/test_032/mmhc33_116.tif
126,d90085c49d7dcf333594724a54e5d6e7,train,032,TUMMHCD-TEST-TRAIN/TUMMHCDtrain/train_032/mmhc33_1148.tif
127,778acf60adcc22460dd61e215b5a1ea0,test,032,TUMMHCD-TEST-TRAIN/TUMMHCDtest/test_032/mmhc33_228.tif
127,778acf60adcc22460dd61e215b5a1ea0,train,032,TUMMHCD-TEST-TRAIN/TUMMHCDtrain/train_032/mmhc33_676.tif
128,9c0e1eceadd665d408118010acc5a2fb,test,032,TUMMHCD-TEST-TRAIN/TUMMHCDtest/test_032/mmhc33_229.tif
128,9c0e1eceadd665d408118010acc5a2fb,train,032,TUMMHCD-TEST-TRAIN/TUMMHCDtrain/train_032/mmhc33_169.tif
129,baff8fd9e4f51499bb9fcdb68b5fe647,test,032,TUMMHCD-TEST-TRAIN/TUMMHCDtest/test_032/mmhc33_230.tif
129,baff8fd9e4f51499bb9fcdb68b5fe647,train,032,TUMMHCD-TEST-TRAIN/TUMMHCDtrain/train_032/mmhc33_788.tif
130,575f18eb3ac2c495b80cc15323ebd03c,test,032,TUMMHCD-TEST-TRAIN/TUMMHCDtest/test_032/mmhc33_231.tif
130,575f18eb3ac2c495b80cc15323ebd03c,train,032,TUMMHCD-TEST-TRAIN/TUMMHCDtrain/train_032/mmhc33_502.tif
131,54649a8b65ff63d5225e83d9c201c210,test,033,TUMMHCD-TEST-TRAIN/TUMMHCDtest/test_033/mmhc34_50.tif
131,54649a8b65ff63d5225e83d9c201c210,test,033,TUMMHCD-TEST-TRAIN/TUMMHCDtest/test_033/mmhc34_52.tif
132,5c2e0f8151492fece8f93956ccab349b,test,033,TUMMHCD-TEST-TRAIN/TUMMHCDtest/test_033/mmhc34_51.tif
132,5c2e0f8151492fece8f93956ccab349b,test,033,TUMMHCD-TEST-TRAIN/TUMMHCDtest/test_033/mmhc34_53.tif
133,40d10d13778a85d3891a05284d46a541,test,034,TUMMHCD-TEST-TRAIN/TUMMHCDtest/test_034/mmhc35_73.tif
133,40d10d13778a85d3891a05284d46a541,train,034,TUMMHCD-TEST-TRAIN/TUMMHCDtrain/train_034/mmhc35_1391.tif
134,f187fa2ec08688f8094cb58c6230c142,test,034,TUMMHCD-TEST-TRAIN/TUMMHCDtest/test_034/mmhc35_137.tif
134,f187fa2ec08688f8094cb58c6230c142,train,034,TUMMHCD-TEST-TRAIN/TUMMHCDtrain/train_034/mmhc35_929.tif
135,e8ec856a884621c65c728c157ce367d7,test,036,TUMMHCD-TEST-TRAIN/TUMMHCDtest/test_036/mmhc37_97.tif
135,e8ec856a884621c65c728c157ce367d7,train,035,TUMMHCD-TEST-TRAIN/TUMMHCDtrain/train_035/mmhc36_266.tif
136,78e83dac293e664db833b6e0ff45446d,test,036,TUMMHCD-TEST-TRAIN/TUMMHCDtest/test_036/mmhc37_99.tif
136,78e83dac293e664db833b6e0ff45446d,test,036,TUMMHCD-TEST-TRAIN/TUMMHCDtest/test_036/mmhc37_143.tif
137,a40a1f4e4c2dd423b13bac2d2bb3a11b,test,036,TUMMHCD-TEST-TRAIN/TUMMHCDtest/test_036/mmhc37_100.tif
137,a40a1f4e4c2dd423b13bac2d2bb3a11b,train,036,TUMMHCD-TEST-TRAIN/TUMMHCDtrain/train_036/mmhc37_742.tif
138,b996253b7c929a6d4627ad967d77b148,test,037,TUMMHCD-TEST-TRAIN/TUMMHCDtest/test_037/mmhc38_36.tif
138,b996253b7c929a6d4627ad967d77b148,train,037,TUMMHCD-TEST-TRAIN/TUMMHCDtrain/train_037/mmhc38_326.tif
139,c6980fb9b534c43e4ef0a5c38392a635,test,037,TUMMHCD-TEST-TRAIN/TUMMHCDtest/test_037/mmhc38_209.tif
139,c6980fb9b534c43e4ef0a5c38392a635,train,037,TUMMHCD-TEST-TRAIN/TUMMHCDtrain/train_037/mmhc38_1133.tif
140,818dae215be12623965d56a8c6d3d262,test,037,TUMMHCD-TEST-TRAIN/TUMMHCDtest/test_037/mmhc38_210.tif
140,818dae215be12623965d56a8c6d3d262,train,037,TUMMHCD-TEST-TRAIN/TUMMHCDtrain/train_037/mmhc38_626.tif
141,a025b908edd774eef04c6cc4b1cfc685,test,038,TUMMHCD-TEST-TRAIN/TUMMHCDtest/test_038/mmhc39_98.tif
141,a025b908edd774eef04c6cc4b1cfc685,train,038,TUMMHCD-TEST-TRAIN/TUMMHCDtrain/train_038/mmhc39_284.tif
142,43e92849e8aa9678bf9ffff9e00c5965,test,038,TUMMHCD-TEST-TRAIN/TUMMHCDtest/test_038/mmhc39_172.tif
142,43e92849e8aa9678bf9ffff9e00c5965,test,038,TUMMHCD-TEST-TRAIN/TUMMHCDtest/test_038/mmhc39_188.tif
143,83378705dddec37a734273c3ec68a3ae,test,038,TUMMHCD-TEST-TRAIN/TUMMHCDtest/test_038/mmhc39_177.tif
143,83378705dddec37a734273c3ec68a3ae,train,038,TUMMHCD-TEST-TRAIN/TUMMHCDtrain/train_038/mmhc39_1176.tif
144,8142db0d8b71fc95f8f49c2a5337fb88,test,038,TUMMHCD-TEST-TRAIN/TUMMHCDtest/test_038/mmhc39_222.tif
144,8142db0d8b71fc95f8f49c2a5337fb88,train,038,TUMMHCD-TEST-TRAIN/TUMMHCDtrain/train_038/mmhc39_7.tif
145,4dd034920a511ad581bd6174067b6af8,test,039,TUMMHCD-TEST-TRAIN/TUMMHCDtest/test_039/mmhc40_125.tif
145,4dd034920a511ad581bd6174067b6af8,train,039,TUMMHCD-TEST-TRAIN/TUMMHCDtrain/train_039/mmhc40_196.tif
146,6ed0e2d2fee7fc6f39713a692f3567f2,test,039,TUMMHCD-TEST-TRAIN/TUMMHCDtest/test_039/mmhc40_198.tif
146,6ed0e2d2fee7fc6f39713a692f3567f2,test,039,TUMMHCD-TEST-TRAIN/TUMMHCDtest/test_039/mmhc40_217.tif
147,5c7e8f996a2b7c2995e7c0cc85cefcda,test,039,TUMMHCD-TEST-TRAIN/TUMMHCDtest/test_039/mmhc40_200.tif
147,5c7e8f996a2b7c2995e7c0cc85cefcda,train,039,TUMMHCD-TEST-TRAIN/TUMMHCDtrain/train_039/mmhc40_655.tif
148,24b1fe0a37bb756999dea6bb29324ff3,test,039,TUMMHCD-TEST-TRAIN/TUMMHCDtest/test_039/mmhc40_219.tif
148,24b1fe0a37bb756999dea6bb29324ff3,train,039,TUMMHCD-TEST-TRAIN/TUMMHCDtrain/train_039/mmhc40_596.tif
149,7498d944fdce3e53be6eda1511aa5a47,test,041,TUMMHCD-TEST-TRAIN/TUMMHCDtest/test_041/mmhc42_176.tif
149,7498d944fdce3e53be6eda1511aa5a47,train,041,TUMMHCD-TEST-TRAIN/TUMMHCDtrain/train_041/mmhc42_798.tif
150,02b6d643c6b876e4cbb47b9c551835a2,test,042,TUMMHCD-TEST-TRAIN/TUMMHCDtest/test_042/mmhc43_131.tif
150,02b6d643c6b876e4cbb47b9c551835a2,train,042,TUMMHCD-TEST-TRAIN/TUMMHCDtrain/train_042/mmhc43_760.tif
151,456883f8cb04106dc523b8dc2e56891a,test,042,TUMMHCD-TEST-TRAIN/TUMMHCDtest/test_042/mmhc43_182.tif
151,456883f8cb04106dc523b8dc2e56891a,train,042,TUMMHCD-TEST-TRAIN/TUMMHCDtrain/train_042/mmhc43_668.tif
152,d957267825c8a0ad43e7bd4807f9aa78,test,042,TUMMHCD-TEST-TRAIN/TUMMHCDtest/test_042/mmhc43_196.tif
152,d957267825c8a0ad43e7bd4807f9aa78,train,042,TUMMHCD-TEST-TRAIN/TUMMHCDtrain/train_042/mmhc43_948.tif
153,24191c68f121868e7c1e3b8e4921bc22,test,043,TUMMHCD-TEST-TRAIN/TUMMHCDtest/test_043/mmhc44_30.tif
153,24191c68f121868e7c1e3b8e4921bc22,train,043,TUMMHCD-TEST-TRAIN/TUMMHCDtrain/train_043/mmhc44_810.tif
154,749450b2adcf1948f01a13c33cfa4a89,test,043,TUMMHCD-TEST-TRAIN/TUMMHCDtest/test_043/mmhc44_186.tif
154,749450b2adcf1948f01a13c33cfa4a89,train,043,TUMMHCD-TEST-TRAIN/TUMMHCDtrain/train_043/mmhc44_1208.tif
155,59278af8b120ec14752b2935bad38623,test,045,TUMMHCD-TEST-TRAIN/TUMMHCDtest/test_045/mmhc46_3.tif
155,59278af8b120ec14752b2935bad38623,train,045,TUMMHCD-TEST-TRAIN/TUMMHCDtrain/train_045/mmhc46_700.tif
156,3db106690596f383f46efd3f3efd65fb,test,045,TUMMHCD-TEST-TRAIN/TUMMHCDtest/test_045/mmhc46_14.tif
156,3db106690596f383f46efd3f3efd65fb,train,045,TUMMHCD-TEST-TRAIN/TUMMHCDtrain/train_045/mmhc46_799.tif
157,7dc8858e4befe2d6958a1b4e5adbb8f9,test,045,TUMMHCD-TEST-TRAIN/TUMMHCDtest/test_045/mmhc46_19.tif
157,7dc8858e4befe2d6958a1b4e5adbb8f9,test,045,TUMMHCD-TEST-TRAIN/TUMMHCDtest/test_045/mmhc46_199.tif
158,6077ee492528c468829b8b46831b8cb9,test,045,TUMMHCD-TEST-TRAIN/TUMMHCDtest/test_045/mmhc46_20.tif
158,6077ee492528c468829b8b46831b8cb9,train,045,TUMMHCD-TEST-TRAIN/TUMMHCDtrain/train_045/mmhc46_195.tif
159,ceea7dbd72c6524e1c8b27a0382032be,test,045,TUMMHCD-TEST-TRAIN/TUMMHCDtest/test_045/mmhc46_21.tif
159,ceea7dbd72c6524e1c8b27a0382032be,train,045,TUMMHCD-TEST-TRAIN/TUMMHCDtrain/train_045/mmhc46_676.tif
160,d76c8b51e8ea0d3b4f0479b67cb9ea2f,test,045,TUMMHCD-TEST-TRAIN/TUMMHCDtest/test_045/mmhc46_22.tif
160,d76c8b51e8ea0d3b4f0479b67cb9ea2f,train,045,TUMMHCD-TEST-TRAIN/TUMMHCDtrain/train_045/mmhc46_892.tif
161,cca75ea640e818e1ba377e05a7aee9c7,test,045,TUMMHCD-TEST-TRAIN/TUMMHCDtest/test_045/mmhc46_24.tif
161,cca75ea640e818e1ba377e05a7aee9c7,test,045,TUMMHCD-TEST-TRAIN/TUMMHCDtest/test_045/mmhc46_200.tif
162,aa6ef9ceae309665006244db64d848c9,test,045,TUMMHCD-TEST-TRAIN/TUMMHCDtest/test_045/mmhc46_25.tif
162,aa6ef9ceae309665006244db64d848c9,test,045,TUMMHCD-TEST-TRAIN/TUMMHCDtest/test_045/mmhc46_127.tif
163,2922b2823dd973b247df46e51f1ae6be,test,045,TUMMHCD-TEST-TRAIN/TUMMHCDtest/test_045/mmhc46_26.tif
163,2922b2823dd973b247df46e51f1ae6be,train,045,TUMMHCD-TEST-TRAIN/TUMMHCDtrain/train_045/mmhc46_875.tif
164,8b0fef6495b6a99c3528e3184a8bbd6c,test,045,TUMMHCD-TEST-TRAIN/TUMMHCDtest/test_045/mmhc46_27.tif
164,8b0fef6495b6a99c3528e3184a8bbd6c,train,045,TUMMHCD-TEST-TRAIN/TUMMHCDtrain/train_045/mmhc46_1004.tif
165,654c7da8940c7b4afc1acd33804b6880,test,045,TUMMHCD-TEST-TRAIN/TUMMHCDtest/test_045/mmhc46_28.tif
165,654c7da8940c7b4afc1acd33804b6880,train,045,TUMMHCD-TEST-TRAIN/TUMMHCDtrain/train_045/mmhc46_563.tif
166,cf70f7960a1305779b796c1af169556d,test,045,TUMMHCD-TEST-TRAIN/TUMMHCDtest/test_045/mmhc46_30.tif
166,cf70f7960a1305779b796c1af169556d,test,045,TUMMHCD-TEST-TRAIN/TUMMHCDtest/test_045/mmhc46_206.tif
167,42dbf558de916b50de7388280df08e6c,test,045,TUMMHCD-TEST-TRAIN/TUMMHCDtest/test_045/mmhc46_31.tif
167,42dbf558de916b50de7388280df08e6c,train,045,TUMMHCD-TEST-TRAIN/TUMMHCDtrain/train_045/mmhc46_478.tif
168,1598347cbaec07eeb2f2a35f055bcd96,test,045,TUMMHCD-TEST-TRAIN/TUMMHCDtest/test_045/mmhc46_32.tif
168,1598347cbaec07eeb2f2a35f055bcd96,train,045,TUMMHCD-TEST-TRAIN/TUMMHCDtrain/train_045/mmhc46_1188.tif
169,6bb65a56338d38bf9f2f595f715e8930,test,045,TUMMHCD-TEST-TRAIN/TUMMHCDtest/test_045/mmhc46_33.tif
169,6bb65a56338d38bf9f2f595f715e8930,train,045,TUMMHCD-TEST-TRAIN/TUMMHCDtrain/train_045/mmhc46_340.tif
170,fab9748a7b33b7ab82be0b73b92a433b,test,045,TUMMHCD-TEST-TRAIN/TUMMHCDtest/test_045/mmhc46_35.tif
170,fab9748a7b33b7ab82be0b73b92a433b,test,045,TUMMHCD-TEST-TRAIN/TUMMHCDtest/test_045/mmhc46_215.tif
171,24bbf68620c267d5dc973cdf463731a3,test,045,TUMMHCD-TEST-TRAIN/TUMMHCDtest/test_045/mmhc46_40.tif
171,24bbf68620c267d5dc973cdf463731a3,train,045,TUMMHCD-TEST-TRAIN/TUMMHCDtrain/train_045/mmhc46_504.tif
172,477151a04beed729a451cc72b521966e,test,045,TUMMHCD-TEST-TRAIN/TUMMHCDtest/test_045/mmhc46_50.tif
172,477151a04beed729a451cc72b521966e,train,045,TUMMHCD-TEST-TRAIN/TUMMHCDtrain/train_045/mmhc46_1256.tif
173,f922c227c822c03f56e61507ca9e0982,test,045,TUMMHCD-TEST-TRAIN/TUMMHCDtest/test_045/mmhc46_53.tif
173,f922c227c822c03f56e61507ca9e0982,train,045,TUMMHCD-TEST-TRAIN/TUMMHCDtrain/train_045/mmhc46_620.tif
174,0620cfc86972c8ddfc7f579cc043b9a7,test,045,TUMMHCD-TEST-TRAIN/TUMMHCDtest/test_045/mmhc46_55.tif
174,0620cfc86972c8ddfc7f579cc043b9a7,train,045,TUMMHCD-TEST-TRAIN/TUMMHCDtrain/train_045/mmhc46_578.tif
175,c122975794df8fa1dea1c3ffa918a7d2,test,045,TUMMHCD-TEST-TRAIN/TUMMHCDtest/test_045/mmhc46_65.tif
175,c122975794df8fa1dea1c3ffa918a7d2,train,045,TUMMHCD-TEST-TRAIN/TUMMHCDtrain/train_045/mmhc46_680.tif
176,0ec5644cb394440a312790b16f4b391d,test,045,TUMMHCD-TEST-TRAIN/TUMMHCDtest/test_045/mmhc46_70.tif
176,0ec5644cb394440a312790b16f4b391d,train,045,TUMMHCD-TEST-TRAIN/TUMMHCDtrain/train_045/mmhc46_1007.tif
177,d36d4e3d5bd2df10d23ed1f929b88e00,test,045,TUMMHCD-TEST-TRAIN/TUMMHCDtest/test_045/mmhc46_77.tif
177,d36d4e3d5bd2df10d23ed1f929b88e00,test,045,TUMMHCD-TEST-TRAIN/TUMMHCDtest/test_045/mmhc46_222.tif
178,c6fb9371a4b1660e5835a3737b7d5871,test,045,TUMMHCD-TEST-TRAIN/TUMMHCDtest/test_045/mmhc46_111.tif
178,c6fb9371a4b1660e5835a3737b7d5871,train,045,TUMMHCD-TEST-TRAIN/TUMMHCDtrain/train_045/mmhc46_772.tif
179,6b7b36b96114c23e1f2ffe4478e33b07,test,045,TUMMHCD-TEST-TRAIN/TUMMHCDtest/test_045/mmhc46_113.tif
179,6b7b36b96114c23e1f2ffe4478e33b07,train,045,TUMMHCD-TEST-TRAIN/TUMMHCDtrain/train_045/mmhc46_424.tif
180,fb7114a3710206aba78ddd46f0a8c66d,test,045,TUMMHCD-TEST-TRAIN/TUMMHCDtest/test_045/mmhc46_117.tif
180,fb7114a3710206aba78ddd46f0a8c66d,train,045,TUMMHCD-TEST-TRAIN/TUMMHCDtrain/train_045/mmhc46_41.tif
181,5bf01dd016c2a4e4da093c3126013040,test,045,TUMMHCD-TEST-TRAIN/TUMMHCDtest/test_045/mmhc46_121.tif
181,5bf01dd016c2a4e4da093c3126013040,train,045,TUMMHCD-TEST-TRAIN/TUMMHCDtrain/train_045/mmhc46_1198.tif
182,8310c93d83d6ff4292af28e466961096,test,045,TUMMHCD-TEST-TRAIN/TUMMHCDtest/test_045/mmhc46_140.tif
182,8310c93d83d6ff4292af28e466961096,train,045,TUMMHCD-TEST-TRAIN/TUMMHCDtrain/train_045/mmhc46_550.tif
183,fa494b895d813e7ac05f37744d471e7e,test,045,TUMMHCD-TEST-TRAIN/TUMMHCDtest/test_045/mmhc46_153.tif
183,fa494b895d813e7ac05f37744d471e7e,train,045,TUMMHCD-TEST-TRAIN/TUMMHCDtrain/train_045/mmhc46_715.tif
184,5d2effc25875c8955fe180971c242eaa,test,045,TUMMHCD-TEST-TRAIN/TUMMHCDtest/test_045/mmhc46_160.tif
184,5d2effc25875c8955fe180971c242eaa,train,045,TUMMHCD-TEST-TRAIN/TUMMHCDtrain/train_045/mmhc46_338.tif
185,453ce5e62fce9b1f5e1caaef68b93b85,test,045,TUMMHCD-TEST-TRAIN/TUMMHCDtest/test_045/mmhc46_162.tif
185,453ce5e62fce9b1f5e1caaef68b93b85,test,045,TUMMHCD-TEST-TRAIN/TUMMHCDtest/test_045/mmhc46_186.tif
186,f32fc6f3f941dd2bb8e694734cd3528e,test,045,TUMMHCD-TEST-TRAIN/TUMMHCDtest/test_045/mmhc46_163.tif
186,f32fc6f3f941dd2bb8e694734cd3528e,train,045,TUMMHCD-TEST-TRAIN/TUMMHCDtrain/train_045/mmhc46_341.tif
187,d1ce3cc1cbfdae8583148dd8d307e4a3,test,045,TUMMHCD-TEST-TRAIN/TUMMHCDtest/test_045/mmhc46_164.tif
187,d1ce3cc1cbfdae8583148dd8d307e4a3,test,045,TUMMHCD-TEST-TRAIN/TUMMHCDtest/test_045/mmhc46_180.tif
188,6026a5c6ed85d9ff0c5b5874bf2d6d23,test,045,TUMMHCD-TEST-TRAIN/TUMMHCDtest/test_045/mmhc46_165.tif
188,6026a5c6ed85d9ff0c5b5874bf2d6d23,train,045,TUMMHCD-TEST-TRAIN/TUMMHCDtrain/train_045/mmhc46_847.tif
189,5aac40b8827ed9a744a08ddc8edecc09,test,045,TUMMHCD-TEST-TRAIN/TUMMHCDtest/test_045/mmhc46_166.tif
189,5aac40b8827ed9a744a08ddc8edecc09,test,045,TUMMHCD-TEST-TRAIN/TUMMHCDtest/test_045/mmhc46_210.tif
190,a0878821db7d63046b13308eef47b941,test,045,TUMMHCD-TEST-TRAIN/TUMMHCDtest/test_045/mmhc46_172.tif
190,a0878821db7d63046b13308eef47b941,test,045,TUMMHCD-TEST-TRAIN/TUMMHCDtest/test_045/mmhc46_196.tif
191,c7e5c9f4da231c5395e51a3ec5e13a8b,test,045,TUMMHCD-TEST-TRAIN/TUMMHCDtest/test_045/mmhc46_181.tif
191,c7e5c9f4da231c5395e51a3ec5e13a8b,train,045,TUMMHCD-TEST-TRAIN/TUMMHCDtrain/train_045/mmhc46_735.tif
192,b85a1d8a5a57bac819fbbc32415bfcfa,test,045,TUMMHCD-TEST-TRAIN/TUMMHCDtest/test_045/mmhc46_182.tif
192,b85a1d8a5a57bac819fbbc32415bfcfa,train,045,TUMMHCD-TEST-TRAIN/TUMMHCDtrain/train_045/mmhc46_880.tif
193,538f82421d81bea8b1a99fbdf35f2bc0,test,045,TUMMHCD-TEST-TRAIN/TUMMHCDtest/test_045/mmhc46_183.tif
193,538f82421d81bea8b1a99fbdf35f2bc0,train,045,TUMMHCD-TEST-TRAIN/TUMMHCDtrain/train_045/mmhc46_182.tif
194,2ef0c0261ab207f72dc7ca081513d2c2,test,045,TUMMHCD-TEST-TRAIN/TUMMHCDtest/test_045/mmhc46_184.tif
194,2ef0c0261ab207f72dc7ca081513d2c2,train,045,TUMMHCD-TEST-TRAIN/TUMMHCDtrain/train_045/mmhc46_16.tif
195,89bcf705a1c9fa7a4f3115bb58cc8ef9,test,045,TUMMHCD-TEST-TRAIN/TUMMHCDtest/test_045/mmhc46_185.tif
195,89bcf705a1c9fa7a4f3115bb58cc8ef9,train,045,TUMMHCD-TEST-TRAIN/TUMMHCDtrain/train_045/mmhc46_301.tif
196,044617892b02989e5766c4c961f02c7b,test,045,TUMMHCD-TEST-TRAIN/TUMMHCDtest/test_045/mmhc46_187.tif
196,044617892b02989e5766c4c961f02c7b,train,045,TUMMHCD-TEST-TRAIN/TUMMHCDtrain/train_045/mmhc46_202.tif
197,f537ae1e172bb5eb33a8efd602edaad2,test,045,TUMMHCD-TEST-TRAIN/TUMMHCDtest/test_045/mmhc46_188.tif
197,f537ae1e172bb5eb33a8efd602edaad2,train,045,TUMMHCD-TEST-TRAIN/TUMMHCDtrain/train_045/mmhc46_468.tif
198,03d8e16463d878bf1531127d5088149c,test,045,TUMMHCD-TEST-TRAIN/TUMMHCDtest/test_045/mmhc46_189.tif
198,03d8e16463d878bf1531127d5088149c,train,045,TUMMHCD-TEST-TRAIN/TUMMHCDtrain/train_045/mmhc46_588.tif
199,0fc731d0fc88bc24da7c1fd88e5d1e72,test,045,TUMMHCD-TEST-TRAIN/TUMMHCDtest/test_045/mmhc46_190.tif
199,0fc731d0fc88bc24da7c1fd88e5d1e72,train,045,TUMMHCD-TEST-TRAIN/TUMMHCDtrain/train_045/mmhc46_1053.tif
200,bcf6c463cb20153175b35755333185ea,test,045,TUMMHCD-TEST-TRAIN/TUMMHCDtest/test_045/mmhc46_191.tif
200,bcf6c463cb20153175b35755333185ea,train,045,TUMMHCD-TEST-TRAIN/TUMMHCDtrain/train_045/mmhc46_541.tif
201,824d74db265d4648ada79423489c2a59,test,045,TUMMHCD-TEST-TRAIN/TUMMHCDtest/test_045/mmhc46_192.tif
201,824d74db265d4648ada79423489c2a59,train,045,TUMMHCD-TEST-TRAIN/TUMMHCDtrain/train_045/mmhc46_537.tif
202,22be0b6a3040f5b314f4325d3c46cb66,test,045,TUMMHCD-TEST-TRAIN/TUMMHCDtest/test_045/mmhc46_193.tif
202,22be0b6a3040f5b314f4325d3c46cb66,train,045,TUMMHCD-TEST-TRAIN/TUMMHCDtrain/train_045/mmhc46_1068.tif
203,44f34effd62eeb6df13a8ad54a66cefd,test,045,TUMMHCD-TEST-TRAIN/TUMMHCDtest/test_045/mmhc46_194.tif
203,44f34effd62eeb6df13a8ad54a66cefd,train,045,TUMMHCD-TEST-TRAIN/TUMMHCDtrain/train_045/mmhc46_254.tif
204,8f9c0af478ef52330955b82eed29c923,test,045,TUMMHCD-TEST-TRAIN/TUMMHCDtest/test_045/mmhc46_195.tif
204,8f9c0af478ef52330955b82eed29c923,train,045,TUMMHCD-TEST-TRAIN/TUMMHCDtrain/train_045/mmhc46_975.tif
205,96ecf25e06fbc224f13a69f13aa7533a,test,045,TUMMHCD-TEST-TRAIN/TUMMHCDtest/test_045/mmhc46_197.tif
205,96ecf25e06fbc224f13a69f13aa7533a,train,045,TUMMHCD-TEST-TRAIN/TUMMHCDtrain/train_045/mmhc46_1075.tif
206,86465c411af78ebf96179a2e34a15c38,test,045,TUMMHCD-TEST-TRAIN/TUMMHCDtest/test_045/mmhc46_198.tif
206,86465c411af78ebf96179a2e34a15c38,train,045,TUMMHCD-TEST-TRAIN/TUMMHCDtrain/train_045/mmhc46_266.tif
207,a9eb4d4d67fd32e50ceb39af455294bb,test,045,TUMMHCD-TEST-TRAIN/TUMMHCDtest/test_045/mmhc46_201.tif
207,a9eb4d4d67fd32e50ceb39af455294bb,train,045,TUMMHCD-TEST-TRAIN/TUMMHCDtrain/train_045/mmhc46_797.tif
208,3f6354025f6cfc55e7f30f46ab65f2a7,test,045,TUMMHCD-TEST-TRAIN/TUMMHCDtest/test_045/mmhc46_202.tif
208,3f6354025f6cfc55e7f30f46ab65f2a7,train,045,TUMMHCD-TEST-TRAIN/TUMMHCDtrain/train_045/mmhc46_383.tif
209,9185de6cea70627d97d1467053fd8514,test,045,TUMMHCD-TEST-TRAIN/TUMMHCDtest/test_045/mmhc46_203.tif
209,9185de6cea70627d97d1467053fd8514,train,045,TUMMHCD-TEST-TRAIN/TUMMHCDtrain/train_045/mmhc46_1271.tif
210,cf9795ce78e1a33e6635289180079c67,test,045,TUMMHCD-TEST-TRAIN/TUMMHCDtest/test_045/mmhc46_204.tif
210,cf9795ce78e1a33e6635289180079c67,train,045,TUMMHCD-TEST-TRAIN/TUMMHCDtrain/train_045/mmhc46_1054.tif
211,243c3886f5fe926b15e3ce7cb81b542a,test,045,TUMMHCD-TEST-TRAIN/TUMMHCDtest/test_045/mmhc46_205.tif
211,243c3886f5fe926b15e3ce7cb81b542a,train,045,TUMMHCD-TEST-TRAIN/TUMMHCDtrain/train_045/mmhc46_1002.tif
212,6745d808b5ab13432a8cd78157ffa170,test,045,TUMMHCD-TEST-TRAIN/TUMMHCDtest/test_045/mmhc46_207.tif
212,6745d808b5ab13432a8cd78157ffa170,train,045,TUMMHCD-TEST-TRAIN/TUMMHCDtrain/train_045/mmhc46_710.tif
213,3da288273c81dc3bdc51d328b7cef342,test,045,TUMMHCD-TEST-TRAIN/TUMMHCDtest/test_045/mmhc46_208.tif
213,3da288273c81dc3bdc51d328b7cef342,train,045,TUMMHCD-TEST-TRAIN/TUMMHCDtrain/train_045/mmhc46_1182.tif
214,cd066baf448c733a26e3689b74fe87d0,test,045,TUMMHCD-TEST-TRAIN/TUMMHCDtest/test_045/mmhc46_209.tif
214,cd066baf448c733a26e3689b74fe87d0,train,045,TUMMHCD-TEST-TRAIN/TUMMHCDtrain/train_045/mmhc46_208.tif
215,49c26beae69c1fdb05e1d38f7a858d1b,test,045,TUMMHCD-TEST-TRAIN/TUMMHCDtest/test_045/mmhc46_211.tif
215,49c26beae69c1fdb05e1d38f7a858d1b,train,045,TUMMHCD-TEST-TRAIN/TUMMHCDtrain/train_045/mmhc46_32.tif
216,225dc062145cbb054fc95dd579cf1bca,test,045,TUMMHCD-TEST-TRAIN/TUMMHCDtest/test_045/mmhc46_212.tif
216,225dc062145cbb054fc95dd579cf1bca,train,045,TUMMHCD-TEST-TRAIN/TUMMHCDtrain/train_045/mmhc46_227.tif
217,0de81d0cf0ae546df53f578872cec5ed,test,045,TUMMHCD-TEST-TRAIN/TUMMHCDtest/test_045/mmhc46_213.tif
217,0de81d0cf0ae546df53f578872cec5ed,train,045,TUMMHCD-TEST-TRAIN/TUMMHCDtrain/train_045/mmhc46_1179.tif
218,a19211a3fbdecd0dbe5c0cec06d39ec7,test,045,TUMMHCD-TEST-TRAIN/TUMMHCDtest/test_045/mmhc46_214.tif
218,a19211a3fbdecd0dbe5c0cec06d39ec7,train,045,TUMMHCD-TEST-TRAIN/TUMMHCDtrain/train_045/mmhc46_313.tif
219,66a5add2a8b14e17456b6810c81f0a43,test,045,TUMMHCD-TEST-TRAIN/TUMMHCDtest/test_045/mmhc46_216.tif
219,66a5add2a8b14e17456b6810c81f0a43,train,045,TUMMHCD-TEST-TRAIN/TUMMHCDtrain/train_045/mmhc46_431.tif
220,37bb0f3e4fa19f8b1560270ba406500c,test,045,TUMMHCD-TEST-TRAIN/TUMMHCDtest/test_045/mmhc46_217.tif
220,37bb0f3e4fa19f8b1560270ba406500c,train,045,TUMMHCD-TEST-TRAIN/TUMMHCDtrain/train_045/mmhc46_609.tif
221,5a708553c8bf394e6be2e0f81d00a0f8,test,045,TUMMHCD-TEST-TRAIN/TUMMHCDtest/test_045/mmhc46_218.tif
221,5a708553c8bf394e6be2e0f81d00a0f8,train,045,TUMMHCD-TEST-TRAIN/TUMMHCDtrain/train_045/mmhc46_1014.tif
222,2d5bf79fde8e490ce909e46d86fbc8bf,test,045,TUMMHCD-TEST-TRAIN/TUMMHCDtest/test_045/mmhc46_219.tif
222,2d5bf79fde8e490ce909e46d86fbc8bf,train,045,TUMMHCD-TEST-TRAIN/TUMMHCDtrain/train_045/mmhc46_286.tif
223,23ab8d11ff66e77bd80b427efbe526c2,test,045,TUMMHCD-TEST-TRAIN/TUMMHCDtest/test_045/mmhc46_220.tif
223,23ab8d11ff66e77bd80b427efbe526c2,train,045,TUMMHCD-TEST-TRAIN/TUMMHCDtrain/train_045/mmhc46_466.tif
224,8006cf46d24fee38d279305a426345c0,test,045,TUMMHCD-TEST-TRAIN/TUMMHCDtest/test_045/mmhc46_221.tif
224,8006cf46d24fee38d279305a426345c0,train,045,TUMMHCD-TEST-TRAIN/TUMMHCDtrain/train_045/mmhc46_606.tif
225,03f2e8009ac2eda4a304581437727047,test,045,TUMMHCD-TEST-TRAIN/TUMMHCDtest/test_045/mmhc46_223.tif
225,03f2e8009ac2eda4a304581437727047,train,045,TUMMHCD-TEST-TRAIN/TUMMHCDtrain/train_045/mmhc46_214.tif
226,0d0f4578b0637997d7e890a9fcdea567,test,045,TUMMHCD-TEST-TRAIN/TUMMHCDtest/test_045/mmhc46_224.tif
226,0d0f4578b0637997d7e890a9fcdea567,train,045,TUMMHCD-TEST-TRAIN/TUMMHCDtrain/train_045/mmhc46_877.tif
227,a3ebaf384e0b5f12cf0cfb424d59d7f6,test,045,TUMMHCD-TEST-TRAIN/TUMMHCDtest/test_045/mmhc46_225.tif
227,a3ebaf384e0b5f12cf0cfb424d59d7f6,train,045,TUMMHCD-TEST-TRAIN/TUMMHCDtrain/train_045/mmhc46_30.tif
228,dd66a6c15dcc31bdaffd39b8b55b1eba,test,046,TUMMHCD-TEST-TRAIN/TUMMHCDtest/test_046/mmhc47_195.tif
228,dd66a6c15dcc31bdaffd39b8b55b1eba,train,046,TUMMHCD-TEST-TRAIN/TUMMHCDtrain/train_046/mmhc47_963.tif
229,94400f2e0e78c2711d260ef91e8a8264,test,047,TUMMHCD-TEST-TRAIN/TUMMHCDtest/test_047/mmhc48_53.tif
229,94400f2e0e78c2711d260ef91e8a8264,train,047,TUMMHCD-TEST-TRAIN/TUMMHCDtrain/train_047/mmhc48_258.tif
230,2d30b7cb38a9f00d0d4516ac8bf06ea6,test,048,TUMMHCD-TEST-TRAIN/TUMMHCDtest/test_048/mmhc49_5.tif
230,2d30b7cb38a9f00d0d4516ac8bf06ea6,train,048,TUMMHCD-TEST-TRAIN/TUMMHCDtrain/train_048/mmhc49_723.tif
231,2d8b438e4c0c66bdedde2e5dbeecf07d,test,048,TUMMHCD-TEST-TRAIN/TUMMHCDtest/test_048/mmhc49_15.tif
231,2d8b438e4c0c66bdedde2e5dbeecf07d,train,048,TUMMHCD-TEST-TRAIN/TUMMHCDtrain/train_048/mmhc49_1147.tif
232,1218149b8f9c1b95432bc76bc6e14d75,test,048,TUMMHCD-TEST-TRAIN/TUMMHCDtest/test_048/mmhc49_16.tif
232,1218149b8f9c1b95432bc76bc6e14d75,train,048,TUMMHCD-TEST-TRAIN/TUMMHCDtrain/train_048/mmhc49_1117.tif
233,92bc7572fbe4b424e61cdd798c58418c,test,048,TUMMHCD-TEST-TRAIN/TUMMHCDtest/test_048/mmhc49_17.tif
233,92bc7572fbe4b424e61cdd798c58418c,train,048,TUMMHCD-TEST-TRAIN/TUMMHCDtrain/train_048/mmhc49_1103.tif
234,df5269167324f6b0d6964bf1bcce1743,test,048,TUMMHCD-TEST-TRAIN/TUMMHCDtest/test_048/mmhc49_18.tif
234,df5269167324f6b0d6964bf1bcce1743,test,048,TUMMHCD-TEST-TRAIN/TUMMHCDtest/test_048/mmhc49_169.tif
235,8638f93656dd3c6880f1da532213ca7d,test,048,TUMMHCD-TEST-TRAIN/TUMMHCDtest/test_048/mmhc49_19.tif
235,8638f93656dd3c6880f1da532213ca7d,train,048,TUMMHCD-TEST-TRAIN/TUMMHCDtrain/train_048/mmhc49_368.tif
236,e6c185980c6cbb41ab1bbafdd294a5bc,test,048,TUMMHCD-TEST-TRAIN/TUMMHCDtest/test_048/mmhc49_20.tif
236,e6c185980c6cbb41ab1bbafdd294a5bc,train,048,TUMMHCD-TEST-TRAIN/TUMMHCDtrain/train_048/mmhc49_1150.tif
237,48cfb9203562078aade8841400b01320,test,048,TUMMHCD-TEST-TRAIN/TUMMHCDtest/test_048/mmhc49_21.tif
237,48cfb9203562078aade8841400b01320,train,048,TUMMHCD-TEST-TRAIN/TUMMHCDtrain/train_048/mmhc49_235.tif
238,aef1975bfc4ab5a1e499ff9557cec635,test,048,TUMMHCD-TEST-TRAIN/TUMMHCDtest/test_048/mmhc49_22.tif
238,aef1975bfc4ab5a1e499ff9557cec635,test,048,TUMMHCD-TEST-TRAIN/TUMMHCDtest/test_048/mmhc49_172.tif
239,5feec639016e03c1026cb5a32414064b,test,048,TUMMHCD-TEST-TRAIN/TUMMHCDtest/test_048/mmhc49_28.tif
239,5feec639016e03c1026cb5a32414064b,train,048,TUMMHCD-TEST-TRAIN/TUMMHCDtrain/train_048/mmhc49_959.tif
240,a5df823dce74b2b44df874fb5251b5aa,test,048,TUMMHCD-TEST-TRAIN/TUMMHCDtest/test_048/mmhc49_31.tif
240,a5df823dce74b2b44df874fb5251b5aa,test,048,TUMMHCD-TEST-TRAIN/TUMMHCDtest/test_048/mmhc49_207.tif
241,10323da80dc61dd9efa40cf24a8b91e8,test,048,TUMMHCD-TEST-TRAIN/TUMMHCDtest/test_048/mmhc49_56.tif
241,10323da80dc61dd9efa40cf24a8b91e8,train,048,TUMMHCD-TEST-TRAIN/TUMMHCDtrain/train_048/mmhc49_594.tif
242,f54fa6e342137cc0ecb573c1dd65fbad,test,048,TUMMHCD-TEST-TRAIN/TUMMHCDtest/test_048/mmhc49_72.tif
242,f54fa6e342137cc0ecb573c1dd65fbad,train,048,TUMMHCD-TEST-TRAIN/TUMMHCDtrain/train_048/mmhc49_934.tif
243,0ebebc7e9a942ab3dad5362aceab082f,test,048,TUMMHCD-TEST-TRAIN/TUMMHCDtest/test_048/mmhc49_74.tif
243,0ebebc7e9a942ab3dad5362aceab082f,train,048,TUMMHCD-TEST-TRAIN/TUMMHCDtrain/train_048/mmhc49_1040.tif
244,501d236e7f89d503db4ad3b4d53dc3ff,test,048,TUMMHCD-TEST-TRAIN/TUMMHCDtest/test_048/mmhc49_81.tif
244,501d236e7f89d503db4ad3b4d53dc3ff,train,048,TUMMHCD-TEST-TRAIN/TUMMHCDtrain/train_048/mmhc49_854.tif
245,31a10a008b9f3d9db1021658069b5c34,test,048,TUMMHCD-TEST-TRAIN/TUMMHCDtest/test_048/mmhc49_95.tif
245,31a10a008b9f3d9db1021658069b5c34,train,048,TUMMHCD-TEST-TRAIN/TUMMHCDtrain/train_048/mmhc49_11.tif
246,ef88b35946d0f1b0642fe879001e992c,test,048,TUMMHCD-TEST-TRAIN/TUMMHCDtest/test_048/mmhc49_114.tif
246,ef88b35946d0f1b0642fe879001e992c,test,048,TUMMHCD-TEST-TRAIN/TUMMHCDtest/test_048/mmhc49_210.tif
247,823aa50c7d40cfbdacc4282d4039e17e,test,048,TUMMHCD-TEST-TRAIN/TUMMHCDtest/test_048/mmhc49_134.tif
247,823aa50c7d40cfbdacc4282d4039e17e,train,048,TUMMHCD-TEST-TRAIN/TUMMHCDtrain/train_048/mmhc49_534.tif
248,d923b48c578578cf1656c4b5b830a6b9,test,048,TUMMHCD-TEST-TRAIN/TUMMHCDtest/test_048/mmhc49_152.tif
248,d923b48c578578cf1656c4b5b830a6b9,train,048,TUMMHCD-TEST-TRAIN/TUMMHCDtrain/train_048/mmhc49_80.tif
249,7d5a72849221230640716bf96e6428ff,test,048,TUMMHCD-TEST-TRAIN/TUMMHCDtest/test_048/mmhc49_155.tif
249,7d5a72849221230640716bf96e6428ff,train,048,TUMMHCD-TEST-TRAIN/TUMMHCDtrain/train_048/mmhc49_10.tif
250,68bb8b77d29d5f6b25648213b0503513,test,048,TUMMHCD-TEST-TRAIN/TUMMHCDtest/test_048/mmhc49_156.tif
250,68bb8b77d29d5f6b25648213b0503513,test,048,TUMMHCD-TEST-TRAIN/TUMMHCDtest/test_048/mmhc49_218.tif
251,f80921f9356a6297f60792ac32ccca6b,test,048,TUMMHCD-TEST-TRAIN/TUMMHCDtest/test_048/mmhc49_157.tif
251,f80921f9356a6297f60792ac32ccca6b,train,048,TUMMHCD-TEST-TRAIN/TUMMHCDtrain/train_048/mmhc49_107.tif
252,bb2b594e17d97c5ed49c54bd4e70f630,test,048,TUMMHCD-TEST-TRAIN/TUMMHCDtest/test_048/mmhc49_158.tif
252,bb2b594e17d97c5ed49c54bd4e70f630,train,048,TUMMHCD-TEST-TRAIN/TUMMHCDtrain/train_048/mmhc49_313.tif
253,b87adb6c50cbf023cb79e854ff253dd2,test,048,TUMMHCD-TEST-TRAIN/TUMMHCDtest/test_048/mmhc49_159.tif
253,b87adb6c50cbf023cb79e854ff253dd2,train,048,TUMMHCD-TEST-TRAIN/TUMMHCDtrain/train_048/mmhc49_479.tif
254,5db2b7f0fe8afb3cdbdcaad73f776849,test,048,TUMMHCD-TEST-TRAIN/TUMMHCDtest/test_048/mmhc49_160.tif
254,5db2b7f0fe8afb3cdbdcaad73f776849,train,048,TUMMHCD-TEST-TRAIN/TUMMHCDtrain/train_048/mmhc49_806.tif
255,87309345113d704c4129bcf0f9814d7c,test,048,TUMMHCD-TEST-TRAIN/TUMMHCDtest/test_048/mmhc49_161.tif
255,87309345113d704c4129bcf0f9814d7c,train,048,TUMMHCD-TEST-TRAIN/TUMMHCDtrain/train_048/mmhc49_295.tif
256,4aba2b27f7cbe34c6503364892dff964,test,048,TUMMHCD-TEST-TRAIN/TUMMHCDtest/test_048/mmhc49_163.tif
256,4aba2b27f7cbe34c6503364892dff964,train,048,TUMMHCD-TEST-TRAIN/TUMMHCDtrain/train_048/mmhc49_1062.tif
257,9ccac05e977c67c67c348247b9e16c7d,test,048,TUMMHCD-TEST-TRAIN/TUMMHCDtest/test_048/mmhc49_165.tif
257,9ccac05e977c67c67c348247b9e16c7d,train,048,TUMMHCD-TEST-TRAIN/TUMMHCDtrain/train_048/mmhc49_1154.tif
258,ea962c4f5e8e6c6e23796220788ae3d6,test,048,TUMMHCD-TEST-TRAIN/TUMMHCDtest/test_048/mmhc49_166.tif
258,ea962c4f5e8e6c6e23796220788ae3d6,test,048,TUMMHCD-TEST-TRAIN/TUMMHCDtest/test_048/mmhc49_225.tif
259,e48863bfeb6b2b6b534bee48c230d445,test,048,TUMMHCD-TEST-TRAIN/TUMMHCDtest/test_048/mmhc49_167.tif
259,e48863bfeb6b2b6b534bee48c230d445,train,048,TUMMHCD-TEST-TRAIN/TUMMHCDtrain/train_048/mmhc49_15.tif
260,9bee14fdb3b01f8e78ac7dab3ad43677,test,048,TUMMHCD-TEST-TRAIN/TUMMHCDtest/test_048/mmhc49_170.tif
260,9bee14fdb3b01f8e78ac7dab3ad43677,train,048,TUMMHCD-TEST-TRAIN/TUMMHCDtrain/train_048/mmhc49_71.tif
261,1a4df5a06330fa7eec84a9947b24f85b,test,048,TUMMHCD-TEST-TRAIN/TUMMHCDtest/test_048/mmhc49_171.tif
261,1a4df5a06330fa7eec84a9947b24f85b,train,048,TUMMHCD-TEST-TRAIN/TUMMHCDtrain/train_048/mmhc49_438.tif
262,f86697fd015abc64b0ff01014f5cd1d5,test,048,TUMMHCD-TEST-TRAIN/TUMMHCDtest/test_048/mmhc49_178.tif
262,f86697fd015abc64b0ff01014f5cd1d5,train,048,TUMMHCD-TEST-TRAIN/TUMMHCDtrain/train_048/mmhc49_485.tif
263,c0e8c4c55a7e820e2c307d3a48a3ef4a,test,048,TUMMHCD-TEST-TRAIN/TUMMHCDtest/test_048/mmhc49_181.tif
263,c0e8c4c55a7e820e2c307d3a48a3ef4a,train,048,TUMMHCD-TEST-TRAIN/TUMMHCDtrain/train_048/mmhc49_218.tif
264,32b126b635e8ecd91011eb897d109dc6,test,048,TUMMHCD-TEST-TRAIN/TUMMHCDtest/test_048/mmhc49_191.tif
264,32b126b635e8ecd91011eb897d109dc6,train,048,TUMMHCD-TEST-TRAIN/TUMMHCDtrain/train_048/mmhc49_57.tif
265,e2cb0faab53125f9db0e2486247d9393,test,048,TUMMHCD-TEST-TRAIN/TUMMHCDtest/test_048/mmhc49_192.tif
265,e2cb0faab53125f9db0e2486247d9393,train,048,TUMMHCD-TEST-TRAIN/TUMMHCDtrain/train_048/mmhc49_203.tif
266,cd27dcde54459623374b0b0aaad1507f,test,048,TUMMHCD-TEST-TRAIN/TUMMHCDtest/test_048/mmhc49_193.tif
266,cd27dcde54459623374b0b0aaad1507f,train,048,TUMMHCD-TEST-TRAIN/TUMMHCDtrain/train_048/mmhc49_899.tif
267,6c7c6b105a6211fb65e506518a34ebf9,test,048,TUMMHCD-TEST-TRAIN/TUMMHCDtest/test_048/mmhc49_194.tif
267,6c7c6b105a6211fb65e506518a34ebf9,train,048,TUMMHCD-TEST-TRAIN/TUMMHCDtrain/train_048/mmhc49_391.tif
268,6a80747cafebbefdb6547f464da54db7,test,048,TUMMHCD-TEST-TRAIN/TUMMHCDtest/test_048/mmhc49_195.tif
268,6a80747cafebbefdb6547f464da54db7,train,048,TUMMHCD-TEST-TRAIN/TUMMHCDtrain/train_048/mmhc49_812.tif
269,33b7e5c1fb16224d43bbd5619645d30c,test,048,TUMMHCD-TEST-TRAIN/TUMMHCDtest/test_048/mmhc49_196.tif
269,33b7e5c1fb16224d43bbd5619645d30c,train,048,TUMMHCD-TEST-TRAIN/TUMMHCDtrain/train_048/mmhc49_870.tif
270,de97b49e8f2af118e73c5a4d37c4f34b,test,048,TUMMHCD-TEST-TRAIN/TUMMHCDtest/test_048/mmhc49_198.tif
270,de97b49e8f2af118e73c5a4d37c4f34b,train,048,TUMMHCD-TEST-TRAIN/TUMMHCDtrain/train_048/mmhc49_764.tif
271,ac6aecb0fbf1ef7a838a490e1ffda509,test,048,TUMMHCD-TEST-TRAIN/TUMMHCDtest/test_048/mmhc49_199.tif
271,ac6aecb0fbf1ef7a838a490e1ffda509,train,048,TUMMHCD-TEST-TRAIN/TUMMHCDtrain/train_048/mmhc49_158.tif
272,d27b39414d47bbe52998e8cd97e3a3a7,test,048,TUMMHCD-TEST-TRAIN/TUMMHCDtest/test_048/mmhc49_200.tif
272,d27b39414d47bbe52998e8cd97e3a3a7,train,048,TUMMHCD-TEST-TRAIN/TUMMHCDtrain/train_048/mmhc49_862.tif
273,9ce4e9793be83a0541880a866fc15e58,test,048,TUMMHCD-TEST-TRAIN/TUMMHCDtest/test_048/mmhc49_201.tif
273,9ce4e9793be83a0541880a866fc15e58,train,048,TUMMHCD-TEST-TRAIN/TUMMHCDtrain/train_048/mmhc49_763.tif
274,d9ee212fd439d4ba7547e616f99f0124,test,048,TUMMHCD-TEST-TRAIN/TUMMHCDtest/test_048/mmhc49_203.tif
274,d9ee212fd439d4ba7547e616f99f0124,train,048,TUMMHCD-TEST-TRAIN/TUMMHCDtrain/train_048/mmhc49_359.tif
275,48a35fd5ab6bf642a6e43a0608842d19,test,048,TUMMHCD-TEST-TRAIN/TUMMHCDtest/test_048/mmhc49_204.tif
275,48a35fd5ab6bf642a6e43a0608842d19,train,048,TUMMHCD-TEST-TRAIN/TUMMHCDtrain/train_048/mmhc49_367.tif
276,618a022503db58dcfebe6710a27b5553,test,048,TUMMHCD-TEST-TRAIN/TUMMHCDtest/test_048/mmhc49_205.tif
276,618a022503db58dcfebe6710a27b5553,train,048,TUMMHCD-TEST-TRAIN/TUMMHCDtrain/train_048/mmhc49_324.tif
277,d7b69a500c3ed8322bc598bdc972d781,test,048,TUMMHCD-TEST-TRAIN/TUMMHCDtest/test_048/mmhc49_206.tif
277,d7b69a500c3ed8322bc598bdc972d781,train,048,TUMMHCD-TEST-TRAIN/TUMMHCDtrain/train_048/mmhc49_1228.tif
278,26f1583df88033fd31c04c1e159dbb78,test,048,TUMMHCD-TEST-TRAIN/TUMMHCDtest/test_048/mmhc49_208.tif
278,26f1583df88033fd31c04c1e159dbb78,train,048,TUMMHCD-TEST-TRAIN/TUMMHCDtrain/train_048/mmhc49_572.tif
279,2358f7cfd2b38978906e0d6d865cb000,test,048,TUMMHCD-TEST-TRAIN/TUMMHCDtest/test_048/mmhc49_209.tif
279,2358f7cfd2b38978906e0d6d865cb000,train,048,TUMMHCD-TEST-TRAIN/TUMMHCDtrain/train_048/mmhc49_703.tif
280,fe183d1e234565ae841acd698289d44b,test,048,TUMMHCD-TEST-TRAIN/TUMMHCDtest/test_048/mmhc49_211.tif
280,fe183d1e234565ae841acd698289d44b,train,048,TUMMHCD-TEST-TRAIN/TUMMHCDtrain/train_048/mmhc49_632.tif
281,db9fdb730fe2090f813bd6da92a26bca,test,048,TUMMHCD-TEST-TRAIN/TUMMHCDtest/test_048/mmhc49_212.tif
281,db9fdb730fe2090f813bd6da92a26bca,train,048,TUMMHCD-TEST-TRAIN/TUMMHCDtrain/train_048/mmhc49_1079.tif
282,95c120ead7085ac13f93b25569569367,test,048,TUMMHCD-TEST-TRAIN/TUMMHCDtest/test_048/mmhc49_213.tif
282,95c120ead7085ac13f93b25569569367,train,048,TUMMHCD-TEST-TRAIN/TUMMHCDtrain/train_048/mmhc49_522.tif
283,08e6c186215fc5b4dd083c513beb6d94,test,048,TUMMHCD-TEST-TRAIN/TUMMHCDtest/test_048/mmhc49_214.tif
283,08e6c186215fc5b4dd083c513beb6d94,train,048,TUMMHCD-TEST-TRAIN/TUMMHCDtrain/train_048/mmhc49_256.tif
284,e847b7b64377accb1b1ef2a6a8184962,test,048,TUMMHCD-TEST-TRAIN/TUMMHCDtest/test_048/mmhc49_215.tif
284,e847b7b64377accb1b1ef2a6a8184962,train,048,TUMMHCD-TEST-TRAIN/TUMMHCDtrain/train_048/mmhc49_1143.tif
285,bcfca21b3aa58dce6beb02d2f35f4c05,test,048,TUMMHCD-TEST-TRAIN/TUMMHCDtest/test_048/mmhc49_216.tif
285,bcfca21b3aa58dce6beb02d2f35f4c05,train,048,TUMMHCD-TEST-TRAIN/TUMMHCDtrain/train_048/mmhc49_230.tif
286,c49d89a11adaa9d052bd0d18a16b4cb2,test,048,TUMMHCD-TEST-TRAIN/TUMMHCDtest/test_048/mmhc49_217.tif
286,c49d89a11adaa9d052bd0d18a16b4cb2,train,048,TUMMHCD-TEST-TRAIN/TUMMHCDtrain/train_048/mmhc49_721.tif
287,444edbd38f191a60666083e35a61e454,test,048,TUMMHCD-TEST-TRAIN/TUMMHCDtest/test_048/mmhc49_219.tif
287,444edbd38f191a60666083e35a61e454,train,048,TUMMHCD-TEST-TRAIN/TUMMHCDtrain/train_048/mmhc49_1175.tif
288,4216701b01e43297458e51887bf9408a,test,048,TUMMHCD-TEST-TRAIN/TUMMHCDtest/test_048/mmhc49_220.tif
288,4216701b01e43297458e51887bf9408a,train,048,TUMMHCD-TEST-TRAIN/TUMMHCDtrain/train_048/mmhc49_1198.tif
289,fea07f3d784c67f637b33da16ed20f4e,test,048,TUMMHCD-TEST-TRAIN/TUMMHCDtest/test_048/mmhc49_221.tif
289,fea07f3d784c67f637b33da16ed20f4e,train,048,TUMMHCD-TEST-TRAIN/TUMMHCDtrain/train_048/mmhc49_1210.tif
290,1d7d3d6f07348ea61898825d71b17a9a,test,048,TUMMHCD-TEST-TRAIN/TUMMHCDtest/test_048/mmhc49_222.tif
290,1d7d3d6f07348ea61898825d71b17a9a,train,048,TUMMHCD-TEST-TRAIN/TUMMHCDtrain/train_048/mmhc49_28.tif
291,d87dfcad86d78c59d030d3d65dc36be9,test,048,TUMMHCD-TEST-TRAIN/TUMMHCDtest/test_048/mmhc49_224.tif
291,d87dfcad86d78c59d030d3d65dc36be9,train,048,TUMMHCD-TEST-TRAIN/TUMMHCDtrain/train_048/mmhc49_20.tif
292,202bd2672901ba3e2affa9c66f732963,test,049,TUMMHCD-TEST-TRAIN/TUMMHCDtest/test_049/mmhc50_15.tif
292,202bd2672901ba3e2affa9c66f732963,train,049,TUMMHCD-TEST-TRAIN/TUMMHCDtrain/train_049/mmhc50_659.tif
293,b0f81591f158fbb8b4c6adb53bc35e10,test,049,TUMMHCD-TEST-TRAIN/TUMMHCDtest/test_049/mmhc50_18.tif
293,b0f81591f158fbb8b4c6adb53bc35e10,train,049,TUMMHCD-TEST-TRAIN/TUMMHCDtrain/train_049/mmhc50_471.tif
294,d0eb6bc7c6f9861ad0c03b9e872575fb,test,049,TUMMHCD-TEST-TRAIN/TUMMHCDtest/test_049/mmhc50_19.tif
294,d0eb6bc7c6f9861ad0c03b9e872575fb,train,049,TUMMHCD-TEST-TRAIN/TUMMHCDtrain/train_049/mmhc50_715.tif
295,1bb25061a9bed57fd2f01318f5ab5559,test,049,TUMMHCD-TEST-TRAIN/TUMMHCDtest/test_049/mmhc50_25.tif
295,1bb25061a9bed57fd2f01318f5ab5559,train,049,TUMMHCD-TEST-TRAIN/TUMMHCDtrain/train_049/mmhc50_898.tif
296,902e9237ad704828acc1c93186603f41,test,049,TUMMHCD-TEST-TRAIN/TUMMHCDtest/test_049/mmhc50_38.tif
296,902e9237ad704828acc1c93186603f41,test,049,TUMMHCD-TEST-TRAIN/TUMMHCDtest/test_049/mmhc50_170.tif
296,902e9237ad704828acc1c93186603f41,train,049,TUMMHCD-TEST-TRAIN/TUMMHCDtrain/train_049/mmhc50_318.tif
297,164a975f7445a473d2f7c69f98bb0c5f,test,049,TUMMHCD-TEST-TRAIN/TUMMHCDtest/test_049/mmhc50_41.tif
297,164a975f7445a473d2f7c69f98bb0c5f,train,049,TUMMHCD-TEST-TRAIN/TUMMHCDtrain/train_049/mmhc50_212.tif
298,e718e7ec29875b446b21bdcb55ca40f5,test,049,TUMMHCD-TEST-TRAIN/TUMMHCDtest/test_049/mmhc50_43.tif
298,e718e7ec29875b446b21bdcb55ca40f5,train,049,TUMMHCD-TEST-TRAIN/TUMMHCDtrain/train_049/mmhc50_871.tif
299,3c403b6253c3386bae4728812d49eb70,test,049,TUMMHCD-TEST-TRAIN/TUMMHCDtest/test_049/mmhc50_47.tif
299,3c403b6253c3386bae4728812d49eb70,train,049,TUMMHCD-TEST-TRAIN/TUMMHCDtrain/train_049/mmhc50_1007.tif
300,65e83b3be046d2252679f7009ba992e3,test,049,TUMMHCD-TEST-TRAIN/TUMMHCDtest/test_049/mmhc50_69.tif
300,65e83b3be046d2252679f7009ba992e3,train,049,TUMMHCD-TEST-TRAIN/TUMMHCDtrain/train_049/mmhc50_158.tif
301,7adb996758790a3e1f6c6373cf9e6cf7,test,049,TUMMHCD-TEST-TRAIN/TUMMHCDtest/test_049/mmhc50_87.tif
301,7adb996758790a3e1f6c6373cf9e6cf7,train,049,TUMMHCD-TEST-TRAIN/TUMMHCDtrain/train_049/mmhc50_304.tif
302,9404abeae83a53545be0cbec2a68cc98,test,049,TUMMHCD-TEST-TRAIN/TUMMHCDtest/test_049/mmhc50_109.tif
302,9404abeae83a53545be0cbec2a68cc98,train,049,TUMMHCD-TEST-TRAIN/TUMMHCDtrain/train_049/mmhc50_78.tif
303,c5db6e0d78a1fcaac94fda6c0eb17ba0,test,049,TUMMHCD-TEST-TRAIN/TUMMHCDtest/test_049/mmhc50_110.tif
303,c5db6e0d78a1fcaac94fda6c0eb17ba0,train,049,TUMMHCD-TEST-TRAIN/TUMMHCDtrain/train_049/mmhc50_719.tif
304,1bc2418e230a48826d85238e82d106bd,test,049,TUMMHCD-TEST-TRAIN/TUMMHCDtest/test_049/mmhc50_124.tif
304,1bc2418e230a48826d85238e82d106bd,train,049,TUMMHCD-TEST-TRAIN/TUMMHCDtrain/train_049/mmhc50_686.tif
305,5141dd3a10141f048b472a2f01b70632,test,049,TUMMHCD-TEST-TRAIN/TUMMHCDtest/test_049/mmhc50_129.tif
305,5141dd3a10141f048b472a2f01b70632,train,049,TUMMHCD-TEST-TRAIN/TUMMHCDtrain/train_049/mmhc50_944.tif
306,02c98533fb9b14e889695c43cd9ee290,test,049,TUMMHCD-TEST-TRAIN/TUMMHCDtest/test_049/mmhc50_137.tif
306,02c98533fb9b14e889695c43cd9ee290,train,049,TUMMHCD-TEST-TRAIN/TUMMHCDtrain/train_049/mmhc50_1015.tif
307,3ada56cc79eec223a94b449c7153a4a5,test,049,TUMMHCD-TEST-TRAIN/TUMMHCDtest/test_049/mmhc50_156.tif
307,3ada56cc79eec223a94b449c7153a4a5,train,049,TUMMHCD-TEST-TRAIN/TUMMHCDtrain/train_049/mmhc50_319.tif
308,f000896810aa20b7eb665e7ed22543a0,test,049,TUMMHCD-TEST-TRAIN/TUMMHCDtest/test_049/mmhc50_160.tif
308,f000896810aa20b7eb665e7ed22543a0,train,049,TUMMHCD-TEST-TRAIN/TUMMHCDtrain/train_049/mmhc50_955.tif
309,cb1830180571227ba1f86457a2c9dd24,test,049,TUMMHCD-TEST-TRAIN/TUMMHCDtest/test_049/mmhc50_161.tif
309,cb1830180571227ba1f86457a2c9dd24,train,049,TUMMHCD-TEST-TRAIN/TUMMHCDtrain/train_049/mmhc50_205.tif
310,c3c13720da5dbb858a2b40675ce97ab0,test,049,TUMMHCD-TEST-TRAIN/TUMMHCDtest/test_049/mmhc50_162.tif
310,c3c13720da5dbb858a2b40675ce97ab0,train,049,TUMMHCD-TEST-TRAIN/TUMMHCDtrain/train_049/mmhc50_1033.tif
311,13ec01b391542d1df32891cda26296b6,test,049,TUMMHCD-TEST-TRAIN/TUMMHCDtest/test_049/mmhc50_163.tif
311,13ec01b391542d1df32891cda26296b6,test,049,TUMMHCD-TEST-TRAIN/TUMMHCDtest/test_049/mmhc50_217.tif
312,6acbb85a17eaadfd0f37471369a98505,test,049,TUMMHCD-TEST-TRAIN/TUMMHCDtest/test_049/mmhc50_164.tif
312,6acbb85a17eaadfd0f37471369a98505,train,049,TUMMHCD-TEST-TRAIN/TUMMHCDtrain/train_049/mmhc50_136.tif
313,c5d968c646c47ce42924dfef3e6434e2,test,049,TUMMHCD-TEST-TRAIN/TUMMHCDtest/test_049/mmhc50_165.tif
313,c5d968c646c47ce42924dfef3e6434e2,train,049,TUMMHCD-TEST-TRAIN/TUMMHCDtrain/train_049/mmhc50_630.tif
314,f9b3f8c6faa474afb287c7ec3bf20389,test,049,TUMMHCD-TEST-TRAIN/TUMMHCDtest/test_049/mmhc50_166.tif
314,f9b3f8c6faa474afb287c7ec3bf20389,train,049,TUMMHCD-TEST-TRAIN/TUMMHCDtrain/train_049/mmhc50_619.tif
315,37fc6bbfe3e6d31b2d1ca50704375ccf,test,049,TUMMHCD-TEST-TRAIN/TUMMHCDtest/test_049/mmhc50_167.tif
315,37fc6bbfe3e6d31b2d1ca50704375ccf,train,049,TUMMHCD-TEST-TRAIN/TUMMHCDtrain/train_049/mmhc50_948.tif
316,3550e3d7877351492b8ffae1df713ac9,test,049,TUMMHCD-TEST-TRAIN/TUMMHCDtest/test_049/mmhc50_168.tif
316,3550e3d7877351492b8ffae1df713ac9,train,049,TUMMHCD-TEST-TRAIN/TUMMHCDtrain/train_049/mmhc50_45.tif
317,0ab4c3511aa4d3243c79b534d6cc1076,test,049,TUMMHCD-TEST-TRAIN/TUMMHCDtest/test_049/mmhc50_169.tif
317,0ab4c3511aa4d3243c79b534d6cc1076,train,049,TUMMHCD-TEST-TRAIN/TUMMHCDtrain/train_049/mmhc50_1006.tif
318,82b9b5f8848620af2d258faf84ff4610,test,049,TUMMHCD-TEST-TRAIN/TUMMHCDtest/test_049/mmhc50_171.tif
318,82b9b5f8848620af2d258faf84ff4610,train,049,TUMMHCD-TEST-TRAIN/TUMMHCDtrain/train_049/mmhc50_338.tif
318,82b9b5f8848620af2d258faf84ff4610,train,049,TUMMHCD-TEST-TRAIN/TUMMHCDtrain/train_049/mmhc50_608.tif
319,f0c6667cc271b32da0527d9b71173f4b,test,049,TUMMHCD-TEST-TRAIN/TUMMHCDtest/test_049/mmhc50_172.tif
319,f0c6667cc271b32da0527d9b71173f4b,train,049,TUMMHCD-TEST-TRAIN/TUMMHCDtrain/train_049/mmhc50_570.tif
319,f0c6667cc271b32da0527d9b71173f4b,train,049,TUMMHCD-TEST-TRAIN/TUMMHCDtrain/train_049/mmhc50_839.tif
320,a1548da76ff7fcb31abba3453c5be0e6,test,049,TUMMHCD-TEST-TRAIN/TUMMHCDtest/test_049/mmhc50_173.tif
320,a1548da76ff7fcb31abba3453c5be0e6,test,049,TUMMHCD-TEST-TRAIN/TUMMHCDtest/test_049/mmhc50_223.tif
321,e79e46297b3009492ea0ceea860c21cd,test,049,TUMMHCD-TEST-TRAIN/TUMMHCDtest/test_049/mmhc50_179.tif
321,e79e46297b3009492ea0ceea860c21cd,train,049,TUMMHCD-TEST-TRAIN/TUMMHCDtrain/train_049/mmhc50_751.tif
322,cad67ea05c7a2bd9b5dc40099b9a53f3,test,049,TUMMHCD-TEST-TRAIN/TUMMHCDtest/test_049/mmhc50_181.tif
322,cad67ea05c7a2bd9b5dc40099b9a53f3,train,049,TUMMHCD-TEST-TRAIN/TUMMHCDtrain/train_049/mmhc50_94.tif
323,e32b9f8172ae6b6ed0a9d2d872f9e9db,test,049,TUMMHCD-TEST-TRAIN/TUMMHCDtest/test_049/mmhc50_183.tif
323,e32b9f8172ae6b6ed0a9d2d872f9e9db,train,049,TUMMHCD-TEST-TRAIN/TUMMHCDtrain/train_049/mmhc50_830.tif
324,4da514d49264f04b405724991bcb8664,test,049,TUMMHCD-TEST-TRAIN/TUMMHCDtest/test_049/mmhc50_184.tif
324,4da514d49264f04b405724991bcb8664,test,049,TUMMHCD-TEST-TRAIN/TUMMHCDtest/test_049/mmhc50_215.tif
325,300b50e5d7eca2f0311ae727006e676c,test,049,TUMMHCD-TEST-TRAIN/TUMMHCDtest/test_049/mmhc50_186.tif
325,300b50e5d7eca2f0311ae727006e676c,train,049,TUMMHCD-TEST-TRAIN/TUMMHCDtrain/train_049/mmhc50_965.tif
326,4947048c42662a8d54d92a01519bccf8,test,049,TUMMHCD-TEST-TRAIN/TUMMHCDtest/test_049/mmhc50_187.tif
326,4947048c42662a8d54d92a01519bccf8,train,049,TUMMHCD-TEST-TRAIN/TUMMHCDtrain/train_049/mmhc50_324.tif
327,7d87eeb0826062feb4e593c3b23f7697,test,049,TUMMHCD-TEST-TRAIN/TUMMHCDtest/test_049/mmhc50_188.tif
327,7d87eeb0826062feb4e593c3b23f7697,train,049,TUMMHCD-TEST-TRAIN/TUMMHCDtrain/train_049/mmhc50_927.tif
328,b10ba1da64aef784a2d3549e054995ae,test,049,TUMMHCD-TEST-TRAIN/TUMMHCDtest/test_049/mmhc50_189.tif
328,b10ba1da64aef784a2d3549e054995ae,train,049,TUMMHCD-TEST-TRAIN/TUMMHCDtrain/train_049/mmhc50_537.tif
329,fe02d51c5d5faa9b800650369aefd7d3,test,049,TUMMHCD-TEST-TRAIN/TUMMHCDtest/test_049/mmhc50_190.tif
329,fe02d51c5d5faa9b800650369aefd7d3,train,049,TUMMHCD-TEST-TRAIN/TUMMHCDtrain/train_049/mmhc50_941.tif
330,dac9fa67f1ad77c03e93fbe325f1aea5,test,049,TUMMHCD-TEST-TRAIN/TUMMHCDtest/test_049/mmhc50_191.tif
330,dac9fa67f1ad77c03e93fbe325f1aea5,train,049,TUMMHCD-TEST-TRAIN/TUMMHCDtrain/train_049/mmhc50_883.tif
331,1088cd189179e3dca4a142d8ae8073e4,test,049,TUMMHCD-TEST-TRAIN/TUMMHCDtest/test_049/mmhc50_192.tif
331,1088cd189179e3dca4a142d8ae8073e4,train,049,TUMMHCD-TEST-TRAIN/TUMMHCDtrain/train_049/mmhc50_752.tif
332,702d8e315dfa7d61d6fb2c830ba5d7fa,test,049,TUMMHCD-TEST-TRAIN/TUMMHCDtest/test_049/mmhc50_193.tif
332,702d8e315dfa7d61d6fb2c830ba5d7fa,train,049,TUMMHCD-TEST-TRAIN/TUMMHCDtrain/train_049/mmhc50_968.tif
333,c4813cfd439790f943945767ffa057b4,test,049,TUMMHCD-TEST-TRAIN/TUMMHCDtest/test_049/mmhc50_194.tif
333,c4813cfd439790f943945767ffa057b4,train,049,TUMMHCD-TEST-TRAIN/TUMMHCDtrain/train_049/mmhc50_610.tif
334,b892b6352a58ed3f26ee639fc93c05e0,test,049,TUMMHCD-TEST-TRAIN/TUMMHCDtest/test_049/mmhc50_195.tif
334,b892b6352a58ed3f26ee639fc93c05e0,test,049,TUMMHCD-TEST-TRAIN/TUMMHCDtest/test_049/mmhc50_204.tif
335,9c23a985fbd32cdf46108ac264596e86,test,049,TUMMHCD-TEST-TRAIN/TUMMHCDtest/test_049/mmhc50_196.tif
335,9c23a985fbd32cdf46108ac264596e86,train,049,TUMMHCD-TEST-TRAIN/TUMMHCDtrain/train_049/mmhc50_309.tif
336,5ebec148be2f53a1bf05906b143578d0,test,049,TUMMHCD-TEST-TRAIN/TUMMHCDtest/test_049/mmhc50_197.tif
336,5ebec148be2f53a1bf05906b143578d0,train,049,TUMMHCD-TEST-TRAIN/TUMMHCDtrain/train_049/mmhc50_1091.tif
337,28760760a9b91b6978fd3218163b80b8,test,049,TUMMHCD-TEST-TRAIN/TUMMHCDtest/test_049/mmhc50_198.tif
337,28760760a9b91b6978fd3218163b80b8,train,049,TUMMHCD-TEST-TRAIN/TUMMHCDtrain/train_049/mmhc50_148.tif
338,e5756e07fa5a7f4cd477cb2f624da549,test,049,TUMMHCD-TEST-TRAIN/TUMMHCDtest/test_049/mmhc50_199.tif
338,e5756e07fa5a7f4cd477cb2f624da549,train,049,TUMMHCD-TEST-TRAIN/TUMMHCDtrain/train_049/mmhc50_97.tif
339,9c50fa16e528a4423594929cd0b4c89d,test,049,TUMMHCD-TEST-TRAIN/TUMMHCDtest/test_049/mmhc50_200.tif
339,9c50fa16e528a4423594929cd0b4c89d,train,049,TUMMHCD-TEST-TRAIN/TUMMHCDtrain/train_049/mmhc50_521.tif
340,30f2b709f2be2ca5fe062b110d39fc0c,test,049,TUMMHCD-TEST-TRAIN/TUMMHCDtest/test_049/mmhc50_201.tif
340,30f2b709f2be2ca5fe062b110d39fc0c,train,049,TUMMHCD-TEST-TRAIN/TUMMHCDtrain/train_049/mmhc50_302.tif
341,1e18c22a5f717188827143d5f7c26a10,test,049,TUMMHCD-TEST-TRAIN/TUMMHCDtest/test_049/mmhc50_202.tif
341,1e18c22a5f717188827143d5f7c26a10,train,049,TUMMHCD-TEST-TRAIN/TUMMHCDtrain/train_049/mmhc50_443.tif
342,4bc471d6fd37bbe2a2a83ab64d77955d,test,049,TUMMHCD-TEST-TRAIN/TUMMHCDtest/test_049/mmhc50_203.tif
342,4bc471d6fd37bbe2a2a83ab64d77955d,train,049,TUMMHCD-TEST-TRAIN/TUMMHCDtrain/train_049/mmhc50_1005.tif
343,c04cd59a78c9395721eb9462381573d4,test,049,TUMMHCD-TEST-TRAIN/TUMMHCDtest/test_049/mmhc50_205.tif
343,c04cd59a78c9395721eb9462381573d4,train,049,TUMMHCD-TEST-TRAIN/TUMMHCDtrain/train_049/mmhc50_1115.tif
344,34b2cbd4a5251aca512303af5953460c,test,049,TUMMHCD-TEST-TRAIN/TUMMHCDtest/test_049/mmhc50_206.tif
344,34b2cbd4a5251aca512303af5953460c,train,049,TUMMHCD-TEST-TRAIN/TUMMHCDtrain/train_049/mmhc50_121.tif
345,875b37a96189565154f6e79e7d673cc5,test,049,TUMMHCD-TEST-TRAIN/TUMMHCDtest/test_049/mmhc50_207.tif
345,875b37a96189565154f6e79e7d673cc5,train,049,TUMMHCD-TEST-TRAIN/TUMMHCDtrain/train_049/mmhc50_210.tif
346,3c5cfb69bf4514f9988c98f58c49dfc7,test,049,TUMMHCD-TEST-TRAIN/TUMMHCDtest/test_049/mmhc50_208.tif
346,3c5cfb69bf4514f9988c98f58c49dfc7,train,049,TUMMHCD-TEST-TRAIN/TUMMHCDtrain/train_049/mmhc50_902.tif
347,119fd2cd4ee4070840d3a9b00e2e2f78,test,049,TUMMHCD-TEST-TRAIN/TUMMHCDtest/test_049/mmhc50_209.tif
347,119fd2cd4ee4070840d3a9b00e2e2f78,train,049,TUMMHCD-TEST-TRAIN/TUMMHCDtrain/train_049/mmhc50_193.tif
348,b8b6f708607d8aba2e478200ec9e32cd,test,049,TUMMHCD-TEST-TRAIN/TUMMHCDtest/test_049/mmhc50_210.tif
348,b8b6f708607d8aba2e478200ec9e32cd,train,049,TUMMHCD-TEST-TRAIN/TUMMHCDtrain/train_049/mmhc50_185.tif
349,de3dbb5b94511e1167b685bd3c5b08cf,test,049,TUMMHCD-TEST-TRAIN/TUMMHCDtest/test_049/mmhc50_211.tif
349,de3dbb5b94511e1167b685bd3c5b08cf,train,049,TUMMHCD-TEST-TRAIN/TUMMHCDtrain/train_049/mmhc50_1244.tif
350,2ee2ab9d20883d20f6f094d70b144c3c,test,049,TUMMHCD-TEST-TRAIN/TUMMHCDtest/test_049/mmhc50_212.tif
350,2ee2ab9d20883d20f6f094d70b144c3c,train,049,TUMMHCD-TEST-TRAIN/TUMMHCDtrain/train_049/mmhc50_618.tif
351,bb6ddb07419410abce2164f97b91296c,test,049,TUMMHCD-TEST-TRAIN/TUMMHCDtest/test_049/mmhc50_213.tif
351,bb6ddb07419410abce2164f97b91296c,train,049,TUMMHCD-TEST-TRAIN/TUMMHCDtrain/train_049/mmhc50_1017.tif
352,a7c0f87b577d941c22058bd33c5e29c1,test,049,TUMMHCD-TEST-TRAIN/TUMMHCDtest/test_049/mmhc50_214.tif
352,a7c0f87b577d941c22058bd33c5e29c1,train,049,TUMMHCD-TEST-TRAIN/TUMMHCDtrain/train_049/mmhc50_1075.tif
353,1d305194b880e5e5f0927c99a0708f63,test,049,TUMMHCD-TEST-TRAIN/TUMMHCDtest/test_049/mmhc50_216.tif
353,1d305194b880e5e5f0927c99a0708f63,train,049,TUMMHCD-TEST-TRAIN/TUMMHCDtrain/train_049/mmhc50_52.tif
354,66fdd0d7014289c388f0a0dcf1989136,test,049,TUMMHCD-TEST-TRAIN/TUMMHCDtest/test_049/mmhc50_218.tif
354,66fdd0d7014289c388f0a0dcf1989136,train,049,TUMMHCD-TEST-TRAIN/TUMMHCDtrain/train_049/mmhc50_538.tif
355,89f2cccb86a6a4108e63bbaf99a413da,test,049,TUMMHCD-TEST-TRAIN/TUMMHCDtest/test_049/mmhc50_219.tif
355,89f2cccb86a6a4108e63bbaf99a413da,train,049,TUMMHCD-TEST-TRAIN/TUMMHCDtrain/train_049/mmhc50_533.tif
356,58f490fd883babcdeb05b67e7f52c62c,test,049,TUMMHCD-TEST-TRAIN/TUMMHCDtest/test_049/mmhc50_220.tif
356,58f490fd883babcdeb05b67e7f52c62c,train,049,TUMMHCD-TEST-TRAIN/TUMMHCDtrain/train_049/mmhc50_362.tif
356,58f490fd883babcdeb05b67e7f52c62c,train,049,TUMMHCD-TEST-TRAIN/TUMMHCDtrain/train_049/mmhc50_597.tif
357,366b3401947071a293e293dc00234de6,test,049,TUMMHCD-TEST-TRAIN/TUMMHCDtest/test_049/mmhc50_221.tif
357,366b3401947071a293e293dc00234de6,train,049,TUMMHCD-TEST-TRAIN/TUMMHCDtrain/train_049/mmhc50_349.tif
357,366b3401947071a293e293dc00234de6,train,049,TUMMHCD-TEST-TRAIN/TUMMHCDtrain/train_049/mmhc50_1083.tif
358,b0490fac37e87c0877d55b0243c9026e,test,049,TUMMHCD-TEST-TRAIN/TUMMHCDtest/test_049/mmhc50_222.tif
358,b0490fac37e87c0877d55b0243c9026e,train,049,TUMMHCD-TEST-TRAIN/TUMMHCDtrain/train_049/mmhc50_696.tif
358,b0490fac37e87c0877d55b0243c9026e,train,049,TUMMHCD-TEST-TRAIN/TUMMHCDtrain/train_049/mmhc50_731.tif
359,4aa59a70bb7c248977fecd07d3a5e20c,test,049,TUMMHCD-TEST-TRAIN/TUMMHCDtest/test_049/mmhc50_224.tif
359,4aa59a70bb7c248977fecd07d3a5e20c,train,049,TUMMHCD-TEST-TRAIN/TUMMHCDtrain/train_049/mmhc50_47.tif
360,6cf43b2a89af049007346fead307b722,test,049,TUMMHCD-TEST-TRAIN/TUMMHCDtest/test_049/mmhc50_225.tif
360,6cf43b2a89af049007346fead307b722,train,049,TUMMHCD-TEST-TRAIN/TUMMHCDtrain/train_049/mmhc50_1211.tif
361,31e25d7b6f10f5a637ae3b217df2f11d,test,049,TUMMHCD-TEST-TRAIN/TUMMHCDtest/test_049/mmhc50_226.tif
361,31e25d7b6f10f5a637ae3b217df2f11d,train,049,TUMMHCD-TEST-TRAIN/TUMMHCDtrain/train_049/mmhc50_953.tif
362,cc3b5715a44764583c5b98fda73bd274,test,050,TUMMHCD-TEST-TRAIN/TUMMHCDtest/test_050/mmhc51_15.tif
362,cc3b5715a44764583c5b98fda73bd274,train,050,TUMMHCD-TEST-TRAIN/TUMMHCDtrain/train_050/mmhc51_1167.tif
363,7361005654c3938aa3e1edbc4b35b7fd,test,050,TUMMHCD-TEST-TRAIN/TUMMHCDtest/test_050/mmhc51_19.tif
363,7361005654c3938aa3e1edbc4b35b7fd,train,050,TUMMHCD-TEST-TRAIN/TUMMHCDtrain/train_050/mmhc51_647.tif
364,92c01e7e25ca4f27eb1f0d0c363dc1c0,test,050,TUMMHCD-TEST-TRAIN/TUMMHCDtest/test_050/mmhc51_22.tif
364,92c01e7e25ca4f27eb1f0d0c363dc1c0,train,050,TUMMHCD-TEST-TRAIN/TUMMHCDtrain/train_050/mmhc51_519.tif
365,6bcb2f4acf0ddedc470b59d7dad65f41,test,050,TUMMHCD-TEST-TRAIN/TUMMHCDtest/test_050/mmhc51_23.tif
365,6bcb2f4acf0ddedc470b59d7dad65f41,train,050,TUMMHCD-TEST-TRAIN/TUMMHCDtrain/train_050/mmhc51_972.tif
366,6cf87b318c206f3ef34a721816f7ed82,test,050,TUMMHCD-TEST-TRAIN/TUMMHCDtest/test_050/mmhc51_27.tif
366,6cf87b318c206f3ef34a721816f7ed82,train,050,TUMMHCD-TEST-TRAIN/TUMMHCDtrain/train_050/mmhc51_76.tif
367,56223029bb7bc46cd0063cd9aeef5b2e,test,050,TUMMHCD-TEST-TRAIN/TUMMHCDtest/test_050/mmhc51_28.tif
367,56223029bb7bc46cd0063cd9aeef5b2e,train,050,TUMMHCD-TEST-TRAIN/TUMMHCDtrain/train_050/mmhc51_380.tif
368,8d9edf585df3d39fa21ada87db54a7f5,test,050,TUMMHCD-TEST-TRAIN/TUMMHCDtest/test_050/mmhc51_45.tif
368,8d9edf585df3d39fa21ada87db54a7f5,train,050,TUMMHCD-TEST-TRAIN/TUMMHCDtrain/train_050/mmhc51_46.tif
369,c89a4ebb97846c952bf72ee111720b57,test,050,TUMMHCD-TEST-TRAIN/TUMMHCDtest/test_050/mmhc51_109.tif
369,c89a4ebb97846c952bf72ee111720b57,train,050,TUMMHCD-TEST-TRAIN/TUMMHCDtrain/train_050/mmhc51_71.tif
370,ded2e9dec91634f60ef6ce12bf900cb9,test,050,TUMMHCD-TEST-TRAIN/TUMMHCDtest/test_050/mmhc51_177.tif
370,ded2e9dec91634f60ef6ce12bf900cb9,train,050,TUMMHCD-TEST-TRAIN/TUMMHCDtrain/train_050/mmhc51_208.tif
371,bdef871afcd56d480c33fe44937b0161,test,050,TUMMHCD-TEST-TRAIN/TUMMHCDtest/test_050/mmhc51_209.tif
371,bdef871afcd56d480c33fe44937b0161,train,050,TUMMHCD-TEST-TRAIN/TUMMHCDtrain/train_050/mmhc51_731.tif
372,17704e35405ebaf7207681d700b908f2,test,050,TUMMHCD-TEST-TRAIN/TUMMHCDtest/test_050/mmhc51_219.tif
372,17704e35405ebaf7207681d700b908f2,train,050,TUMMHCD-TEST-TRAIN/TUMMHCDtrain/train_050/mmhc51_846.tif
373,76ef308f362feade3a7a7aa3e7317cbc,test,050,TUMMHCD-TEST-TRAIN/TUMMHCDtest/test_050/mmhc51_220.tif
373,76ef308f362feade3a7a7aa3e7317cbc,train,050,TUMMHCD-TEST-TRAIN/TUMMHCDtrain/train_050/mmhc51_663.tif
374,5188292f86186447b4837ff5bc8a8ef2,test,050,TUMMHCD-TEST-TRAIN/TUMMHCDtest/test_050/mmhc51_223.tif
374,5188292f86186447b4837ff5bc8a8ef2,train,050,TUMMHCD-TEST-TRAIN/TUMMHCDtrain/train_050/mmhc51_1051.tif
375,3f83ca38a7aeb78928f78950161b6250,test,051,TUMMHCD-TEST-TRAIN/TUMMHCDtest/test_051/mmhc52_4.tif
375,3f83ca38a7aeb78928f78950161b6250,train,051,TUMMHCD-TEST-TRAIN/TUMMHCDtrain/train_051/mmhc52_329.tif
376,9fdfa2487c07350f84eb0163ce8d9331,test,051,TUMMHCD-TEST-TRAIN/TUMMHCDtest/test_051/mmhc52_6.tif
376,9fdfa2487c07350f84eb0163ce8d9331,train,051,TUMMHCD-TEST-TRAIN/TUMMHCDtrain/train_051/mmhc52_470.tif
377,aed85ecbb65dae771724288675748259,test,051,TUMMHCD-TEST-TRAIN/TUMMHCDtest/test_051/mmhc52_15.tif
377,aed85ecbb65dae771724288675748259,test,051,TUMMHCD-TEST-TRAIN/TUMMHCDtest/test_051/mmhc52_182.tif
378,62f7bb3269ffdf58594167d15515dfef,test,051,TUMMHCD-TEST-TRAIN/TUMMHCDtest/test_051/mmhc52_32.tif
378,62f7bb3269ffdf58594167d15515dfef,train,051,TUMMHCD-TEST-TRAIN/TUMMHCDtrain/train_051/mmhc52_158.tif
379,bbda28fb59f263cc98dfcff6b261b10f,test,051,TUMMHCD-TEST-TRAIN/TUMMHCDtest/test_051/mmhc52_42.tif
379,bbda28fb59f263cc98dfcff6b261b10f,train,051,TUMMHCD-TEST-TRAIN/TUMMHCDtrain/train_051/mmhc52_685.tif
380,629b75d092bfed1cbd548acc1162398d,test,051,TUMMHCD-TEST-TRAIN/TUMMHCDtest/test_051/mmhc52_56.tif
380,629b75d092bfed1cbd548acc1162398d,train,051,TUMMHCD-TEST-TRAIN/TUMMHCDtrain/train_051/mmhc52_1182.tif
381,6ae61885c0ee7ddce28cf283c5b6a9ac,test,051,TUMMHCD-TEST-TRAIN/TUMMHCDtest/test_051/mmhc52_60.tif
381,6ae61885c0ee7ddce28cf283c5b6a9ac,test,051,TUMMHCD-TEST-TRAIN/TUMMHCDtest/test_051/mmhc52_169.tif
382,44e8bc5f8b40841f797ef05d12f5e6ca,test,051,TUMMHCD-TEST-TRAIN/TUMMHCDtest/test_051/mmhc52_74.tif
382,44e8bc5f8b40841f797ef05d12f5e6ca,train,051,TUMMHCD-TEST-TRAIN/TUMMHCDtrain/train_051/mmhc52_199.tif
383,acb505be56acb948f1b1a19aaef8b8ea,test,051,TUMMHCD-TEST-TRAIN/TUMMHCDtest/test_051/mmhc52_78.tif
383,acb505be56acb948f1b1a19aaef8b8ea,train,051,TUMMHCD-TEST-TRAIN/TUMMHCDtrain/train_051/mmhc52_883.tif
384,460898d2b5fa1f5ccc4efe2d7a494a9a,test,051,TUMMHCD-TEST-TRAIN/TUMMHCDtest/test_051/mmhc52_81.tif
384,460898d2b5fa1f5ccc4efe2d7a494a9a,train,051,TUMMHCD-TEST-TRAIN/TUMMHCDtrain/train_051/mmhc52_759.tif
385,d1b781e7c73098e6be0211772a78731a,test,051,TUMMHCD-TEST-TRAIN/TUMMHCDtest/test_051/mmhc52_94.tif
385,d1b781e7c73098e6be0211772a78731a,train,051,TUMMHCD-TEST-TRAIN/TUMMHCDtrain/train_051/mmhc52_593.tif
386,c7f4f4a75ab5f59194992491e15b837b,test,051,TUMMHCD-TEST-TRAIN/TUMMHCDtest/test_051/mmhc52_98.tif
386,c7f4f4a75ab5f59194992491e15b837b,test,051,TUMMHCD-TEST-TRAIN/TUMMHCDtest/test_051/mmhc52_186.tif
387,bbcff2f89faab81458175654dff4e4d8,test,051,TUMMHCD-TEST-TRAIN/TUMMHCDtest/test_051/mmhc52_110.tif
387,bbcff2f89faab81458175654dff4e4d8,test,051,TUMMHCD-TEST-TRAIN/TUMMHCDtest/test_051/mmhc52_188.tif
388,27c4e2b93ac45af27d9c6f7907b04e73,test,051,TUMMHCD-TEST-TRAIN/TUMMHCDtest/test_051/mmhc52_123.tif
388,27c4e2b93ac45af27d9c6f7907b04e73,train,051,TUMMHCD-TEST-TRAIN/TUMMHCDtrain/train_051/mmhc52_1132.tif
389,9e27b6a32c85307a251433c8d1908bb9,test,051,TUMMHCD-TEST-TRAIN/TUMMHCDtest/test_051/mmhc52_133.tif
389,9e27b6a32c85307a251433c8d1908bb9,train,051,TUMMHCD-TEST-TRAIN/TUMMHCDtrain/train_051/mmhc52_1234.tif
390,917182f02c7839f71a149b8f42dab8b4,test,051,TUMMHCD-TEST-TRAIN/TUMMHCDtest/test_051/mmhc52_136.tif
390,917182f02c7839f71a149b8f42dab8b4,train,051,TUMMHCD-TEST-TRAIN/TUMMHCDtrain/train_051/mmhc52_371.tif
391,1714cb9dd06a52fc2e53c2d81c95d916,test,051,TUMMHCD-TEST-TRAIN/TUMMHCDtest/test_051/mmhc52_140.tif
391,1714cb9dd06a52fc2e53c2d81c95d916,train,051,TUMMHCD-TEST-TRAIN/TUMMHCDtrain/train_051/mmhc52_1214.tif
392,b3d31735afd37045465aafe2b72e7150,test,051,TUMMHCD-TEST-TRAIN/TUMMHCDtest/test_051/mmhc52_141.tif
392,b3d31735afd37045465aafe2b72e7150,test,051,TUMMHCD-TEST-TRAIN/TUMMHCDtest/test_051/mmhc52_148.tif
393,7fbe3af23f71334c98b9691928f3d177,test,051,TUMMHCD-TEST-TRAIN/TUMMHCDtest/test_051/mmhc52_142.tif
393,7fbe3af23f71334c98b9691928f3d177,train,051,TUMMHCD-TEST-TRAIN/TUMMHCDtrain/train_051/mmhc52_631.tif
394,d31044a993d42ef89c5a4ea3a2808623,test,051,TUMMHCD-TEST-TRAIN/TUMMHCDtest/test_051/mmhc52_143.tif
394,d31044a993d42ef89c5a4ea3a2808623,train,051,TUMMHCD-TEST-TRAIN/TUMMHCDtrain/train_051/mmhc52_530.tif
395,1e82a701efaa2cbc938faba3a061d995,test,051,TUMMHCD-TEST-TRAIN/TUMMHCDtest/test_051/mmhc52_144.tif
395,1e82a701efaa2cbc938faba3a061d995,train,051,TUMMHCD-TEST-TRAIN/TUMMHCDtrain/train_051/mmhc52_192.tif
396,192c6a16f79b4d79be75dbfb9e79bc10,test,051,TUMMHCD-TEST-TRAIN/TUMMHCDtest/test_051/mmhc52_145.tif
396,192c6a16f79b4d79be75dbfb9e79bc10,train,051,TUMMHCD-TEST-TRAIN/TUMMHCDtrain/train_051/mmhc52_37.tif
397,e9c41292ce20cba37a022788b0adda17,test,051,TUMMHCD-TEST-TRAIN/TUMMHCDtest/test_051/mmhc52_146.tif
397,e9c41292ce20cba37a022788b0adda17,test,051,TUMMHCD-TEST-TRAIN/TUMMHCDtest/test_051/mmhc52_171.tif
398,ce111a41b38bd668842705e94be9e41f,test,051,TUMMHCD-TEST-TRAIN/TUMMHCDtest/test_051/mmhc52_147.tif
398,ce111a41b38bd668842705e94be9e41f,train,051,TUMMHCD-TEST-TRAIN/TUMMHCDtrain/train_051/mmhc52_307.tif
399,0e4da4644dba7464912190bbaac377a2,test,051,TUMMHCD-TEST-TRAIN/TUMMHCDtest/test_051/mmhc52_149.tif
399,0e4da4644dba7464912190bbaac377a2,train,051,TUMMHCD-TEST-TRAIN/TUMMHCDtrain/train_051/mmhc52_1010.tif
400,2a20137e1bd1c585cb8d9d020bd31588,test,051,TUMMHCD-TEST-TRAIN/TUMMHCDtest/test_051/mmhc52_150.tif
400,2a20137e1bd1c585cb8d9d020bd31588,train,051,TUMMHCD-TEST-TRAIN/TUMMHCDtrain/train_051/mmhc52_1094.tif
401,bbe98c679940b264c7e0053aa7e01779,test,051,TUMMHCD-TEST-TRAIN/TUMMHCDtest/test_051/mmhc52_151.tif
401,bbe98c679940b264c7e0053aa7e01779,train,051,TUMMHCD-TEST-TRAIN/TUMMHCDtrain/train_051/mmhc52_85.tif
402,599823017174be6e917191f4a82a0ad4,test,051,TUMMHCD-TEST-TRAIN/TUMMHCDtest/test_051/mmhc52_152.tif
402,599823017174be6e917191f4a82a0ad4,train,051,TUMMHCD-TEST-TRAIN/TUMMHCDtrain/train_051/mmhc52_611.tif
403,4525152ad522e6806fe307e9547d9c35,test,051,TUMMHCD-TEST-TRAIN/TUMMHCDtest/test_051/mmhc52_153.tif
403,4525152ad522e6806fe307e9547d9c35,train,051,TUMMHCD-TEST-TRAIN/TUMMHCDtrain/train_051/mmhc52_483.tif
404,fe3ceb3d219bc48b92f1278bb8f593eb,test,051,TUMMHCD-TEST-TRAIN/TUMMHCDtest/test_051/mmhc52_154.tif
404,fe3ceb3d219bc48b92f1278bb8f593eb,train,051,TUMMHCD-TEST-TRAIN/TUMMHCDtrain/train_051/mmhc52_1242.tif
405,ecb696b0bd946a06c585e3a801313e7d,test,051,TUMMHCD-TEST-TRAIN/TUMMHCDtest/test_051/mmhc52_155.tif
405,ecb696b0bd946a06c585e3a801313e7d,train,051,TUMMHCD-TEST-TRAIN/TUMMHCDtrain/train_051/mmhc52_650.tif
406,f8adbe223b7952ae2b44b1c110707c0b,test,051,TUMMHCD-TEST-TRAIN/TUMMHCDtest/test_051/mmhc52_156.tif
406,f8adbe223b7952ae2b44b1c110707c0b,test,051,TUMMHCD-TEST-TRAIN/TUMMHCDtest/test_051/mmhc52_193.tif
407,dacbf85e9f550c8d462ee3c05e0621f7,test,051,TUMMHCD-TEST-TRAIN/TUMMHCDtest/test_051/mmhc52_157.tif
407,dacbf85e9f550c8d462ee3c05e0621f7,train,051,TUMMHCD-TEST-TRAIN/TUMMHCDtrain/train_051/mmhc52_326.tif
408,9ce3ce6e77e00f365e7238d2f2473dbf,test,051,TUMMHCD-TEST-TRAIN/TUMMHCDtest/test_051/mmhc52_158.tif
408,9ce3ce6e77e00f365e7238d2f2473dbf,test,051,TUMMHCD-TEST-TRAIN/TUMMHCDtest/test_051/mmhc52_172.tif
409,b4024d4f139d971304865442a080e759,test,051,TUMMHCD-TEST-TRAIN/TUMMHCDtest/test_051/mmhc52_159.tif
409,b4024d4f139d971304865442a080e759,train,051,TUMMHCD-TEST-TRAIN/TUMMHCDtrain/train_051/mmhc52_1130.tif
410,8276558c57460bb034c5485ba526dc6d,test,051,TUMMHCD-TEST-TRAIN/TUMMHCDtest/test_051/mmhc52_160.tif
410,8276558c57460bb034c5485ba526dc6d,train,051,TUMMHCD-TEST-TRAIN/TUMMHCDtrain/train_051/mmhc52_164.tif
411,e4189a28ebc838db69c0097dac4db200,test,051,TUMMHCD-TEST-TRAIN/TUMMHCDtest/test_051/mmhc52_161.tif
411,e4189a28ebc838db69c0097dac4db200,train,051,TUMMHCD-TEST-TRAIN/TUMMHCDtrain/train_051/mmhc52_179.tif
412,9482ab5a48363493119746490ca0b6c7,test,051,TUMMHCD-TEST-TRAIN/TUMMHCDtest/test_051/mmhc52_162.tif
412,9482ab5a48363493119746490ca0b6c7,train,051,TUMMHCD-TEST-TRAIN/TUMMHCDtrain/train_051/mmhc52_1018.tif
413,f34c1ae49242aa002560d64059c2a3ee,test,051,TUMMHCD-TEST-TRAIN/TUMMHCDtest/test_051/mmhc52_163.tif
413,f34c1ae49242aa002560d64059c2a3ee,train,051,TUMMHCD-TEST-TRAIN/TUMMHCDtrain/train_051/mmhc52_315.tif
414,6b2e7c82c8408a27454556f8a69d4346,test,051,TUMMHCD-TEST-TRAIN/TUMMHCDtest/test_051/mmhc52_164.tif
414,6b2e7c82c8408a27454556f8a69d4346,train,051,TUMMHCD-TEST-TRAIN/TUMMHCDtrain/train_051/mmhc52_576.tif
415,2df8f90be6d883e0179bc0ddbf111d46,test,051,TUMMHCD-TEST-TRAIN/TUMMHCDtest/test_051/mmhc52_165.tif
415,2df8f90be6d883e0179bc0ddbf111d46,train,051,TUMMHCD-TEST-TRAIN/TUMMHCDtrain/train_051/mmhc52_352.tif
416,9ab32de25daffad886499845e2884cec,test,051,TUMMHCD-TEST-TRAIN/TUMMHCDtest/test_051/mmhc52_166.tif
416,9ab32de25daffad886499845e2884cec,train,051,TUMMHCD-TEST-TRAIN/TUMMHCDtrain/train_051/mmhc52_403.tif
417,57fe6e30d45caf1121bc85f2c4612b9e,test,051,TUMMHCD-TEST-TRAIN/TUMMHCDtest/test_051/mmhc52_167.tif
417,57fe6e30d45caf1121bc85f2c4612b9e,test,051,TUMMHCD-TEST-TRAIN/TUMMHCDtest/test_051/mmhc52_202.tif
418,cfd67be5d20b563dd8d830ff3921a5b3,test,051,TUMMHCD-TEST-TRAIN/TUMMHCDtest/test_051/mmhc52_168.tif
418,cfd67be5d20b563dd8d830ff3921a5b3,train,051,TUMMHCD-TEST-TRAIN/TUMMHCDtrain/train_051/mmhc52_1236.tif
419,db9e225cef74d404a261b6eaab3f7f44,test,051,TUMMHCD-TEST-TRAIN/TUMMHCDtest/test_051/mmhc52_170.tif
419,db9e225cef74d404a261b6eaab3f7f44,train,051,TUMMHCD-TEST-TRAIN/TUMMHCDtrain/train_051/mmhc52_160.tif
420,e0805bedcba9e9471025be98af382b93,test,051,TUMMHCD-TEST-TRAIN/TUMMHCDtest/test_051/mmhc52_173.tif
420,e0805bedcba9e9471025be98af382b93,train,051,TUMMHCD-TEST-TRAIN/TUMMHCDtrain/train_051/mmhc52_868.tif
421,5cae4511242a1c4d7cc3f1991d18717b,test,051,TUMMHCD-TEST-TRAIN/TUMMHCDtest/test_051/mmhc52_174.tif
421,5cae4511242a1c4d7cc3f1991d18717b,train,051,TUMMHCD-TEST-TRAIN/TUMMHCDtrain/train_051/mmhc52_491.tif
422,6683420b8f732142f52f77648db15f00,test,051,TUMMHCD-TEST-TRAIN/TUMMHCDtest/test_051/mmhc52_175.tif
422,6683420b8f732142f52f77648db15f00,train,051,TUMMHCD-TEST-TRAIN/TUMMHCDtrain/train_051/mmhc52_1153.tif
423,dc52ce46b972dbd77299d2ac051985cb,test,051,TUMMHCD-TEST-TRAIN/TUMMHCDtest/test_051/mmhc52_176.tif
423,dc52ce46b972dbd77299d2ac051985cb,train,051,TUMMHCD-TEST-TRAIN/TUMMHCDtrain/train_051/mmhc52_57.tif
424,1bb2f172ac386232d8934e84526fe933,test,051,TUMMHCD-TEST-TRAIN/TUMMHCDtest/test_051/mmhc52_177.tif
424,1bb2f172ac386232d8934e84526fe933,train,051,TUMMHCD-TEST-TRAIN/TUMMHCDtrain/train_051/mmhc52_715.tif
425,01884d6b6131f8873fea878510f04a71,test,051,TUMMHCD-TEST-TRAIN/TUMMHCDtest/test_051/mmhc52_178.tif
425,01884d6b6131f8873fea878510f04a71,train,051,TUMMHCD-TEST-TRAIN/TUMMHCDtrain/train_051/mmhc52_1056.tif
426,e5e914062d07588d17822b7cfb319649,test,051,TUMMHCD-TEST-TRAIN/TUMMHCDtest/test_051/mmhc52_179.tif
426,e5e914062d07588d17822b7cfb319649,train,051,TUMMHCD-TEST-TRAIN/TUMMHCDtrain/train_051/mmhc52_873.tif
427,34dccf3498d55975e7c93fd193c9c75f,test,051,TUMMHCD-TEST-TRAIN/TUMMHCDtest/test_051/mmhc52_180.tif
427,34dccf3498d55975e7c93fd193c9c75f,train,051,TUMMHCD-TEST-TRAIN/TUMMHCDtrain/train_051/mmhc52_544.tif
428,d0f598aa5f8ad4d231251a154a0dab03,test,051,TUMMHCD-TEST-TRAIN/TUMMHCDtest/test_051/mmhc52_181.tif
428,d0f598aa5f8ad4d231251a154a0dab03,train,051,TUMMHCD-TEST-TRAIN/TUMMHCDtrain/train_051/mmhc52_1053.tif
429,42c882758c4032714375e8c6dd5c37f4,test,051,TUMMHCD-TEST-TRAIN/TUMMHCDtest/test_051/mmhc52_183.tif
429,42c882758c4032714375e8c6dd5c37f4,train,051,TUMMHCD-TEST-TRAIN/TUMMHCDtrain/train_051/mmhc52_59.tif
430,f957c78bc4f95623b9f25668131edc0e,test,051,TUMMHCD-TEST-TRAIN/TUMMHCDtest/test_051/mmhc52_184.tif
430,f957c78bc4f95623b9f25668131edc0e,train,051,TUMMHCD-TEST-TRAIN/TUMMHCDtrain/train_051/mmhc52_161.tif
431,6b2b57c787acee8f684caed7a2aef596,test,051,TUMMHCD-TEST-TRAIN/TUMMHCDtest/test_051/mmhc52_185.tif
431,6b2b57c787acee8f684caed7a2aef596,train,051,TUMMHCD-TEST-TRAIN/TUMMHCDtrain/train_051/mmhc52_186.tif
432,149db981158fd672c98c39c972bdce7f,test,051,TUMMHCD-TEST-TRAIN/TUMMHCDtest/test_051/mmhc52_187.tif
432,149db981158fd672c98c39c972bdce7f,train,051,TUMMHCD-TEST-TRAIN/TUMMHCDtrain/train_051/mmhc52_967.tif
433,7274c46acea2eaadfb6e8fe81e01b183,test,051,TUMMHCD-TEST-TRAIN/TUMMHCDtest/test_051/mmhc52_189.tif
433,7274c46acea2eaadfb6e8fe81e01b183,train,051,TUMMHCD-TEST-TRAIN/TUMMHCDtrain/train_051/mmhc52_292.tif
434,8ef062f7ac2a8a8573f8403e33fc51ad,test,051,TUMMHCD-TEST-TRAIN/TUMMHCDtest/test_051/mmhc52_190.tif
434,8ef062f7ac2a8a8573f8403e33fc51ad,train,051,TUMMHCD-TEST-TRAIN/TUMMHCDtrain/train_051/mmhc52_651.tif
435,1f60e41ffa267bfe4c603c2b6c7a3e51,test,051,TUMMHCD-TEST-TRAIN/TUMMHCDtest/test_051/mmhc52_191.tif
435,1f60e41ffa267bfe4c603c2b6c7a3e51,train,051,TUMMHCD-TEST-TRAIN/TUMMHCDtrain/train_051/mmhc52_395.tif
436,1ea72d7cac76e10cf7cf4a6ce49a00ae,test,051,TUMMHCD-TEST-TRAIN/TUMMHCDtest/test_051/mmhc52_192.tif
436,1ea72d7cac76e10cf7cf4a6ce49a00ae,train,051,TUMMHCD-TEST-TRAIN/TUMMHCDtrain/train_051/mmhc52_1217.tif
437,7a03df732d8896f21c93077b64fb32e7,test,051,TUMMHCD-TEST-TRAIN/TUMMHCDtest/test_051/mmhc52_194.tif
437,7a03df732d8896f21c93077b64fb32e7,train,051,TUMMHCD-TEST-TRAIN/TUMMHCDtrain/train_051/mmhc52_270.tif
438,4b600f0ade30a9c34712f73eab7a3235,test,051,TUMMHCD-TEST-TRAIN/TUMMHCDtest/test_051/mmhc52_195.tif
438,4b600f0ade30a9c34712f73eab7a3235,train,051,TUMMHCD-TEST-TRAIN/TUMMHCDtrain/train_051/mmhc52_38.tif
439,562ea59020f5d021b4776fc8020b7e1b,test,051,TUMMHCD-TEST-TRAIN/TUMMHCDtest/test_051/mmhc52_196.tif
439,562ea59020f5d021b4776fc8020b7e1b,train,051,TUMMHCD-TEST-TRAIN/TUMMHCDtrain/train_051/mmhc52_71.tif
440,a97d4c08df3fcd57abac4b83249f5955,test,051,TUMMHCD-TEST-TRAIN/TUMMHCDtest/test_051/mmhc52_197.tif
440,a97d4c08df3fcd57abac4b83249f5955,train,051,TUMMHCD-TEST-TRAIN/TUMMHCDtrain/train_051/mmhc52_1058.tif
441,dfb9a16ae89bfd3b74bd9cb179efdcc8,test,051,TUMMHCD-TEST-TRAIN/TUMMHCDtest/test_051/mmhc52_198.tif
441,dfb9a16ae89bfd3b74bd9cb179efdcc8,train,051,TUMMHCD-TEST-TRAIN/TUMMHCDtrain/train_051/mmhc52_534.tif
442,1f5bf2a528fa0e8c725ae946072ac437,test,051,TUMMHCD-TEST-TRAIN/TUMMHCDtest/test_051/mmhc52_199.tif
442,1f5bf2a528fa0e8c725ae946072ac437,train,051,TUMMHCD-TEST-TRAIN/TUMMHCDtrain/train_051/mmhc52_411.tif
443,e1b61f2c64a7ae8e1570911a18d2aa83,test,051,TUMMHCD-TEST-TRAIN/TUMMHCDtest/test_051/mmhc52_200.tif
443,e1b61f2c64a7ae8e1570911a18d2aa83,train,051,TUMMHCD-TEST-TRAIN/TUMMHCDtrain/train_051/mmhc52_755.tif
444,d4f257eca8bd7227eccaf6fe797b6129,test,051,TUMMHCD-TEST-TRAIN/TUMMHCDtest/test_051/mmhc52_201.tif
444,d4f257eca8bd7227eccaf6fe797b6129,train,051,TUMMHCD-TEST-TRAIN/TUMMHCDtrain/train_051/mmhc52_654.tif
445,c1ddd3e4c40ded6bc75ceba3310cdacd,test,051,TUMMHCD-TEST-TRAIN/TUMMHCDtest/test_051/mmhc52_214.tif
445,c1ddd3e4c40ded6bc75ceba3310cdacd,train,051,TUMMHCD-TEST-TRAIN/TUMMHCDtrain/train_051/mmhc52_1040.tif
446,fc063c017ab80cd4e2f0fe151116c55b,test,052,TUMMHCD-TEST-TRAIN/TUMMHCDtest/test_052/mmhc53_30.tif
446,fc063c017ab80cd4e2f0fe151116c55b,train,052,TUMMHCD-TEST-TRAIN/TUMMHCDtrain/train_052/mmhc53_434.tif
447,b251c4985de1cb567a6637b6dc229f53,test,054,TUMMHCD-TEST-TRAIN/TUMMHCDtest/test_054/mmhc55_5.tif
447,b251c4985de1cb567a6637b6dc229f53,train,054,TUMMHCD-TEST-TRAIN/TUMMHCDtrain/train_054/mmhc55_443.tif
448,d3375a5049aff7906a4fdbde314f107f,test,054,TUMMHCD-TEST-TRAIN/TUMMHCDtest/test_054/mmhc55_12.tif
448,d3375a5049aff7906a4fdbde314f107f,train,054,TUMMHCD-TEST-TRAIN/TUMMHCDtrain/train_054/mmhc55_603.tif
448,d3375a5049aff7906a4fdbde314f107f,train,054,TUMMHCD-TEST-TRAIN/TUMMHCDtrain/train_054/mmhc55_1061.tif
449,fa3c97e7320bb9dfa9a4366c4c293dfa,test,054,TUMMHCD-TEST-TRAIN/TUMMHCDtest/test_054/mmhc55_16.tif
449,fa3c97e7320bb9dfa9a4366c4c293dfa,train,054,TUMMHCD-TEST-TRAIN/TUMMHCDtrain/train_054/mmhc55_298.tif
449,fa3c97e7320bb9dfa9a4366c4c293dfa,train,054,TUMMHCD-TEST-TRAIN/TUMMHCDtrain/train_054/mmhc55_346.tif
450,7c3e1f0a21210af1da98f358f2d4b33f,test,054,TUMMHCD-TEST-TRAIN/TUMMHCDtest/test_054/mmhc55_29.tif
450,7c3e1f0a21210af1da98f358f2d4b33f,train,054,TUMMHCD-TEST-TRAIN/TUMMHCDtrain/train_054/mmhc55_394.tif
450,7c3e1f0a21210af1da98f358f2d4b33f,train,054,TUMMHCD-TEST-TRAIN/TUMMHCDtrain/train_054/mmhc55_946.tif
451,ba82c645af9f3b1931a8c63259cf1ed1,test,054,TUMMHCD-TEST-TRAIN/TUMMHCDtest/test_054/mmhc55_38.tif
451,ba82c645af9f3b1931a8c63259cf1ed1,train,054,TUMMHCD-TEST-TRAIN/TUMMHCDtrain/train_054/mmhc55_446.tif
452,e26cd8061cdaecfe79a304ac91d3ebee,test,054,TUMMHCD-TEST-TRAIN/TUMMHCDtest/test_054/mmhc55_67.tif
452,e26cd8061cdaecfe79a304ac91d3ebee,test,054,TUMMHCD-TEST-TRAIN/TUMMHCDtest/test_054/mmhc55_168.tif
453,985fb99cf50f968ca9d65c40cb69bfad,test,054,TUMMHCD-TEST-TRAIN/TUMMHCDtest/test_054/mmhc55_79.tif
453,985fb99cf50f968ca9d65c40cb69bfad,train,054,TUMMHCD-TEST-TRAIN/TUMMHCDtrain/train_054/mmhc55_424.tif
454,b6f3c9ebcf22d33c18f910a0dc2c5124,test,054,TUMMHCD-TEST-TRAIN/TUMMHCDtest/test_054/mmhc55_81.tif
454,b6f3c9ebcf22d33c18f910a0dc2c5124,train,054,TUMMHCD-TEST-TRAIN/TUMMHCDtrain/train_054/mmhc55_213.tif
454,b6f3c9ebcf22d33c18f910a0dc2c5124,train,054,TUMMHCD-TEST-TRAIN/TUMMHCDtrain/train_054/mmhc55_1003.tif
455,7d536a5cfdd6b0303b2fa3ae48953415,test,054,TUMMHCD-TEST-TRAIN/TUMMHCDtest/test_054/mmhc55_100.tif
455,7d536a5cfdd6b0303b2fa3ae48953415,train,054,TUMMHCD-TEST-TRAIN/TUMMHCDtrain/train_054/mmhc55_1119.tif
456,73f6c7167d6c727fdbb97667cd0eeb82,test,054,TUMMHCD-TEST-TRAIN/TUMMHCDtest/test_054/mmhc55_126.tif
456,73f6c7167d6c727fdbb97667cd0eeb82,train,054,TUMMHCD-TEST-TRAIN/TUMMHCDtrain/train_054/mmhc55_1189.tif
457,d019e14505555fe9d13a61ef6b2b405e,test,054,TUMMHCD-TEST-TRAIN/TUMMHCDtest/test_054/mmhc55_127.tif
457,d019e14505555fe9d13a61ef6b2b405e,train,054,TUMMHCD-TEST-TRAIN/TUMMHCDtrain/train_054/mmhc55_321.tif
458,416cce4af4f07e95c6ab8c3ef1d35c39,test,054,TUMMHCD-TEST-TRAIN/TUMMHCDtest/test_054/mmhc55_130.tif
458,416cce4af4f07e95c6ab8c3ef1d35c39,train,054,TUMMHCD-TEST-TRAIN/TUMMHCDtrain/train_054/mmhc55_902.tif
459,321c89cd867e76b5cf7b39c83e748162,test,054,TUMMHCD-TEST-TRAIN/TUMMHCDtest/test_054/mmhc55_132.tif
459,321c89cd867e76b5cf7b39c83e748162,train,054,TUMMHCD-TEST-TRAIN/TUMMHCDtrain/train_054/mmhc55_641.tif
460,5f9b2bcda56940ba3143bd6564144c95,test,054,TUMMHCD-TEST-TRAIN/TUMMHCDtest/test_054/mmhc55_133.tif
460,5f9b2bcda56940ba3143bd6564144c95,train,054,TUMMHCD-TEST-TRAIN/TUMMHCDtrain/train_054/mmhc55_750.tif
461,26689bd0db7178a301fe72800543702c,test,054,TUMMHCD-TEST-TRAIN/TUMMHCDtest/test_054/mmhc55_134.tif
461,26689bd0db7178a301fe72800543702c,train,054,TUMMHCD-TEST-TRAIN/TUMMHCDtrain/train_054/mmhc55_591.tif
462,3d0c3b176e0c4025aedf8edaa3d457ae,test,054,TUMMHCD-TEST-TRAIN/TUMMHCDtest/test_054/mmhc55_135.tif
462,3d0c3b176e0c4025aedf8edaa3d457ae,train,054,TUMMHCD-TEST-TRAIN/TUMMHCDtrain/train_054/mmhc55_577.tif
463,d5eda24bed7d97331d1e0d25332e40ed,test,054,TUMMHCD-TEST-TRAIN/TUMMHCDtest/test_054/mmhc55_136.tif
463,d5eda24bed7d97331d1e0d25332e40ed,train,054,TUMMHCD-TEST-TRAIN/TUMMHCDtrain/train_054/mmhc55_1143.tif
464,da3c3ad8488857cb1528d34990faa098,test,054,TUMMHCD-TEST-TRAIN/TUMMHCDtest/test_054/mmhc55_137.tif
464,da3c3ad8488857cb1528d34990faa098,test,054,TUMMHCD-TEST-TRAIN/TUMMHCDtest/test_054/mmhc55_151.tif
465,8dac1b9fa6d84eba9d6d528d86e85c99,test,054,TUMMHCD-TEST-TRAIN/TUMMHCDtest/test_054/mmhc55_138.tif
465,8dac1b9fa6d84eba9d6d528d86e85c99,train,054,TUMMHCD-TEST-TRAIN/TUMMHCDtrain/train_054/mmhc55_727.tif
466,0c4e43ffba8a2266df52e2be326e6835,test,054,TUMMHCD-TEST-TRAIN/TUMMHCDtest/test_054/mmhc55_139.tif
466,0c4e43ffba8a2266df52e2be326e6835,train,054,TUMMHCD-TEST-TRAIN/TUMMHCDtrain/train_054/mmhc55_62.tif
467,05a6fd17215c04dadfbacfbef58189bb,test,054,TUMMHCD-TEST-TRAIN/TUMMHCDtest/test_054/mmhc55_140.tif
467,05a6fd17215c04dadfbacfbef58189bb,train,054,TUMMHCD-TEST-TRAIN/TUMMHCDtrain/train_054/mmhc55_777.tif
468,20d4a05d47ec7ae1fb201d35f9340cd4,test,054,TUMMHCD-TEST-TRAIN/TUMMHCDtest/test_054/mmhc55_141.tif
468,20d4a05d47ec7ae1fb201d35f9340cd4,train,054,TUMMHCD-TEST-TRAIN/TUMMHCDtrain/train_054/mmhc55_815.tif
469,5aae4944cfa079690e26a892c3f38eea,test,054,TUMMHCD-TEST-TRAIN/TUMMHCDtest/test_054/mmhc55_142.tif
469,5aae4944cfa079690e26a892c3f38eea,train,054,TUMMHCD-TEST-TRAIN/TUMMHCDtrain/train_054/mmhc55_19.tif
470,1e1d552bc6d1f7e5f226caa2f7f7b6a0,test,054,TUMMHCD-TEST-TRAIN/TUMMHCDtest/test_054/mmhc55_143.tif
470,1e1d552bc6d1f7e5f226caa2f7f7b6a0,test,054,TUMMHCD-TEST-TRAIN/TUMMHCDtest/test_054/mmhc55_173.tif
471,9a5000363c14b3f61f4f9d72539754f6,test,054,TUMMHCD-TEST-TRAIN/TUMMHCDtest/test_054/mmhc55_144.tif
471,9a5000363c14b3f61f4f9d72539754f6,train,054,TUMMHCD-TEST-TRAIN/TUMMHCDtrain/train_054/mmhc55_1190.tif
472,7d74572cc19183a0a156120e2dbcac22,test,054,TUMMHCD-TEST-TRAIN/TUMMHCDtest/test_054/mmhc55_145.tif
472,7d74572cc19183a0a156120e2dbcac22,train,054,TUMMHCD-TEST-TRAIN/TUMMHCDtrain/train_054/mmhc55_562.tif
473,d552e61772345a4859fa73c57a401d5d,test,054,TUMMHCD-TEST-TRAIN/TUMMHCDtest/test_054/mmhc55_146.tif
473,d552e61772345a4859fa73c57a401d5d,train,054,TUMMHCD-TEST-TRAIN/TUMMHCDtrain/train_054/mmhc55_1077.tif
474,3bc2d228b03ccb81c9f370334f4d9e29,test,054,TUMMHCD-TEST-TRAIN/TUMMHCDtest/test_054/mmhc55_147.tif
474,3bc2d228b03ccb81c9f370334f4d9e29,train,054,TUMMHCD-TEST-TRAIN/TUMMHCDtrain/train_054/mmhc55_605.tif
475,735da11e0338098a1fe10fc0896211f5,test,054,TUMMHCD-TEST-TRAIN/TUMMHCDtest/test_054/mmhc55_148.tif
475,735da11e0338098a1fe10fc0896211f5,train,054,TUMMHCD-TEST-TRAIN/TUMMHCDtrain/train_054/mmhc55_478.tif
476,06d4e2b17ac3df77da90f7b3c260e98c,test,054,TUMMHCD-TEST-TRAIN/TUMMHCDtest/test_054/mmhc55_149.tif
476,06d4e2b17ac3df77da90f7b3c260e98c,train,054,TUMMHCD-TEST-TRAIN/TUMMHCDtrain/train_054/mmhc55_374.tif
477,9ed38db2c66dc8b2e50cb30223405428,test,054,TUMMHCD-TEST-TRAIN/TUMMHCDtest/test_054/mmhc55_150.tif
477,9ed38db2c66dc8b2e50cb30223405428,train,054,TUMMHCD-TEST-TRAIN/TUMMHCDtrain/train_054/mmhc55_494.tif
478,9ae0d00209388c6602b4a4b418c42e69,test,054,TUMMHCD-TEST-TRAIN/TUMMHCDtest/test_054/mmhc55_152.tif
478,9ae0d00209388c6602b4a4b418c42e69,train,054,TUMMHCD-TEST-TRAIN/TUMMHCDtrain/train_054/mmhc55_676.tif
479,2c8fae05454ec2fe2ebf3e006cebf64b,test,054,TUMMHCD-TEST-TRAIN/TUMMHCDtest/test_054/mmhc55_153.tif
479,2c8fae05454ec2fe2ebf3e006cebf64b,train,054,TUMMHCD-TEST-TRAIN/TUMMHCDtrain/train_054/mmhc55_182.tif
480,5c1c022eb69a2f40000eca5d55370787,test,054,TUMMHCD-TEST-TRAIN/TUMMHCDtest/test_054/mmhc55_154.tif
480,5c1c022eb69a2f40000eca5d55370787,train,054,TUMMHCD-TEST-TRAIN/TUMMHCDtrain/train_054/mmhc55_220.tif
481,6ce58209ed4969ad6508db55c36ebb3f,test,054,TUMMHCD-TEST-TRAIN/TUMMHCDtest/test_054/mmhc55_155.tif
481,6ce58209ed4969ad6508db55c36ebb3f,train,054,TUMMHCD-TEST-TRAIN/TUMMHCDtrain/train_054/mmhc55_82.tif
482,75448fa43af68c14014c5e6c30b528d9,test,054,TUMMHCD-TEST-TRAIN/TUMMHCDtest/test_054/mmhc55_156.tif
482,75448fa43af68c14014c5e6c30b528d9,train,054,TUMMHCD-TEST-TRAIN/TUMMHCDtrain/train_054/mmhc55_905.tif
483,3cadb84f539347efb69860cc8e88f0d3,test,054,TUMMHCD-TEST-TRAIN/TUMMHCDtest/test_054/mmhc55_157.tif
483,3cadb84f539347efb69860cc8e88f0d3,train,054,TUMMHCD-TEST-TRAIN/TUMMHCDtrain/train_054/mmhc55_212.tif
484,0ff91753ee72ce1b4362768bfb847c51,test,054,TUMMHCD-TEST-TRAIN/TUMMHCDtest/test_054/mmhc55_158.tif
484,0ff91753ee72ce1b4362768bfb847c51,train,054,TUMMHCD-TEST-TRAIN/TUMMHCDtrain/train_054/mmhc55_350.tif
485,fb68157d8962e107182a189259b5bf42,test,054,TUMMHCD-TEST-TRAIN/TUMMHCDtest/test_054/mmhc55_159.tif
485,fb68157d8962e107182a189259b5bf42,train,054,TUMMHCD-TEST-TRAIN/TUMMHCDtrain/train_054/mmhc55_731.tif
486,57a7d860e2f7e5dcead851272086ad37,test,054,TUMMHCD-TEST-TRAIN/TUMMHCDtest/test_054/mmhc55_160.tif
486,57a7d860e2f7e5dcead851272086ad37,train,054,TUMMHCD-TEST-TRAIN/TUMMHCDtrain/train_054/mmhc55_521.tif
487,d70a51ecc64640966319777c3dbeeaaf,test,054,TUMMHCD-TEST-TRAIN/TUMMHCDtest/test_054/mmhc55_161.tif
487,d70a51ecc64640966319777c3dbeeaaf,train,054,TUMMHCD-TEST-TRAIN/TUMMHCDtrain/train_054/mmhc55_463.tif
488,f679fe12454fadf5bf9bb278ad237b05,test,054,TUMMHCD-TEST-TRAIN/TUMMHCDtest/test_054/mmhc55_162.tif
488,f679fe12454fadf5bf9bb278ad237b05,train,054,TUMMHCD-TEST-TRAIN/TUMMHCDtrain/train_054/mmhc55_419.tif
489,1090cfbd75fe85a9561f0b52d4d77d50,test,054,TUMMHCD-TEST-TRAIN/TUMMHCDtest/test_054/mmhc55_163.tif
489,1090cfbd75fe85a9561f0b52d4d77d50,train,054,TUMMHCD-TEST-TRAIN/TUMMHCDtrain/train_054/mmhc55_106.tif
489,1090cfbd75fe85a9561f0b52d4d77d50,train,054,TUMMHCD-TEST-TRAIN/TUMMHCDtrain/train_054/mmhc55_187.tif
489,1090cfbd75fe85a9561f0b52d4d77d50,train,054,TUMMHCD-TEST-TRAIN/TUMMHCDtrain/train_054/mmhc55_1073.tif
490,a740f090c388ca0ffbb77a35f0e0d5b3,test,054,TUMMHCD-TEST-TRAIN/TUMMHCDtest/test_054/mmhc55_164.tif
490,a740f090c388ca0ffbb77a35f0e0d5b3,train,054,TUMMHCD-TEST-TRAIN/TUMMHCDtrain/train_054/mmhc55_674.tif
491,20841e2ea54c6f0bca633b75a3ce0529,test,054,TUMMHCD-TEST-TRAIN/TUMMHCDtest/test_054/mmhc55_165.tif
491,20841e2ea54c6f0bca633b75a3ce0529,train,054,TUMMHCD-TEST-TRAIN/TUMMHCDtrain/train_054/mmhc55_512.tif
492,acff0f3b928dd203553ad095b311d79a,test,054,TUMMHCD-TEST-TRAIN/TUMMHCDtest/test_054/mmhc55_166.tif
492,acff0f3b928dd203553ad095b311d79a,train,054,TUMMHCD-TEST-TRAIN/TUMMHCDtrain/train_054/mmhc55_885.tif
493,af465d164d3dda2372be43279c578b5c,test,054,TUMMHCD-TEST-TRAIN/TUMMHCDtest/test_054/mmhc55_167.tif
493,af465d164d3dda2372be43279c578b5c,train,054,TUMMHCD-TEST-TRAIN/TUMMHCDtrain/train_054/mmhc55_1174.tif
494,97f45132f6bb041d4e5834dcb33e3d70,test,054,TUMMHCD-TEST-TRAIN/TUMMHCDtest/test_054/mmhc55_169.tif
494,97f45132f6bb041d4e5834dcb33e3d70,train,054,TUMMHCD-TEST-TRAIN/TUMMHCDtrain/train_054/mmhc55_395.tif
494,97f45132f6bb041d4e5834dcb33e3d70,train,054,TUMMHCD-TEST-TRAIN/TUMMHCDtrain/train_054/mmhc55_1165.tif
495,110d9e6a6dc74f38a4196b1bbf203dff,test,054,TUMMHCD-TEST-TRAIN/TUMMHCDtest/test_054/mmhc55_170.tif
495,110d9e6a6dc74f38a4196b1bbf203dff,train,054,TUMMHCD-TEST-TRAIN/TUMMHCDtrain/train_054/mmhc55_437.tif
496,6df66f128a5349dee9b9a22a1c6de1fe,test,054,TUMMHCD-TEST-TRAIN/TUMMHCDtest/test_054/mmhc55_171.tif
496,6df66f128a5349dee9b9a22a1c6de1fe,train,054,TUMMHCD-TEST-TRAIN/TUMMHCDtrain/train_054/mmhc55_774.tif
497,cf60cadfebb71913e6ca8750fa0b97ea,test,054,TUMMHCD-TEST-TRAIN/TUMMHCDtest/test_054/mmhc55_172.tif
497,cf60cadfebb71913e6ca8750fa0b97ea,train,054,TUMMHCD-TEST-TRAIN/TUMMHCDtrain/train_054/mmhc55_389.tif
498,cb0697e8b943ecd5557a7ed2b185a302,test,054,TUMMHCD-TEST-TRAIN/TUMMHCDtest/test_054/mmhc55_174.tif
498,cb0697e8b943ecd5557a7ed2b185a302,train,054,TUMMHCD-TEST-TRAIN/TUMMHCDtrain/train_054/mmhc55_109.tif
499,5338ac987b527d291958a89beaa117c5,test,054,TUMMHCD-TEST-TRAIN/TUMMHCDtest/test_054/mmhc55_175.tif
499,5338ac987b527d291958a89beaa117c5,train,054,TUMMHCD-TEST-TRAIN/TUMMHCDtrain/train_054/mmhc55_1185.tif
500,02f07be081a886054256b7a26a85617a,test,054,TUMMHCD-TEST-TRAIN/TUMMHCDtest/test_054/mmhc55_176.tif
500,02f07be081a886054256b7a26a85617a,train,054,TUMMHCD-TEST-TRAIN/TUMMHCDtrain/train_054/mmhc55_375.tif
501,3c2c1291fde8669f03b54c620955cff0,test,054,TUMMHCD-TEST-TRAIN/TUMMHCDtest/test_054/mmhc55_177.tif
501,3c2c1291fde8669f03b54c620955cff0,train,054,TUMMHCD-TEST-TRAIN/TUMMHCDtrain/train_054/mmhc55_737.tif
502,2b89a911af4b5d4525e7b42f9d62bd0c,test,054,TUMMHCD-TEST-TRAIN/TUMMHCDtest/test_054/mmhc55_178.tif
502,2b89a911af4b5d4525e7b42f9d62bd0c,train,054,TUMMHCD-TEST-TRAIN/TUMMHCDtrain/train_054/mmhc55_1124.tif
503,0419442b9fc0b19a2198dc7a0c979b3d,test,054,TUMMHCD-TEST-TRAIN/TUMMHCDtest/test_054/mmhc55_179.tif
503,0419442b9fc0b19a2198dc7a0c979b3d,train,054,TUMMHCD-TEST-TRAIN/TUMMHCDtrain/train_054/mmhc55_1101.tif
504,f93fd31da42623d026c5bf0b7cf94f52,test,054,TUMMHCD-TEST-TRAIN/TUMMHCDtest/test_054/mmhc55_180.tif
504,f93fd31da42623d026c5bf0b7cf94f52,train,054,TUMMHCD-TEST-TRAIN/TUMMHCDtrain/train_054/mmhc55_344.tif
505,ebbb7343db00b9859483c16092d8c481,test,054,TUMMHCD-TEST-TRAIN/TUMMHCDtest/test_054/mmhc55_181.tif
505,ebbb7343db00b9859483c16092d8c481,train,054,TUMMHCD-TEST-TRAIN/TUMMHCDtrain/train_054/mmhc55_328.tif
506,2264809bdcfcb76e3765be8107ff2560,test,054,TUMMHCD-TEST-TRAIN/TUMMHCDtest/test_054/mmhc55_182.tif
506,2264809bdcfcb76e3765be8107ff2560,train,054,TUMMHCD-TEST-TRAIN/TUMMHCDtrain/train_054/mmhc55_504.tif
507,cc421a5229bf3fe025fb30a4a3d2ef37,test,054,TUMMHCD-TEST-TRAIN/TUMMHCDtest/test_054/mmhc55_183.tif
507,cc421a5229bf3fe025fb30a4a3d2ef37,train,054,TUMMHCD-TEST-TRAIN/TUMMHCDtrain/train_054/mmhc55_510.tif
508,eb4b20f52d7f80592c0bce795e911b6e,test,054,TUMMHCD-TEST-TRAIN/TUMMHCDtest/test_054/mmhc55_184.tif
508,eb4b20f52d7f80592c0bce795e911b6e,train,054,TUMMHCD-TEST-TRAIN/TUMMHCDtrain/train_054/mmhc55_735.tif
509,8ec1865b651d1f887607f9e0f4279ec3,test,054,TUMMHCD-TEST-TRAIN/TUMMHCDtest/test_054/mmhc55_185.tif
509,8ec1865b651d1f887607f9e0f4279ec3,train,054,TUMMHCD-TEST-TRAIN/TUMMHCDtrain/train_054/mmhc55_31.tif
510,a2d84cad9375a291dd7e45657a354189,test,054,TUMMHCD-TEST-TRAIN/TUMMHCDtest/test_054/mmhc55_187.tif
510,a2d84cad9375a291dd7e45657a354189,train,054,TUMMHCD-TEST-TRAIN/TUMMHCDtrain/train_054/mmhc55_108.tif
511,a16b3a7c730793c067149750c30bfedc,test,054,TUMMHCD-TEST-TRAIN/TUMMHCDtest/test_054/mmhc55_190.tif
511,a16b3a7c730793c067149750c30bfedc,train,054,TUMMHCD-TEST-TRAIN/TUMMHCDtrain/train_054/mmhc55_292.tif
512,df8516b455a2171f28175287799105c2,test,054,TUMMHCD-TEST-TRAIN/TUMMHCDtest/test_054/mmhc55_195.tif
512,df8516b455a2171f28175287799105c2,train,054,TUMMHCD-TEST-TRAIN/TUMMHCDtrain/train_054/mmhc55_768.tif
513,ef12b85af42931f9aeb8beed535c8b28,test,054,TUMMHCD-TEST-TRAIN/TUMMHCDtest/test_054/mmhc55_199.tif
513,ef12b85af42931f9aeb8beed535c8b28,train,054,TUMMHCD-TEST-TRAIN/TUMMHCDtrain/train_054/mmhc55_574.tif
514,77344322e583495fa314085121b018a0,test,054,TUMMHCD-TEST-TRAIN/TUMMHCDtest/test_054/mmhc55_208.tif
514,77344322e583495fa314085121b018a0,train,054,TUMMHCD-TEST-TRAIN/TUMMHCDtrain/train_054/mmhc55_501.tif
515,171b0e34dcff61adf03c09ae241a72eb,test,054,TUMMHCD-TEST-TRAIN/TUMMHCDtest/test_054/mmhc55_213.tif
515,171b0e34dcff61adf03c09ae241a72eb,train,054,TUMMHCD-TEST-TRAIN/TUMMHCDtrain/train_054/mmhc55_211.tif
516,5403c1ad84a4adb2df9af56e087bf199,train,001,TUMMHCD-TEST-TRAIN/TUMMHCDtrain/train_001/mmhc2_4.tif
516,5403c1ad84a4adb2df9af56e087bf199,train,001,TUMMHCD-TEST-TRAIN/TUMMHCDtrain/train_001/mmhc2_1284.tif
517,25dbabd4617613079421af33aeee4319,train,001,TUMMHCD-TEST-TRAIN/TUMMHCDtrain/train_001/mmhc2_83.tif
517,25dbabd4617613079421af33aeee4319,train,001,TUMMHCD-TEST-TRAIN/TUMMHCDtrain/train_001/mmhc2_1120.tif
518,6f1db91597451c323089a9db769aeb90,train,001,TUMMHCD-TEST-TRAIN/TUMMHCDtrain/train_001/mmhc2_116.tif
518,6f1db91597451c323089a9db769aeb90,train,001,TUMMHCD-TEST-TRAIN/TUMMHCDtrain/train_001/mmhc2_750.tif
519,db6675d7ce2789af6ed63278c4ba7c06,train,001,TUMMHCD-TEST-TRAIN/TUMMHCDtrain/train_001/mmhc2_125.tif
519,db6675d7ce2789af6ed63278c4ba7c06,train,001,TUMMHCD-TEST-TRAIN/TUMMHCDtrain/train_001/mmhc2_594.tif
520,d05a4b2b7823fa5dc976b1f82adb6409,train,001,TUMMHCD-TEST-TRAIN/TUMMHCDtrain/train_001/mmhc2_172.tif
520,d05a4b2b7823fa5dc976b1f82adb6409,train,001,TUMMHCD-TEST-TRAIN/TUMMHCDtrain/train_001/mmhc2_452.tif
521,189d4fa511e87dd1a4be975c16c65f69,train,001,TUMMHCD-TEST-TRAIN/TUMMHCDtrain/train_001/mmhc2_188.tif
521,189d4fa511e87dd1a4be975c16c65f69,train,001,TUMMHCD-TEST-TRAIN/TUMMHCDtrain/train_001/mmhc2_1084.tif
522,db8f9343e23911277303b7265abab292,train,001,TUMMHCD-TEST-TRAIN/TUMMHCDtrain/train_001/mmhc2_241.tif
522,db8f9343e23911277303b7265abab292,train,001,TUMMHCD-TEST-TRAIN/TUMMHCDtrain/train_001/mmhc2_1095.tif
523,ef8a96602767733e8b3b24a973f87b7e,train,001,TUMMHCD-TEST-TRAIN/TUMMHCDtrain/train_001/mmhc2_291.tif
523,ef8a96602767733e8b3b24a973f87b7e,train,008,TUMMHCD-TEST-TRAIN/TUMMHCDtrain/train_008/mmhc9_479.tif
524,22baca91cf750eed268765644dd27fa0,train,001,TUMMHCD-TEST-TRAIN/TUMMHCDtrain/train_001/mmhc2_388.tif
524,22baca91cf750eed268765644dd27fa0,train,001,TUMMHCD-TEST-TRAIN/TUMMHCDtrain/train_001/mmhc2_1127.tif
525,fc9414aafd67c60a728016121fc80f30,train,001,TUMMHCD-TEST-TRAIN/TUMMHCDtrain/train_001/mmhc2_609.tif
525,fc9414aafd67c60a728016121fc80f30,train,008,TUMMHCD-TEST-TRAIN/TUMMHCDtrain/train_008/mmhc9_771.tif
526,0ddf5ecdb1f4802e4306016933530220,train,001,TUMMHCD-TEST-TRAIN/TUMMHCDtrain/train_001/mmhc2_671.tif
526,0ddf5ecdb1f4802e4306016933530220,train,001,TUMMHCD-TEST-TRAIN/TUMMHCDtrain/train_001/mmhc2_778.tif
527,57a0978da6ef8f3be110a043ae1e9443,train,001,TUMMHCD-TEST-TRAIN/TUMMHCDtrain/train_001/mmhc2_673.tif
527,57a0978da6ef8f3be110a043ae1e9443,train,001,TUMMHCD-TEST-TRAIN/TUMMHCDtrain/train_001/mmhc2_968.tif
528,b7247cde265829519dd4f1ba45f39499,train,001,TUMMHCD-TEST-TRAIN/TUMMHCDtrain/train_001/mmhc2_674.tif
528,b7247cde265829519dd4f1ba45f39499,train,002,TUMMHCD-TEST-TRAIN/TUMMHCDtrain/train_002/mmhc3_40.tif
529,aaeeb3be9ef8f8dd84cd865d662f26e5,train,001,TUMMHCD-TEST-TRAIN/TUMMHCDtrain/train_001/mmhc2_690.tif
529,aaeeb3be9ef8f8dd84cd865d662f26e5,train,002,TUMMHCD-TEST-TRAIN/TUMMHCDtrain/train_002/mmhc3_927.tif
530,242c08b726b90e71587cf9c7f9b18c58,train,001,TUMMHCD-TEST-TRAIN/TUMMHCDtrain/train_001/mmhc2_716.tif
530,242c08b726b90e71587cf9c7f9b18c58,train,001,TUMMHCD-TEST-TRAIN/TUMMHCDtrain/train_001/mmhc2_1510.tif
531,a628d6bb2fcd6392b1d614cd46522ee9,train,001,TUMMHCD-TEST-TRAIN/TUMMHCDtrain/train_001/mmhc2_912.tif
531,a628d6bb2fcd6392b1d614cd46522ee9,train,001,TUMMHCD-TEST-TRAIN/TUMMHCDtrain/train_001/mmhc2_1049.tif
532,e13ed8d2db780fc3a49534a327e8ba6d,train,001,TUMMHCD-TEST-TRAIN/TUMMHCDtrain/train_001/mmhc2_956.tif
532,e13ed8d2db780fc3a49534a327e8ba6d,train,001,TUMMHCD-TEST-TRAIN/TUMMHCDtrain/train_001/mmhc2_972.tif
533,2e772abfa7e0072dd5676824f8a67d9d,train,001,TUMMHCD-TEST-TRAIN/TUMMHCDtrain/train_001/mmhc2_1109.tif
533,2e772abfa7e0072dd5676824f8a67d9d,train,002,TUMMHCD-TEST-TRAIN/TUMMHCDtrain/train_002/mmhc3_176.tif
534,3d04a4566df43009e1dded7350b443bb,train,001,TUMMHCD-TEST-TRAIN/TUMMHCDtrain/train_001/mmhc2_1364.tif
534,3d04a4566df43009e1dded7350b443bb,train,002,TUMMHCD-TEST-TRAIN/TUMMHCDtrain/train_002/mmhc3_1297.tif
535,5ae1aee617122ad32095491892d85479,train,001,TUMMHCD-TEST-TRAIN/TUMMHCDtrain/train_001/mmhc2_1399.tif
535,5ae1aee617122ad32095491892d85479,train,002,TUMMHCD-TEST-TRAIN/TUMMHCDtrain/train_002/mmhc3_1472.tif
536,fa44196e26a660825d54a75c6f494545,train,001,TUMMHCD-TEST-TRAIN/TUMMHCDtrain/train_001/mmhc2_1456.tif
536,fa44196e26a660825d54a75c6f494545,train,008,TUMMHCD-TEST-TRAIN/TUMMHCDtrain/train_008/mmhc9_1513.tif
537,a5676c61ae22d4bfa30c56d69e6e11b6,train,001,TUMMHCD-TEST-TRAIN/TUMMHCDtrain/train_001/mmhc2_1493.tif
537,a5676c61ae22d4bfa30c56d69e6e11b6,train,002,TUMMHCD-TEST-TRAIN/TUMMHCDtrain/train_002/mmhc3_1018.tif
538,dd2f1b0982fc74fdca13610aa7a5713b,train,002,TUMMHCD-TEST-TRAIN/TUMMHCDtrain/train_002/mmhc3_227.tif
538,dd2f1b0982fc74fdca13610aa7a5713b,train,002,TUMMHCD-TEST-TRAIN/TUMMHCDtrain/train_002/mmhc3_830.tif
539,c34cfdc4d5bb92f0f56a419472c37950,train,002,TUMMHCD-TEST-TRAIN/TUMMHCDtrain/train_002/mmhc3_600.tif
539,c34cfdc4d5bb92f0f56a419472c37950,train,002,TUMMHCD-TEST-TRAIN/TUMMHCDtrain/train_002/mmhc3_1432.tif
540,35423dbbd2d2bdb7612f65aef11a0fa2,train,002,TUMMHCD-TEST-TRAIN/TUMMHCDtrain/train_002/mmhc3_800.tif
540,35423dbbd2d2bdb7612f65aef11a0fa2,train,002,TUMMHCD-TEST-TRAIN/TUMMHCDtrain/train_002/mmhc3_1556.tif
541,8162a2726fa42a16c59679dc29b7beb2,train,003,TUMMHCD-TEST-TRAIN/TUMMHCDtrain/train_003/mmhc4_277.tif
541,8162a2726fa42a16c59679dc29b7beb2,train,003,TUMMHCD-TEST-TRAIN/TUMMHCDtrain/train_003/mmhc4_1344.tif
542,9a9bebf1d2bf33f6c1acc855f1c1da61,train,003,TUMMHCD-TEST-TRAIN/TUMMHCDtrain/train_003/mmhc4_339.tif
542,9a9bebf1d2bf33f6c1acc855f1c1da61,train,003,TUMMHCD-TEST-TRAIN/TUMMHCDtrain/train_003/mmhc4_444.tif
543,1c7e4c2e9f8b03040404458dcf2211bc,train,003,TUMMHCD-TEST-TRAIN/TUMMHCDtrain/train_003/mmhc4_397.tif
543,1c7e4c2e9f8b03040404458dcf2211bc,train,003,TUMMHCD-TEST-TRAIN/TUMMHCDtrain/train_003/mmhc4_986.tif
544,182536f074c8cac07466fa5c7496b783,train,003,TUMMHCD-TEST-TRAIN/TUMMHCDtrain/train_003/mmhc4_442.tif
544,182536f074c8cac07466fa5c7496b783,train,003,TUMMHCD-TEST-TRAIN/TUMMHCDtrain/train_003/mmhc4_693.tif
545,fe196125e31dc7173a81a2febb75f66e,train,003,TUMMHCD-TEST-TRAIN/TUMMHCDtrain/train_003/mmhc4_675.tif
545,fe196125e31dc7173a81a2febb75f66e,train,003,TUMMHCD-TEST-TRAIN/TUMMHCDtrain/train_003/mmhc4_1262.tif
546,60e5629129d47209f96b4ca1c5f3de10,train,003,TUMMHCD-TEST-TRAIN/TUMMHCDtrain/train_003/mmhc4_775.tif
546,60e5629129d47209f96b4ca1c5f3de10,train,003,TUMMHCD-TEST-TRAIN/TUMMHCDtrain/train_003/mmhc4_1504.tif
547,d189226b6701de5fca295b030352563e,train,003,TUMMHCD-TEST-TRAIN/TUMMHCDtrain/train_003/mmhc4_1071.tif
547,d189226b6701de5fca295b030352563e,train,003,TUMMHCD-TEST-TRAIN/TUMMHCDtrain/train_003/mmhc4_1120.tif
548,b511158773c1903d5f97306bb17089f1,train,003,TUMMHCD-TEST-TRAIN/TUMMHCDtrain/train_003/mmhc4_1231.tif
548,b511158773c1903d5f97306bb17089f1,train,003,TUMMHCD-TEST-TRAIN/TUMMHCDtrain/train_003/mmhc4_1512.tif
549,7f0d6be4c8c1204d6c98fd9d1e16e735,train,004,TUMMHCD-TEST-TRAIN/TUMMHCDtrain/train_004/mmhc5_313.tif
549,7f0d6be4c8c1204d6c98fd9d1e16e735,train,004,TUMMHCD-TEST-TRAIN/TUMMHCDtrain/train_004/mmhc5_775.tif
550,323ed8c35960d660b61ac39a19c320a3,train,004,TUMMHCD-TEST-TRAIN/TUMMHCDtrain/train_004/mmhc5_367.tif
550,323ed8c35960d660b61ac39a19c320a3,train,004,TUMMHCD-TEST-TRAIN/TUMMHCDtrain/train_004/mmhc5_735.tif
551,6ff0a5ea751d2bca9e2ecaf5b2c202b5,train,005,TUMMHCD-TEST-TRAIN/TUMMHCDtrain/train_005/mmhc6_57.tif
551,6ff0a5ea751d2bca9e2ecaf5b2c202b5,train,005,TUMMHCD-TEST-TRAIN/TUMMHCDtrain/train_005/mmhc6_935.tif
552,b21953b5ecf7d00c5ba9adfe2495c39d,train,005,TUMMHCD-TEST-TRAIN/TUMMHCDtrain/train_005/mmhc6_718.tif
552,b21953b5ecf7d00c5ba9adfe2495c39d,train,005,TUMMHCD-TEST-TRAIN/TUMMHCDtrain/train_005/mmhc6_1254.tif
553,035a63e1789507883ae22bb70b01fed7,train,006,TUMMHCD-TEST-TRAIN/TUMMHCDtrain/train_006/mmhc7_37.tif
553,035a63e1789507883ae22bb70b01fed7,train,006,TUMMHCD-TEST-TRAIN/TUMMHCDtrain/train_006/mmhc7_479.tif
554,00358f9372df3ca7f66f44b3d0478663,train,006,TUMMHCD-TEST-TRAIN/TUMMHCDtrain/train_006/mmhc7_961.tif
554,00358f9372df3ca7f66f44b3d0478663,train,006,TUMMHCD-TEST-TRAIN/TUMMHCDtrain/train_006/mmhc7_1134.tif
555,a9fd7bd75b7aa66f7b2205f3f7da6ffb,train,006,TUMMHCD-TEST-TRAIN/TUMMHCDtrain/train_006/mmhc7_1198.tif
555,a9fd7bd75b7aa66f7b2205f3f7da6ffb,train,006,TUMMHCD-TEST-TRAIN/TUMMHCDtrain/train_006/mmhc7_1356.tif
556,fd4ff053704b1c2551bfe199da64a740,train,006,TUMMHCD-TEST-TRAIN/TUMMHCDtrain/train_006/mmhc7_1498.tif
556,fd4ff053704b1c2551bfe199da64a740,train,006,TUMMHCD-TEST-TRAIN/TUMMHCDtrain/train_006/mmhc7_1504.tif
557,57701afd7330651ff11e5faf0696a18f,train,007,TUMMHCD-TEST-TRAIN/TUMMHCDtrain/train_007/mmhc8_55.tif
557,57701afd7330651ff11e5faf0696a18f,train,007,TUMMHCD-TEST-TRAIN/TUMMHCDtrain/train_007/mmhc8_491.tif
558,148ecc52bd3068f8126edbb9b76c3fd5,train,007,TUMMHCD-TEST-TRAIN/TUMMHCDtrain/train_007/mmhc8_635.tif
558,148ecc52bd3068f8126edbb9b76c3fd5,train,008,TUMMHCD-TEST-TRAIN/TUMMHCDtrain/train_008/mmhc9_1457.tif
559,41cde49100eec472735cba61be94c93f,train,008,TUMMHCD-TEST-TRAIN/TUMMHCDtrain/train_008/mmhc9_73.tif
559,41cde49100eec472735cba61be94c93f,train,008,TUMMHCD-TEST-TRAIN/TUMMHCDtrain/train_008/mmhc9_749.tif
560,2293a8bf62ba1985d9a2d61b657a366e,train,008,TUMMHCD-TEST-TRAIN/TUMMHCDtrain/train_008/mmhc9_131.tif
560,2293a8bf62ba1985d9a2d61b657a366e,train,008,TUMMHCD-TEST-TRAIN/TUMMHCDtrain/train_008/mmhc9_678.tif
561,85a996b4b41bd1a1d0f3fd8b8d6107e0,train,008,TUMMHCD-TEST-TRAIN/TUMMHCDtrain/train_008/mmhc9_510.tif
561,85a996b4b41bd1a1d0f3fd8b8d6107e0,train,008,TUMMHCD-TEST-TRAIN/TUMMHCDtrain/train_008/mmhc9_580.tif
562,9b82ef4c3d128af589a36eb746ee1a00,train,008,TUMMHCD-TEST-TRAIN/TUMMHCDtrain/train_008/mmhc9_655.tif
562,9b82ef4c3d128af589a36eb746ee1a00,train,008,TUMMHCD-TEST-TRAIN/TUMMHCDtrain/train_008/mmhc9_915.tif
563,1b04b4d4403ee4e0b1c877bff52dad94,train,008,TUMMHCD-TEST-TRAIN/TUMMHCDtrain/train_008/mmhc9_716.tif
563,1b04b4d4403ee4e0b1c877bff52dad94,train,008,TUMMHCD-TEST-TRAIN/TUMMHCDtrain/train_008/mmhc9_1336.tif
564,922bb3815ac6d863767fa97cc8f113c4,train,008,TUMMHCD-TEST-TRAIN/TUMMHCDtrain/train_008/mmhc9_807.tif
564,922bb3815ac6d863767fa97cc8f113c4,train,008,TUMMHCD-TEST-TRAIN/TUMMHCDtrain/train_008/mmhc9_818.tif
565,668ad85c36fa16df93555f866c2a683e,train,008,TUMMHCD-TEST-TRAIN/TUMMHCDtrain/train_008/mmhc9_1144.tif
565,668ad85c36fa16df93555f866c2a683e,train,008,TUMMHCD-TEST-TRAIN/TUMMHCDtrain/train_008/mmhc9_1394.tif
566,2e407e3a140d954df10d8603fb278059,train,008,TUMMHCD-TEST-TRAIN/TUMMHCDtrain/train_008/mmhc9_1201.tif
566,2e407e3a140d954df10d8603fb278059,train,008,TUMMHCD-TEST-TRAIN/TUMMHCDtrain/train_008/mmhc9_1211.tif
567,7b7c777d094287067efea5f20086036b,train,009,TUMMHCD-TEST-TRAIN/TUMMHCDtrain/train_009/mmhc10_29.tif
567,7b7c777d094287067efea5f20086036b,train,009,TUMMHCD-TEST-TRAIN/TUMMHCDtrain/train_009/mmhc10_869.tif
568,271dcff7f44fba223328791ec6d16de4,train,009,TUMMHCD-TEST-TRAIN/TUMMHCDtrain/train_009/mmhc10_128.tif
568,271dcff7f44fba223328791ec6d16de4,train,009,TUMMHCD-TEST-TRAIN/TUMMHCDtrain/train_009/mmhc10_788.tif
569,d52545573178588e83c1e6377fe48423,train,009,TUMMHCD-TEST-TRAIN/TUMMHCDtrain/train_009/mmhc10_182.tif
569,d52545573178588e83c1e6377fe48423,train,009,TUMMHCD-TEST-TRAIN/TUMMHCDtrain/train_009/mmhc10_924.tif
570,5d20ec30f0267ca2e6e9da70b7577431,train,009,TUMMHCD-TEST-TRAIN/TUMMHCDtrain/train_009/mmhc10_204.tif
570,5d20ec30f0267ca2e6e9da70b7577431,train,009,TUMMHCD-TEST-TRAIN/TUMMHCDtrain/train_009/mmhc10_421.tif
571,7625762c4f94de3da608d5cc4db6c2f1,train,009,TUMMHCD-TEST-TRAIN/TUMMHCDtrain/train_009/mmhc10_230.tif
571,7625762c4f94de3da608d5cc4db6c2f1,train,009,TUMMHCD-TEST-TRAIN/TUMMHCDtrain/train_009/mmhc10_284.tif
572,e15548f7d4ff729a07c03f31dcebe26f,train,009,TUMMHCD-TEST-TRAIN/TUMMHCDtrain/train_009/mmhc10_544.tif
572,e15548f7d4ff729a07c03f31dcebe26f,train,009,TUMMHCD-TEST-TRAIN/TUMMHCDtrain/train_009/mmhc10_959.tif
573,c6160355fe8993209a0202812f4d49bd,train,009,TUMMHCD-TEST-TRAIN/TUMMHCDtrain/train_009/mmhc10_819.tif
573,c6160355fe8993209a0202812f4d49bd,train,009,TUMMHCD-TEST-TRAIN/TUMMHCDtrain/train_009/mmhc10_1097.tif
574,c69f629bf2bd4558069e098b0c10a563,train,009,TUMMHCD-TEST-TRAIN/TUMMHCDtrain/train_009/mmhc10_915.tif
574,c69f629bf2bd4558069e098b0c10a563,train,009,TUMMHCD-TEST-TRAIN/TUMMHCDtrain/train_009/mmhc10_1604.tif
575,f8217db8cb1d0330c2be23e1912075c7,train,009,TUMMHCD-TEST-TRAIN/TUMMHCDtrain/train_009/mmhc10_1427.tif
575,f8217db8cb1d0330c2be23e1912075c7,train,009,TUMMHCD-TEST-TRAIN/TUMMHCDtrain/train_009/mmhc10_1508.tif
576,a473ec3d57f65f9305ce45c23582f864,train,010,TUMMHCD-TEST-TRAIN/TUMMHCDtrain/train_010/mmhc11_17.tif
576,a473ec3d57f65f9305ce45c23582f864,train,010,TUMMHCD-TEST-TRAIN/TUMMHCDtrain/train_010/mmhc11_584.tif
576,a473ec3d57f65f9305ce45c23582f864,train,010,TUMMHCD-TEST-TRAIN/TUMMHCDtrain/train_010/mmhc11_795.tif
577,c613c4afdc5dc5bcf6912606e04d8920,train,010,TUMMHCD-TEST-TRAIN/TUMMHCDtrain/train_010/mmhc11_34.tif
577,c613c4afdc5dc5bcf6912606e04d8920,train,010,TUMMHCD-TEST-TRAIN/TUMMHCDtrain/train_010/mmhc11_313.tif
578,d67091cf5da44c6eb57ada433127d06e,train,010,TUMMHCD-TEST-TRAIN/TUMMHCDtrain/train_010/mmhc11_45.tif
578,d67091cf5da44c6eb57ada433127d06e,train,010,TUMMHCD-TEST-TRAIN/TUMMHCDtrain/train_010/mmhc11_861.tif
579,4ed7b748300e376df6a4c57976c12035,train,010,TUMMHCD-TEST-TRAIN/TUMMHCDtrain/train_010/mmhc11_56.tif
579,4ed7b748300e376df6a4c57976c12035,train,010,TUMMHCD-TEST-TRAIN/TUMMHCDtrain/train_010/mmhc11_516.tif
580,240d0d59c5a191a36e3319078f456b94,train,010,TUMMHCD-TEST-TRAIN/TUMMHCDtrain/train_010/mmhc11_61.tif
580,240d0d59c5a191a36e3319078f456b94,train,010,TUMMHCD-TEST-TRAIN/TUMMHCDtrain/train_010/mmhc11_781.tif
581,c91c9252040415946921f8881dc413de,train,010,TUMMHCD-TEST-TRAIN/TUMMHCDtrain/train_010/mmhc11_66.tif
581,c91c9252040415946921f8881dc413de,train,010,TUMMHCD-TEST-TRAIN/TUMMHCDtrain/train_010/mmhc11_1207.tif
582,4d92adc7a4917d66d4ce537cad02c5be,train,010,TUMMHCD-TEST-TRAIN/TUMMHCDtrain/train_010/mmhc11_73.tif
582,4d92adc7a4917d66d4ce537cad02c5be,train,010,TUMMHCD-TEST-TRAIN/TUMMHCDtrain/train_010/mmhc11_638.tif
583,871063bb206ab2edf424c0f3fddc7f94,train,010,TUMMHCD-TEST-TRAIN/TUMMHCDtrain/train_010/mmhc11_78.tif
583,871063bb206ab2edf424c0f3fddc7f94,train,010,TUMMHCD-TEST-TRAIN/TUMMHCDtrain/train_010/mmhc11_1105.tif
584,608a11969de66d8798b74f5be0dc4a70,train,010,TUMMHCD-TEST-TRAIN/TUMMHCDtrain/train_010/mmhc11_84.tif
584,608a11969de66d8798b74f5be0dc4a70,train,010,TUMMHCD-TEST-TRAIN/TUMMHCDtrain/train_010/mmhc11_285.tif
585,d2faea0e3b07bd56d6589a95034f56fe,train,010,TUMMHCD-TEST-TRAIN/TUMMHCDtrain/train_010/mmhc11_91.tif
585,d2faea0e3b07bd56d6589a95034f56fe,train,010,TUMMHCD-TEST-TRAIN/TUMMHCDtrain/train_010/mmhc11_529.tif
586,1b405d1f9c1e0d9a5f0444ee5c48df89,train,010,TUMMHCD-TEST-TRAIN/TUMMHCDtrain/train_010/mmhc11_102.tif
586,1b405d1f9c1e0d9a5f0444ee5c48df89,train,010,TUMMHCD-TEST-TRAIN/TUMMHCDtrain/train_010/mmhc11_157.tif
586,1b405d1f9c1e0d9a5f0444ee5c48df89,train,010,TUMMHCD-TEST-TRAIN/TUMMHCDtrain/train_010/mmhc11_159.tif
587,c219046d290ff9d890bc48bf78913aab,train,010,TUMMHCD-TEST-TRAIN/TUMMHCDtrain/train_010/mmhc11_105.tif
587,c219046d290ff9d890bc48bf78913aab,train,010,TUMMHCD-TEST-TRAIN/TUMMHCDtrain/train_010/mmhc11_698.tif
588,1e62dd735e2c74c19bf70c389248b8a3,train,010,TUMMHCD-TEST-TRAIN/TUMMHCDtrain/train_010/mmhc11_106.tif
588,1e62dd735e2c74c19bf70c389248b8a3,train,010,TUMMHCD-TEST-TRAIN/TUMMHCDtrain/train_010/mmhc11_385.tif
588,1e62dd735e2c74c19bf70c389248b8a3,train,010,TUMMHCD-TEST-TRAIN/TUMMHCDtrain/train_010/mmhc11_948.tif
589,525723b9e12e56661ee6f0e3b94e8b01,train,010,TUMMHCD-TEST-TRAIN/TUMMHCDtrain/train_010/mmhc11_117.tif
589,525723b9e12e56661ee6f0e3b94e8b01,train,010,TUMMHCD-TEST-TRAIN/TUMMHCDtrain/train_010/mmhc11_717.tif
590,6de6de7c234cf4b94021ddf98a0a7b45,train,010,TUMMHCD-TEST-TRAIN/TUMMHCDtrain/train_010/mmhc11_119.tif
590,6de6de7c234cf4b94021ddf98a0a7b45,train,010,TUMMHCD-TEST-TRAIN/TUMMHCDtrain/train_010/mmhc11_567.tif
591,5f6e062bd69319df0dfd1044589bd21d,train,010,TUMMHCD-TEST-TRAIN/TUMMHCDtrain/train_010/mmhc11_153.tif
591,5f6e062bd69319df0dfd1044589bd21d,train,010,TUMMHCD-TEST-TRAIN/TUMMHCDtrain/train_010/mmhc11_1189.tif
592,a32ea86e08121b817b2417245cd54ace,train,010,TUMMHCD-TEST-TRAIN/TUMMHCDtrain/train_010/mmhc11_155.tif
592,a32ea86e08121b817b2417245cd54ace,train,010,TUMMHCD-TEST-TRAIN/TUMMHCDtrain/train_010/mmhc11_994.tif
593,f97cf8eb9e76f287750a2bb688daeb16,train,010,TUMMHCD-TEST-TRAIN/TUMMHCDtrain/train_010/mmhc11_173.tif
593,f97cf8eb9e76f287750a2bb688daeb16,train,010,TUMMHCD-TEST-TRAIN/TUMMHCDtrain/train_010/mmhc11_243.tif
594,dd5c3997b98580407fb275c9e054c3e8,train,010,TUMMHCD-TEST-TRAIN/TUMMHCDtrain/train_010/mmhc11_175.tif
594,dd5c3997b98580407fb275c9e054c3e8,train,010,TUMMHCD-TEST-TRAIN/TUMMHCDtrain/train_010/mmhc11_897.tif
595,4d9d9e9327a60d867a791bfdf495ac2b,train,010,TUMMHCD-TEST-TRAIN/TUMMHCDtrain/train_010/mmhc11_215.tif
595,4d9d9e9327a60d867a791bfdf495ac2b,train,010,TUMMHCD-TEST-TRAIN/TUMMHCDtrain/train_010/mmhc11_318.tif
596,76a71812bd80c90e3af574cc41337474,train,010,TUMMHCD-TEST-TRAIN/TUMMHCDtrain/train_010/mmhc11_219.tif
596,76a71812bd80c90e3af574cc41337474,train,010,TUMMHCD-TEST-TRAIN/TUMMHCDtrain/train_010/mmhc11_844.tif
597,43e5488fa17b945f6f01b8db4d4922bf,train,010,TUMMHCD-TEST-TRAIN/TUMMHCDtrain/train_010/mmhc11_329.tif
597,43e5488fa17b945f6f01b8db4d4922bf,train,010,TUMMHCD-TEST-TRAIN/TUMMHCDtrain/train_010/mmhc11_1237.tif
598,f80c434196c5700025497099cc1582fe,train,010,TUMMHCD-TEST-TRAIN/TUMMHCDtrain/train_010/mmhc11_352.tif
598,f80c434196c5700025497099cc1582fe,train,010,TUMMHCD-TEST-TRAIN/TUMMHCDtrain/train_010/mmhc11_528.tif
599,7e887c8c432502304b3b5555a1cf9902,train,010,TUMMHCD-TEST-TRAIN/TUMMHCDtrain/train_010/mmhc11_471.tif
599,7e887c8c432502304b3b5555a1cf9902,train,010,TUMMHCD-TEST-TRAIN/TUMMHCDtrain/train_010/mmhc11_565.tif
600,1de988a9bbcba05cc6f836c1b0b18e85,train,010,TUMMHCD-TEST-TRAIN/TUMMHCDtrain/train_010/mmhc11_487.tif
600,1de988a9bbcba05cc6f836c1b0b18e85,train,010,TUMMHCD-TEST-TRAIN/TUMMHCDtrain/train_010/mmhc11_958.tif
601,d46cc98972d409961d697cae500f52a8,train,010,TUMMHCD-TEST-TRAIN/TUMMHCDtrain/train_010/mmhc11_501.tif
601,d46cc98972d409961d697cae500f52a8,train,010,TUMMHCD-TEST-TRAIN/TUMMHCDtrain/train_010/mmhc11_1254.tif
602,0500a4d5808ca20f51a1fc1b83253919,train,010,TUMMHCD-TEST-TRAIN/TUMMHCDtrain/train_010/mmhc11_502.tif
602,0500a4d5808ca20f51a1fc1b83253919,train,010,TUMMHCD-TEST-TRAIN/TUMMHCDtrain/train_010/mmhc11_604.tif
603,196b7078ed0dfc903548890629ec4511,train,010,TUMMHCD-TEST-TRAIN/TUMMHCDtrain/train_010/mmhc11_517.tif
603,196b7078ed0dfc903548890629ec4511,train,010,TUMMHCD-TEST-TRAIN/TUMMHCDtrain/train_010/mmhc11_885.tif
604,41d3b506540c16350696a803b74f7bd5,train,010,TUMMHCD-TEST-TRAIN/TUMMHCDtrain/train_010/mmhc11_530.tif
604,41d3b506540c16350696a803b74f7bd5,train,010,TUMMHCD-TEST-TRAIN/TUMMHCDtrain/train_010/mmhc11_1195.tif
605,b42e561271f5a84503aff3428b8eb0bd,train,010,TUMMHCD-TEST-TRAIN/TUMMHCDtrain/train_010/mmhc11_538.tif
605,b42e561271f5a84503aff3428b8eb0bd,train,010,TUMMHCD-TEST-TRAIN/TUMMHCDtrain/train_010/mmhc11_707.tif
606,aed4d7cf5a44b25caa1852b594a33238,train,010,TUMMHCD-TEST-TRAIN/TUMMHCDtrain/train_010/mmhc11_551.tif
606,aed4d7cf5a44b25caa1852b594a33238,train,010,TUMMHCD-TEST-TRAIN/TUMMHCDtrain/train_010/mmhc11_957.tif
606,aed4d7cf5a44b25caa1852b594a33238,train,010,TUMMHCD-TEST-TRAIN/TUMMHCDtrain/train_010/mmhc11_1138.tif
607,701519ad07f07f3360304dd94b16f8da,train,010,TUMMHCD-TEST-TRAIN/TUMMHCDtrain/train_010/mmhc11_599.tif
607,701519ad07f07f3360304dd94b16f8da,train,010,TUMMHCD-TEST-TRAIN/TUMMHCDtrain/train_010/mmhc11_799.tif
608,f9350e815551bde9f1e4c52588803c1d,train,010,TUMMHCD-TEST-TRAIN/TUMMHCDtrain/train_010/mmhc11_628.tif
608,f9350e815551bde9f1e4c52588803c1d,train,010,TUMMHCD-TEST-TRAIN/TUMMHCDtrain/train_010/mmhc11_667.tif
609,a2bc276654509c5172b4bd825b288173,train,010,TUMMHCD-TEST-TRAIN/TUMMHCDtrain/train_010/mmhc11_630.tif
609,a2bc276654509c5172b4bd825b288173,train,010,TUMMHCD-TEST-TRAIN/TUMMHCDtrain/train_010/mmhc11_1005.tif
610,9e437bae7abcbf981a6f08ac63220af2,train,010,TUMMHCD-TEST-TRAIN/TUMMHCDtrain/train_010/mmhc11_650.tif
610,9e437bae7abcbf981a6f08ac63220af2,train,010,TUMMHCD-TEST-TRAIN/TUMMHCDtrain/train_010/mmhc11_847.tif
611,0575cba13faf1bd49794f131e1400ff0,train,010,TUMMHCD-TEST-TRAIN/TUMMHCDtrain/train_010/mmhc11_687.tif
611,0575cba13faf1bd49794f131e1400ff0,train,010,TUMMHCD-TEST-TRAIN/TUMMHCDtrain/train_010/mmhc11_925.tif
611,0575cba13faf1bd49794f131e1400ff0,train,010,TUMMHCD-TEST-TRAIN/TUMMHCDtrain/train_010/mmhc11_999.tif
612,a1affec7b2f14da7b901797d41551c87,train,010,TUMMHCD-TEST-TRAIN/TUMMHCDtrain/train_010/mmhc11_690.tif
612,a1affec7b2f14da7b901797d41551c87,train,010,TUMMHCD-TEST-TRAIN/TUMMHCDtrain/train_010/mmhc11_699.tif
613,38a8f959e08e46566b4c84ed2cd53cbf,train,010,TUMMHCD-TEST-TRAIN/TUMMHCDtrain/train_010/mmhc11_782.tif
613,38a8f959e08e46566b4c84ed2cd53cbf,train,010,TUMMHCD-TEST-TRAIN/TUMMHCDtrain/train_010/mmhc11_819.tif
614,54a176a5b641ad1c07075bc28bfa7f9b,train,010,TUMMHCD-TEST-TRAIN/TUMMHCDtrain/train_010/mmhc11_793.tif
614,54a176a5b641ad1c07075bc28bfa7f9b,train,010,TUMMHCD-TEST-TRAIN/TUMMHCDtrain/train_010/mmhc11_969.tif
615,75c7bcc38f704f5db4a459b5413d14ad,train,010,TUMMHCD-TEST-TRAIN/TUMMHCDtrain/train_010/mmhc11_945.tif
615,75c7bcc38f704f5db4a459b5413d14ad,train,010,TUMMHCD-TEST-TRAIN/TUMMHCDtrain/train_010/mmhc11_1042.tif
616,7c6df54c97e449f8958c9269172915d7,train,010,TUMMHCD-TEST-TRAIN/TUMMHCDtrain/train_010/mmhc11_954.tif
616,7c6df54c97e449f8958c9269172915d7,train,010,TUMMHCD-TEST-TRAIN/TUMMHCDtrain/train_010/mmhc11_1266.tif
617,a580de903ab2c015aba1f36ec6ec9285,train,010,TUMMHCD-TEST-TRAIN/TUMMHCDtrain/train_010/mmhc11_987.tif
617,a580de903ab2c015aba1f36ec6ec9285,train,010,TUMMHCD-TEST-TRAIN/TUMMHCDtrain/train_010/mmhc11_1282.tif
618,455c56297041226474c6d12fa4269b6a,train,010,TUMMHCD-TEST-TRAIN/TUMMHCDtrain/train_010/mmhc11_989.tif
618,455c56297041226474c6d12fa4269b6a,train,010,TUMMHCD-TEST-TRAIN/TUMMHCDtrain/train_010/mmhc11_1011.tif
619,c0494970e5f52d39c7511aa613623126,train,010,TUMMHCD-TEST-TRAIN/TUMMHCDtrain/train_010/mmhc11_1013.tif
619,c0494970e5f52d39c7511aa613623126,train,010,TUMMHCD-TEST-TRAIN/TUMMHCDtrain/train_010/mmhc11_1221.tif
620,65c983164894c2afefc966c076f7992a,train,010,TUMMHCD-TEST-TRAIN/TUMMHCDtrain/train_010/mmhc11_1118.tif
620,65c983164894c2afefc966c076f7992a,train,010,TUMMHCD-TEST-TRAIN/TUMMHCDtrain/train_010/mmhc11_1162.tif
621,1c4056fb4f97f51633ff0d532e637dfe,train,010,TUMMHCD-TEST-TRAIN/TUMMHCDtrain/train_010/mmhc11_1140.tif
621,1c4056fb4f97f51633ff0d532e637dfe,train,010,TUMMHCD-TEST-TRAIN/TUMMHCDtrain/train_010/mmhc11_1161.tif
622,52ff7bdf47e2abda3054f513cc5ab4a7,train,010,TUMMHCD-TEST-TRAIN/TUMMHCDtrain/train_010/mmhc11_1180.tif
622,52ff7bdf47e2abda3054f513cc5ab4a7,train,010,TUMMHCD-TEST-TRAIN/TUMMHCDtrain/train_010/mmhc11_1191.tif
623,5bcdd94d3e175832da37535808856710,train,010,TUMMHCD-TEST-TRAIN/TUMMHCDtrain/train_010/mmhc11_1192.tif
623,5bcdd94d3e175832da37535808856710,train,010,TUMMHCD-TEST-TRAIN/TUMMHCDtrain/train_010/mmhc11_1255.tif
624,5c3f8dd390f2c822532b340725f916ae,train,011,TUMMHCD-TEST-TRAIN/TUMMHCDtrain/train_011/mmhc12_43.tif
624,5c3f8dd390f2c822532b340725f916ae,train,011,TUMMHCD-TEST-TRAIN/TUMMHCDtrain/train_011/mmhc12_1012.tif
625,ed53e722d8d09a25160af13ef3fdbc81,train,011,TUMMHCD-TEST-TRAIN/TUMMHCDtrain/train_011/mmhc12_100.tif
625,ed53e722d8d09a25160af13ef3fdbc81,train,011,TUMMHCD-TEST-TRAIN/TUMMHCDtrain/train_011/mmhc12_971.tif
626,2611b32fdf111e8db98e29192691d17a,train,011,TUMMHCD-TEST-TRAIN/TUMMHCDtrain/train_011/mmhc12_176.tif
626,2611b32fdf111e8db98e29192691d17a,train,011,TUMMHCD-TEST-TRAIN/TUMMHCDtrain/train_011/mmhc12_407.tif
627,6ed143d84b239c46f115c4327857adbd,train,011,TUMMHCD-TEST-TRAIN/TUMMHCDtrain/train_011/mmhc12_179.tif
627,6ed143d84b239c46f115c4327857adbd,train,011,TUMMHCD-TEST-TRAIN/TUMMHCDtrain/train_011/mmhc12_502.tif
628,04b0c0c3a6bdd0d3823e9fa88840f634,train,011,TUMMHCD-TEST-TRAIN/TUMMHCDtrain/train_011/mmhc12_479.tif
628,04b0c0c3a6bdd0d3823e9fa88840f634,train,011,TUMMHCD-TEST-TRAIN/TUMMHCDtrain/train_011/mmhc12_847.tif
629,f7a9901f8e3ba6fd8b7fbf2f26a8f197,train,011,TUMMHCD-TEST-TRAIN/TUMMHCDtrain/train_011/mmhc12_709.tif
629,f7a9901f8e3ba6fd8b7fbf2f26a8f197,train,011,TUMMHCD-TEST-TRAIN/TUMMHCDtrain/train_011/mmhc12_760.tif
630,eeb3e19bdee4de2fa7c6e134e028bbba,train,011,TUMMHCD-TEST-TRAIN/TUMMHCDtrain/train_011/mmhc12_771.tif
630,eeb3e19bdee4de2fa7c6e134e028bbba,train,011,TUMMHCD-TEST-TRAIN/TUMMHCDtrain/train_011/mmhc12_1069.tif
631,59030097908afb4f9adbff0f33dd65cb,train,011,TUMMHCD-TEST-TRAIN/TUMMHCDtrain/train_011/mmhc12_772.tif
631,59030097908afb4f9adbff0f33dd65cb,train,011,TUMMHCD-TEST-TRAIN/TUMMHCDtrain/train_011/mmhc12_790.tif
632,b7abc05ca668286ee544b94b48eeeaa8,train,012,TUMMHCD-TEST-TRAIN/TUMMHCDtrain/train_012/mmhc13_169.tif
632,b7abc05ca668286ee544b94b48eeeaa8,train,012,TUMMHCD-TEST-TRAIN/TUMMHCDtrain/train_012/mmhc13_1230.tif
633,7767d9101a4751e54259caf73c1cf362,train,012,TUMMHCD-TEST-TRAIN/TUMMHCDtrain/train_012/mmhc13_207.tif
633,7767d9101a4751e54259caf73c1cf362,train,012,TUMMHCD-TEST-TRAIN/TUMMHCDtrain/train_012/mmhc13_470.tif
634,38b15fd7fcd5fd87128cdb813276ba65,train,012,TUMMHCD-TEST-TRAIN/TUMMHCDtrain/train_012/mmhc13_245.tif
634,38b15fd7fcd5fd87128cdb813276ba65,train,012,TUMMHCD-TEST-TRAIN/TUMMHCDtrain/train_012/mmhc13_825.tif
635,d59339b5f13bfab0f57564799821448d,train,012,TUMMHCD-TEST-TRAIN/TUMMHCDtrain/train_012/mmhc13_304.tif
635,d59339b5f13bfab0f57564799821448d,train,012,TUMMHCD-TEST-TRAIN/TUMMHCDtrain/train_012/mmhc13_694.tif
636,930dd50c11b563b13eaa87f93ae0d50f,train,013,TUMMHCD-TEST-TRAIN/TUMMHCDtrain/train_013/mmhc14_92.tif
636,930dd50c11b563b13eaa87f93ae0d50f,train,013,TUMMHCD-TEST-TRAIN/TUMMHCDtrain/train_013/mmhc14_287.tif
637,3eeb45c602cb3bb0992756690ea94909,train,013,TUMMHCD-TEST-TRAIN/TUMMHCDtrain/train_013/mmhc14_253.tif
637,3eeb45c602cb3bb0992756690ea94909,train,013,TUMMHCD-TEST-TRAIN/TUMMHCDtrain/train_013/mmhc14_946.tif
638,e9e8132ef0255e6eb762681cf5ef17e7,train,013,TUMMHCD-TEST-TRAIN/TUMMHCDtrain/train_013/mmhc14_261.tif
638,e9e8132ef0255e6eb762681cf5ef17e7,train,013,TUMMHCD-TEST-TRAIN/TUMMHCDtrain/train_013/mmhc14_1287.tif
639,0a169978f2492ecbec16a5f628b96843,train,013,TUMMHCD-TEST-TRAIN/TUMMHCDtrain/train_013/mmhc14_437.tif
639,0a169978f2492ecbec16a5f628b96843,train,013,TUMMHCD-TEST-TRAIN/TUMMHCDtrain/train_013/mmhc14_877.tif
640,80c933e4882060d3255127738fb33a67,train,013,TUMMHCD-TEST-TRAIN/TUMMHCDtrain/train_013/mmhc14_685.tif
640,80c933e4882060d3255127738fb33a67,train,013,TUMMHCD-TEST-TRAIN/TUMMHCDtrain/train_013/mmhc14_926.tif
641,a8872b16fd6d40420a044eff1367eef7,train,013,TUMMHCD-TEST-TRAIN/TUMMHCDtrain/train_013/mmhc14_722.tif
641,a8872b16fd6d40420a044eff1367eef7,train,013,TUMMHCD-TEST-TRAIN/TUMMHCDtrain/train_013/mmhc14_954.tif
642,13e14a01abd5783dee13e1aa8f2aa435,train,013,TUMMHCD-TEST-TRAIN/TUMMHCDtrain/train_013/mmhc14_1133.tif
642,13e14a01abd5783dee13e1aa8f2aa435,train,013,TUMMHCD-TEST-TRAIN/TUMMHCDtrain/train_013/mmhc14_1147.tif
643,41a167ccfc8d17badebbc1e0dfd94590,train,014,TUMMHCD-TEST-TRAIN/TUMMHCDtrain/train_014/mmhc15_1.tif
643,41a167ccfc8d17badebbc1e0dfd94590,train,014,TUMMHCD-TEST-TRAIN/TUMMHCDtrain/train_014/mmhc15_1230.tif
644,2a4e0c51a5a204ef88280695c983569a,train,014,TUMMHCD-TEST-TRAIN/TUMMHCDtrain/train_014/mmhc15_18.tif
644,2a4e0c51a5a204ef88280695c983569a,train,014,TUMMHCD-TEST-TRAIN/TUMMHCDtrain/train_014/mmhc15_1000.tif
645,49631a987e98d7dd1e4378525f765ff0,train,014,TUMMHCD-TEST-TRAIN/TUMMHCDtrain/train_014/mmhc15_73.tif
645,49631a987e98d7dd1e4378525f765ff0,train,014,TUMMHCD-TEST-TRAIN/TUMMHCDtrain/train_014/mmhc15_683.tif
646,fc81ad5cea5b0c5fe03352948f86d71e,train,014,TUMMHCD-TEST-TRAIN/TUMMHCDtrain/train_014/mmhc15_312.tif
646,fc81ad5cea5b0c5fe03352948f86d71e,train,014,TUMMHCD-TEST-TRAIN/TUMMHCDtrain/train_014/mmhc15_563.tif
647,97c3d290dc8a6cfbbc28f8a146e8a437,train,014,TUMMHCD-TEST-TRAIN/TUMMHCDtrain/train_014/mmhc15_350.tif
647,97c3d290dc8a6cfbbc28f8a146e8a437,train,014,TUMMHCD-TEST-TRAIN/TUMMHCDtrain/train_014/mmhc15_475.tif
648,7fbc7111ec6bdd1b45b00601b7d42c00,train,014,TUMMHCD-TEST-TRAIN/TUMMHCDtrain/train_014/mmhc15_432.tif
648,7fbc7111ec6bdd1b45b00601b7d42c00,train,014,TUMMHCD-TEST-TRAIN/TUMMHCDtrain/train_014/mmhc15_937.tif
649,58b2e8fbe2b28014faff8442b48816a2,train,014,TUMMHCD-TEST-TRAIN/TUMMHCDtrain/train_014/mmhc15_521.tif
649,58b2e8fbe2b28014faff8442b48816a2,train,014,TUMMHCD-TEST-TRAIN/TUMMHCDtrain/train_014/mmhc15_753.tif
650,90dc30720b0420278492250280e746cf,train,014,TUMMHCD-TEST-TRAIN/TUMMHCDtrain/train_014/mmhc15_968.tif
650,90dc30720b0420278492250280e746cf,train,014,TUMMHCD-TEST-TRAIN/TUMMHCDtrain/train_014/mmhc15_1257.tif
651,3e70758e71c9e077664d3e140b1da906,train,015,TUMMHCD-TEST-TRAIN/TUMMHCDtrain/train_015/mmhc16_145.tif
651,3e70758e71c9e077664d3e140b1da906,train,015,TUMMHCD-TEST-TRAIN/TUMMHCDtrain/train_015/mmhc16_852.tif
652,8f15a4463d8e3621d054d4ee3e5f1072,train,015,TUMMHCD-TEST-TRAIN/TUMMHCDtrain/train_015/mmhc16_157.tif
652,8f15a4463d8e3621d054d4ee3e5f1072,train,015,TUMMHCD-TEST-TRAIN/TUMMHCDtrain/train_015/mmhc16_217.tif
653,ea176a777f768b93bad70f3bc11d3e8f,train,016,TUMMHCD-TEST-TRAIN/TUMMHCDtrain/train_016/mmhc17_2.tif
653,ea176a777f768b93bad70f3bc11d3e8f,train,016,TUMMHCD-TEST-TRAIN/TUMMHCDtrain/train_016/mmhc17_346.tif
654,b458777517e4e1057aa2ae73e50e4eb7,train,016,TUMMHCD-TEST-TRAIN/TUMMHCDtrain/train_016/mmhc17_342.tif
654,b458777517e4e1057aa2ae73e50e4eb7,train,016,TUMMHCD-TEST-TRAIN/TUMMHCDtrain/train_016/mmhc17_392.tif
655,af80953b84d79092f5fd470aa615d1bf,train,016,TUMMHCD-TEST-TRAIN/TUMMHCDtrain/train_016/mmhc17_838.tif
655,af80953b84d79092f5fd470aa615d1bf,train,016,TUMMHCD-TEST-TRAIN/TUMMHCDtrain/train_016/mmhc17_1080.tif
656,2ec5e172e04a592ab8e73dde9380a8fb,train,017,TUMMHCD-TEST-TRAIN/TUMMHCDtrain/train_017/mmhc18_92.tif
656,2ec5e172e04a592ab8e73dde9380a8fb,train,017,TUMMHCD-TEST-TRAIN/TUMMHCDtrain/train_017/mmhc18_734.tif
657,212ddf14cbfc0bbef1d01ea288344895,train,017,TUMMHCD-TEST-TRAIN/TUMMHCDtrain/train_017/mmhc18_235.tif
657,212ddf14cbfc0bbef1d01ea288344895,train,017,TUMMHCD-TEST-TRAIN/TUMMHCDtrain/train_017/mmhc18_798.tif
658,7cf2820788b8f6ca7fcb96d6be7be5fc,train,017,TUMMHCD-TEST-TRAIN/TUMMHCDtrain/train_017/mmhc18_286.tif
658,7cf2820788b8f6ca7fcb96d6be7be5fc,train,017,TUMMHCD-TEST-TRAIN/TUMMHCDtrain/train_017/mmhc18_1298.tif
659,152861b40b72932711d0e81f486d599c,train,017,TUMMHCD-TEST-TRAIN/TUMMHCDtrain/train_017/mmhc18_290.tif
659,152861b40b72932711d0e81f486d599c,train,017,TUMMHCD-TEST-TRAIN/TUMMHCDtrain/train_017/mmhc18_303.tif
660,6100c2185f33c38425606f7cc4e3ea89,train,017,TUMMHCD-TEST-TRAIN/TUMMHCDtrain/train_017/mmhc18_325.tif
660,6100c2185f33c38425606f7cc4e3ea89,train,017,TUMMHCD-TEST-TRAIN/TUMMHCDtrain/train_017/mmhc18_1099.tif
661,4d2516508e1f24ac7891f447281848ee,train,017,TUMMHCD-TEST-TRAIN/TUMMHCDtrain/train_017/mmhc18_346.tif
661,4d2516508e1f24ac7891f447281848ee,train,017,TUMMHCD-TEST-TRAIN/TUMMHCDtrain/train_017/mmhc18_936.tif
662,ca998416257c9e4c0c2f5920d270d547,train,017,TUMMHCD-TEST-TRAIN/TUMMHCDtrain/train_017/mmhc18_355.tif
662,ca998416257c9e4c0c2f5920d270d547,train,017,TUMMHCD-TEST-TRAIN/TUMMHCDtrain/train_017/mmhc18_394.tif
663,3961499e7c77cac8fdb7efc60b48abd0,train,017,TUMMHCD-TEST-TRAIN/TUMMHCDtrain/train_017/mmhc18_462.tif
663,3961499e7c77cac8fdb7efc60b48abd0,train,017,TUMMHCD-TEST-TRAIN/TUMMHCDtrain/train_017/mmhc18_1231.tif
664,6ff9ddcefd8f0514d1ecf00a8e0e94cf,train,017,TUMMHCD-TEST-TRAIN/TUMMHCDtrain/train_017/mmhc18_569.tif
664,6ff9ddcefd8f0514d1ecf00a8e0e94cf,train,017,TUMMHCD-TEST-TRAIN/TUMMHCDtrain/train_017/mmhc18_620.tif
665,88f78102eff567f95b026704a9acbe80,train,017,TUMMHCD-TEST-TRAIN/TUMMHCDtrain/train_017/mmhc18_821.tif
665,88f78102eff567f95b026704a9acbe80,train,017,TUMMHCD-TEST-TRAIN/TUMMHCDtrain/train_017/mmhc18_930.tif
666,054cb04cd707bc38d0b3ecb7c567f0be,train,019,TUMMHCD-TEST-TRAIN/TUMMHCDtrain/train_019/mmhc20_47.tif
666,054cb04cd707bc38d0b3ecb7c567f0be,train,019,TUMMHCD-TEST-TRAIN/TUMMHCDtrain/train_019/mmhc20_576.tif
667,1c9566ec7495db19f4df5bb0c0dfac7e,train,019,TUMMHCD-TEST-TRAIN/TUMMHCDtrain/train_019/mmhc20_124.tif
667,1c9566ec7495db19f4df5bb0c0dfac7e,train,019,TUMMHCD-TEST-TRAIN/TUMMHCDtrain/train_019/mmhc20_1125.tif
668,84c3317029f20801ad25431f2bc1982a,train,019,TUMMHCD-TEST-TRAIN/TUMMHCDtrain/train_019/mmhc20_202.tif
668,84c3317029f20801ad25431f2bc1982a,train,019,TUMMHCD-TEST-TRAIN/TUMMHCDtrain/train_019/mmhc20_517.tif
669,a19cb097a414bebb076bcf86df980b70,train,019,TUMMHCD-TEST-TRAIN/TUMMHCDtrain/train_019/mmhc20_211.tif
669,a19cb097a414bebb076bcf86df980b70,train,019,TUMMHCD-TEST-TRAIN/TUMMHCDtrain/train_019/mmhc20_991.tif
670,aaa82ed6b6ad90abe431ff8772a7fe96,train,019,TUMMHCD-TEST-TRAIN/TUMMHCDtrain/train_019/mmhc20_278.tif
670,aaa82ed6b6ad90abe431ff8772a7fe96,train,019,TUMMHCD-TEST-TRAIN/TUMMHCDtrain/train_019/mmhc20_1001.tif
671,5bca59b0627087add159134e4d76b43a,train,019,TUMMHCD-TEST-TRAIN/TUMMHCDtrain/train_019/mmhc20_495.tif
671,5bca59b0627087add159134e4d76b43a,train,019,TUMMHCD-TEST-TRAIN/TUMMHCDtrain/train_019/mmhc20_847.tif
672,d83d3aaf163fbf5b7715354ea22b2a44,train,019,TUMMHCD-TEST-TRAIN/TUMMHCDtrain/train_019/mmhc20_527.tif
672,d83d3aaf163fbf5b7715354ea22b2a44,train,019,TUMMHCD-TEST-TRAIN/TUMMHCDtrain/train_019/mmhc20_929.tif
673,07a4aff8f185fe44de126f89c3ead47f,train,019,TUMMHCD-TEST-TRAIN/TUMMHCDtrain/train_019/mmhc20_581.tif
673,07a4aff8f185fe44de126f89c3ead47f,train,019,TUMMHCD-TEST-TRAIN/TUMMHCDtrain/train_019/mmhc20_878.tif
674,b592ce1c25d0bcd2ea9b45821df604e2,train,019,TUMMHCD-TEST-TRAIN/TUMMHCDtrain/train_019/mmhc20_763.tif
674,b592ce1c25d0bcd2ea9b45821df604e2,train,019,TUMMHCD-TEST-TRAIN/TUMMHCDtrain/train_019/mmhc20_802.tif
675,d125e99a00442f4a994fb0a9539c50bc,train,020,TUMMHCD-TEST-TRAIN/TUMMHCDtrain/train_020/mmhc21_131.tif
675,d125e99a00442f4a994fb0a9539c50bc,train,020,TUMMHCD-TEST-TRAIN/TUMMHCDtrain/train_020/mmhc21_415.tif
676,332a4a1e1d91b311f4a4f86998f40f68,train,020,TUMMHCD-TEST-TRAIN/TUMMHCDtrain/train_020/mmhc21_287.tif
676,332a4a1e1d91b311f4a4f86998f40f68,train,020,TUMMHCD-TEST-TRAIN/TUMMHCDtrain/train_020/mmhc21_995.tif
677,3e0b34a676f9bab4f14c7c0885468d09,train,020,TUMMHCD-TEST-TRAIN/TUMMHCDtrain/train_020/mmhc21_295.tif
677,3e0b34a676f9bab4f14c7c0885468d09,train,020,TUMMHCD-TEST-TRAIN/TUMMHCDtrain/train_020/mmhc21_568.tif
678,1e8f50df1e2b14e87f1b5c0fd5d3e401,train,020,TUMMHCD-TEST-TRAIN/TUMMHCDtrain/train_020/mmhc21_499.tif
678,1e8f50df1e2b14e87f1b5c0fd5d3e401,train,020,TUMMHCD-TEST-TRAIN/TUMMHCDtrain/train_020/mmhc21_1217.tif
679,dcfed3dea08785d71d022347bf782c7c,train,020,TUMMHCD-TEST-TRAIN/TUMMHCDtrain/train_020/mmhc21_777.tif
679,dcfed3dea08785d71d022347bf782c7c,train,020,TUMMHCD-TEST-TRAIN/TUMMHCDtrain/train_020/mmhc21_1256.tif
680,e7483e2dec8f090af38fa60489151c05,train,020,TUMMHCD-TEST-TRAIN/TUMMHCDtrain/train_020/mmhc21_1113.tif
680,e7483e2dec8f090af38fa60489151c05,train,020,TUMMHCD-TEST-TRAIN/TUMMHCDtrain/train_020/mmhc21_1276.tif
681,aacd1d41009b42b5680dd2937371fdd0,train,021,TUMMHCD-TEST-TRAIN/TUMMHCDtrain/train_021/mmhc22_19.tif
681,aacd1d41009b42b5680dd2937371fdd0,train,021,TUMMHCD-TEST-TRAIN/TUMMHCDtrain/train_021/mmhc22_204.tif
682,dde19514c2d5fa338ea5a662b46bc80f,train,021,TUMMHCD-TEST-TRAIN/TUMMHCDtrain/train_021/mmhc22_124.tif
682,dde19514c2d5fa338ea5a662b46bc80f,train,021,TUMMHCD-TEST-TRAIN/TUMMHCDtrain/train_021/mmhc22_656.tif
683,d24160627d52e05df9e34f16ab34c7d5,train,021,TUMMHCD-TEST-TRAIN/TUMMHCDtrain/train_021/mmhc22_263.tif
683,d24160627d52e05df9e34f16ab34c7d5,train,021,TUMMHCD-TEST-TRAIN/TUMMHCDtrain/train_021/mmhc22_673.tif
684,35c2e3b56f2a7facf30171ec36b777a3,train,021,TUMMHCD-TEST-TRAIN/TUMMHCDtrain/train_021/mmhc22_413.tif
684,35c2e3b56f2a7facf30171ec36b777a3,train,021,TUMMHCD-TEST-TRAIN/TUMMHCDtrain/train_021/mmhc22_1118.tif
685,eb376b46f9c12404047fca7fc55eae65,train,021,TUMMHCD-TEST-TRAIN/TUMMHCDtrain/train_021/mmhc22_651.tif
685,eb376b46f9c12404047fca7fc55eae65,train,021,TUMMHCD-TEST-TRAIN/TUMMHCDtrain/train_021/mmhc22_1086.tif
686,03cedd142da7d191f29b2a81dd1bf0e2,train,021,TUMMHCD-TEST-TRAIN/TUMMHCDtrain/train_021/mmhc22_983.tif
686,03cedd142da7d191f29b2a81dd1bf0e2,train,021,TUMMHCD-TEST-TRAIN/TUMMHCDtrain/train_021/mmhc22_1062.tif
687,fe86b66454f44269f7d5bfb2039a9e70,train,022,TUMMHCD-TEST-TRAIN/TUMMHCDtrain/train_022/mmhc23_168.tif
687,fe86b66454f44269f7d5bfb2039a9e70,train,022,TUMMHCD-TEST-TRAIN/TUMMHCDtrain/train_022/mmhc23_418.tif
688,ea314dbf174b54ad1333f0dccdc15903,train,022,TUMMHCD-TEST-TRAIN/TUMMHCDtrain/train_022/mmhc23_181.tif
688,ea314dbf174b54ad1333f0dccdc15903,train,022,TUMMHCD-TEST-TRAIN/TUMMHCDtrain/train_022/mmhc23_483.tif
689,888c8e0b6145a9042770411eda30b9ad,train,022,TUMMHCD-TEST-TRAIN/TUMMHCDtrain/train_022/mmhc23_371.tif
689,888c8e0b6145a9042770411eda30b9ad,train,022,TUMMHCD-TEST-TRAIN/TUMMHCDtrain/train_022/mmhc23_1123.tif
690,695a2c32e4b7bdf71fc4694fe4b4133f,train,022,TUMMHCD-TEST-TRAIN/TUMMHCDtrain/train_022/mmhc23_614.tif
690,695a2c32e4b7bdf71fc4694fe4b4133f,train,022,TUMMHCD-TEST-TRAIN/TUMMHCDtrain/train_022/mmhc23_1061.tif
691,7a821388620c14fc4cd1ac7259c63ab9,train,023,TUMMHCD-TEST-TRAIN/TUMMHCDtrain/train_023/mmhc24_161.tif
691,7a821388620c14fc4cd1ac7259c63ab9,train,023,TUMMHCD-TEST-TRAIN/TUMMHCDtrain/train_023/mmhc24_945.tif
692,42938609ca360e63509283ca4dcc4d16,train,023,TUMMHCD-TEST-TRAIN/TUMMHCDtrain/train_023/mmhc24_318.tif
692,42938609ca360e63509283ca4dcc4d16,train,023,TUMMHCD-TEST-TRAIN/TUMMHCDtrain/train_023/mmhc24_793.tif
693,fcd2d65062032b6fd6ae6fa3761aa3c8,train,023,TUMMHCD-TEST-TRAIN/TUMMHCDtrain/train_023/mmhc24_435.tif
693,fcd2d65062032b6fd6ae6fa3761aa3c8,train,023,TUMMHCD-TEST-TRAIN/TUMMHCDtrain/train_023/mmhc24_1222.tif
694,f23b8dee17042ef5fef6cfa92b4c283f,train,024,TUMMHCD-TEST-TRAIN/TUMMHCDtrain/train_024/mmhc25_237.tif
694,f23b8dee17042ef5fef6cfa92b4c283f,train,024,TUMMHCD-TEST-TRAIN/TUMMHCDtrain/train_024/mmhc25_1128.tif
695,3cff343bb3168d17532efaa55ee87d0c,train,024,TUMMHCD-TEST-TRAIN/TUMMHCDtrain/train_024/mmhc25_765.tif
695,3cff343bb3168d17532efaa55ee87d0c,train,024,TUMMHCD-TEST-TRAIN/TUMMHCDtrain/train_024/mmhc25_1157.tif
696,a35e56b1644f68afb0e382816da887d0,train,025,TUMMHCD-TEST-TRAIN/TUMMHCDtrain/train_025/mmhc26_99.tif
696,a35e56b1644f68afb0e382816da887d0,train,025,TUMMHCD-TEST-TRAIN/TUMMHCDtrain/train_025/mmhc26_839.tif
697,0c7fc2fb3766125439e0b82e1ca1aa4e,train,025,TUMMHCD-TEST-TRAIN/TUMMHCDtrain/train_025/mmhc26_462.tif
697,0c7fc2fb3766125439e0b82e1ca1aa4e,train,025,TUMMHCD-TEST-TRAIN/TUMMHCDtrain/train_025/mmhc26_727.tif
698,c116dc60627f01ddd9ca8d24ea65def3,train,026,TUMMHCD-TEST-TRAIN/TUMMHCDtrain/train_026/mmhc27_14.tif
698,c116dc60627f01ddd9ca8d24ea65def3,train,026,TUMMHCD-TEST-TRAIN/TUMMHCDtrain/train_026/mmhc27_179.tif
699,21d8fbfa2ebe75d3440c91d82a8335f3,train,026,TUMMHCD-TEST-TRAIN/TUMMHCDtrain/train_026/mmhc27_17.tif
699,21d8fbfa2ebe75d3440c91d82a8335f3,train,026,TUMMHCD-TEST-TRAIN/TUMMHCDtrain/train_026/mmhc27_1076.tif
700,8e538d554a5db6f2fd826b8446ff351b,train,026,TUMMHCD-TEST-TRAIN/TUMMHCDtrain/train_026/mmhc27_417.tif
700,8e538d554a5db6f2fd826b8446ff351b,train,026,TUMMHCD-TEST-TRAIN/TUMMHCDtrain/train_026/mmhc27_479.tif
701,d1f8240d814c70afeed5f6cb529fb78c,train,026,TUMMHCD-TEST-TRAIN/TUMMHCDtrain/train_026/mmhc27_1053.tif
701,d1f8240d814c70afeed5f6cb529fb78c,train,026,TUMMHCD-TEST-TRAIN/TUMMHCDtrain/train_026/mmhc27_1057.tif
702,1746e58eba0a438fbd0ef745ee919986,train,027,TUMMHCD-TEST-TRAIN/TUMMHCDtrain/train_027/mmhc28_9.tif
702,1746e58eba0a438fbd0ef745ee919986,train,027,TUMMHCD-TEST-TRAIN/TUMMHCDtrain/train_027/mmhc28_678.tif
703,5f0274a75089740810b9c1ae53444a94,train,027,TUMMHCD-TEST-TRAIN/TUMMHCDtrain/train_027/mmhc28_97.tif
703,5f0274a75089740810b9c1ae53444a94,train,027,TUMMHCD-TEST-TRAIN/TUMMHCDtrain/train_027/mmhc28_490.tif
704,75433254bd00462a5a3551179c4e773e,train,027,TUMMHCD-TEST-TRAIN/TUMMHCDtrain/train_027/mmhc28_688.tif
704,75433254bd00462a5a3551179c4e773e,train,027,TUMMHCD-TEST-TRAIN/TUMMHCDtrain/train_027/mmhc28_1157.tif
705,6fa1e501229a73abf8552f4cbd941ae1,train,027,TUMMHCD-TEST-TRAIN/TUMMHCDtrain/train_027/mmhc28_863.tif
705,6fa1e501229a73abf8552f4cbd941ae1,train,027,TUMMHCD-TEST-TRAIN/TUMMHCDtrain/train_027/mmhc28_895.tif
706,983afef3c1d6ff9ce3451576069a216b,train,027,TUMMHCD-TEST-TRAIN/TUMMHCDtrain/train_027/mmhc28_942.tif
706,983afef3c1d6ff9ce3451576069a216b,train,027,TUMMHCD-TEST-TRAIN/TUMMHCDtrain/train_027/mmhc28_1031.tif
707,ebcd9b6685df032483a4e0622c6bd5e3,train,027,TUMMHCD-TEST-TRAIN/TUMMHCDtrain/train_027/mmhc28_1027.tif
707,ebcd9b6685df032483a4e0622c6bd5e3,train,027,TUMMHCD-TEST-TRAIN/TUMMHCDtrain/train_027/mmhc28_1217.tif
708,af9d81d6e035025123842320891be531,train,028,TUMMHCD-TEST-TRAIN/TUMMHCDtrain/train_028/mmhc29_133.tif
708,af9d81d6e035025123842320891be531,train,028,TUMMHCD-TEST-TRAIN/TUMMHCDtrain/train_028/mmhc29_565.tif
709,ebd8576f4dcc4c12f9058965b4387f06,train,028,TUMMHCD-TEST-TRAIN/TUMMHCDtrain/train_028/mmhc29_240.tif
709,ebd8576f4dcc4c12f9058965b4387f06,train,028,TUMMHCD-TEST-TRAIN/TUMMHCDtrain/train_028/mmhc29_262.tif
710,9e61c2c955a1855de9617fd404045100,train,028,TUMMHCD-TEST-TRAIN/TUMMHCDtrain/train_028/mmhc29_334.tif
710,9e61c2c955a1855de9617fd404045100,train,028,TUMMHCD-TEST-TRAIN/TUMMHCDtrain/train_028/mmhc29_716.tif
711,7e2abb9335c5dd6b8c747f0a6f014e8e,train,028,TUMMHCD-TEST-TRAIN/TUMMHCDtrain/train_028/mmhc29_366.tif
711,7e2abb9335c5dd6b8c747f0a6f014e8e,train,028,TUMMHCD-TEST-TRAIN/TUMMHCDtrain/train_028/mmhc29_1216.tif
712,4a774492f37066fc01cedbcee3848b1d,train,028,TUMMHCD-TEST-TRAIN/TUMMHCDtrain/train_028/mmhc29_408.tif
712,4a774492f37066fc01cedbcee3848b1d,train,028,TUMMHCD-TEST-TRAIN/TUMMHCDtrain/train_028/mmhc29_1039.tif
713,247d5653a52c8739a3f6af0a700de42a,train,028,TUMMHCD-TEST-TRAIN/TUMMHCDtrain/train_028/mmhc29_466.tif
713,247d5653a52c8739a3f6af0a700de42a,train,028,TUMMHCD-TEST-TRAIN/TUMMHCDtrain/train_028/mmhc29_1134.tif
714,1eff811943e1869fb2775fc1c190f4e8,train,028,TUMMHCD-TEST-TRAIN/TUMMHCDtrain/train_028/mmhc29_519.tif
714,1eff811943e1869fb2775fc1c190f4e8,train,028,TUMMHCD-TEST-TRAIN/TUMMHCDtrain/train_028/mmhc29_860.tif
715,ba23a287c9ece2f2b7cf8e5f36c04b8b,train,029,TUMMHCD-TEST-TRAIN/TUMMHCDtrain/train_029/mmhc30_140.tif
715,ba23a287c9ece2f2b7cf8e5f36c04b8b,train,029,TUMMHCD-TEST-TRAIN/TUMMHCDtrain/train_029/mmhc30_573.tif
716,bb6b79d8b54ac596ce7357c3202f200e,train,029,TUMMHCD-TEST-TRAIN/TUMMHCDtrain/train_029/mmhc30_269.tif
716,bb6b79d8b54ac596ce7357c3202f200e,train,029,TUMMHCD-TEST-TRAIN/TUMMHCDtrain/train_029/mmhc30_1177.tif
717,739103acf2d91d7a6ed369002a700911,train,030,TUMMHCD-TEST-TRAIN/TUMMHCDtrain/train_030/mmhc31_196.tif
717,739103acf2d91d7a6ed369002a700911,train,030,TUMMHCD-TEST-TRAIN/TUMMHCDtrain/train_030/mmhc31_1204.tif
718,af23998637e58dd260d47f1efccdf712,train,030,TUMMHCD-TEST-TRAIN/TUMMHCDtrain/train_030/mmhc31_211.tif
718,af23998637e58dd260d47f1efccdf712,train,030,TUMMHCD-TEST-TRAIN/TUMMHCDtrain/train_030/mmhc31_776.tif
719,1d974a4e3ea4634113a0045ac3616268,train,030,TUMMHCD-TEST-TRAIN/TUMMHCDtrain/train_030/mmhc31_279.tif
719,1d974a4e3ea4634113a0045ac3616268,train,030,TUMMHCD-TEST-TRAIN/TUMMHCDtrain/train_030/mmhc31_629.tif
720,416809b84ceffa26983c91aa798216e3,train,030,TUMMHCD-TEST-TRAIN/TUMMHCDtrain/train_030/mmhc31_522.tif
720,416809b84ceffa26983c91aa798216e3,train,030,TUMMHCD-TEST-TRAIN/TUMMHCDtrain/train_030/mmhc31_1222.tif
721,e750512e51b03575921b17f8d22d808e,train,031,TUMMHCD-TEST-TRAIN/TUMMHCDtrain/train_031/mmhc32_66.tif
721,e750512e51b03575921b17f8d22d808e,train,031,TUMMHCD-TEST-TRAIN/TUMMHCDtrain/train_031/mmhc32_627.tif
722,4213c66e4fd811581ae0a5c662fb1f2f,train,031,TUMMHCD-TEST-TRAIN/TUMMHCDtrain/train_031/mmhc32_337.tif
722,4213c66e4fd811581ae0a5c662fb1f2f,train,031,TUMMHCD-TEST-TRAIN/TUMMHCDtrain/train_031/mmhc32_1231.tif
723,f38dfc92f1b2e4c01cd2852e67ab8c18,train,031,TUMMHCD-TEST-TRAIN/TUMMHCDtrain/train_031/mmhc32_632.tif
723,f38dfc92f1b2e4c01cd2852e67ab8c18,train,031,TUMMHCD-TEST-TRAIN/TUMMHCDtrain/train_031/mmhc32_1135.tif
724,93c0608c41ddbd887e9d065e48f19291,train,031,TUMMHCD-TEST-TRAIN/TUMMHCDtrain/train_031/mmhc32_701.tif
724,93c0608c41ddbd887e9d065e48f19291,train,031,TUMMHCD-TEST-TRAIN/TUMMHCDtrain/train_031/mmhc32_1221.tif
725,84149ee2bcfffe0d5c88273ad3ca19cf,train,032,TUMMHCD-TEST-TRAIN/TUMMHCDtrain/train_032/mmhc33_3.tif
725,84149ee2bcfffe0d5c88273ad3ca19cf,train,032,TUMMHCD-TEST-TRAIN/TUMMHCDtrain/train_032/mmhc33_910.tif
726,9b85722318d29d14fc92f0dab284f321,train,032,TUMMHCD-TEST-TRAIN/TUMMHCDtrain/train_032/mmhc33_6.tif
726,9b85722318d29d14fc92f0dab284f321,train,032,TUMMHCD-TEST-TRAIN/TUMMHCDtrain/train_032/mmhc33_664.tif
727,2a9bc2c15fdba4519fbda4166cd1d6c5,train,032,TUMMHCD-TEST-TRAIN/TUMMHCDtrain/train_032/mmhc33_14.tif
727,2a9bc2c15fdba4519fbda4166cd1d6c5,train,032,TUMMHCD-TEST-TRAIN/TUMMHCDtrain/train_032/mmhc33_738.tif
728,f00c385377c82afbfaea806fbe2e7666,train,032,TUMMHCD-TEST-TRAIN/TUMMHCDtrain/train_032/mmhc33_18.tif
728,f00c385377c82afbfaea806fbe2e7666,train,032,TUMMHCD-TEST-TRAIN/TUMMHCDtrain/train_032/mmhc33_119.tif
729,8bad483502788bf9808f823078381111,train,032,TUMMHCD-TEST-TRAIN/TUMMHCDtrain/train_032/mmhc33_23.tif
729,8bad483502788bf9808f823078381111,train,032,TUMMHCD-TEST-TRAIN/TUMMHCDtrain/train_032/mmhc33_419.tif
730,916ab44422fa3488e3c512ee463cbf06,train,032,TUMMHCD-TEST-TRAIN/TUMMHCDtrain/train_032/mmhc33_27.tif
730,916ab44422fa3488e3c512ee463cbf06,train,032,TUMMHCD-TEST-TRAIN/TUMMHCDtrain/train_032/mmhc33_682.tif
731,39f07eb85c6ec9f9113f8db3773d0afd,train,032,TUMMHCD-TEST-TRAIN/TUMMHCDtrain/train_032/mmhc33_38.tif
731,39f07eb85c6ec9f9113f8db3773d0afd,train,032,TUMMHCD-TEST-TRAIN/TUMMHCDtrain/train_032/mmhc33_286.tif
732,a8eac3b3996255bc4327fc6bf94e62e2,train,032,TUMMHCD-TEST-TRAIN/TUMMHCDtrain/train_032/mmhc33_53.tif
732,a8eac3b3996255bc4327fc6bf94e62e2,train,032,TUMMHCD-TEST-TRAIN/TUMMHCDtrain/train_032/mmhc33_272.tif
733,882ae658dabc348a8ea28e560fd3b9fe,train,032,TUMMHCD-TEST-TRAIN/TUMMHCDtrain/train_032/mmhc33_73.tif
733,882ae658dabc348a8ea28e560fd3b9fe,train,032,TUMMHCD-TEST-TRAIN/TUMMHCDtrain/train_032/mmhc33_1293.tif
734,a0b7065a67f12f95c5f814974b8d7a71,train,032,TUMMHCD-TEST-TRAIN/TUMMHCDtrain/train_032/mmhc33_76.tif
734,a0b7065a67f12f95c5f814974b8d7a71,train,032,TUMMHCD-TEST-TRAIN/TUMMHCDtrain/train_032/mmhc33_1185.tif
735,b81067b7d0f4e721d577bb470e7ba22a,train,032,TUMMHCD-TEST-TRAIN/TUMMHCDtrain/train_032/mmhc33_77.tif
735,b81067b7d0f4e721d577bb470e7ba22a,train,032,TUMMHCD-TEST-TRAIN/TUMMHCDtrain/train_032/mmhc33_320.tif
736,eb06f5f6b422bcbb3bf5610d20d20ad8,train,032,TUMMHCD-TEST-TRAIN/TUMMHCDtrain/train_032/mmhc33_98.tif
736,eb06f5f6b422bcbb3bf5610d20d20ad8,train,032,TUMMHCD-TEST-TRAIN/TUMMHCDtrain/train_032/mmhc33_341.tif
737,79cb7aeb0cfe7f40ef7712eec79d8e1e,train,032,TUMMHCD-TEST-TRAIN/TUMMHCDtrain/train_032/mmhc33_111.tif
737,79cb7aeb0cfe7f40ef7712eec79d8e1e,train,032,TUMMHCD-TEST-TRAIN/TUMMHCDtrain/train_032/mmhc33_276.tif
738,1a9194d2460b51f51b2c37b5a5a786da,train,032,TUMMHCD-TEST-TRAIN/TUMMHCDtrain/train_032/mmhc33_121.tif
738,1a9194d2460b51f51b2c37b5a5a786da,train,032,TUMMHCD-TEST-TRAIN/TUMMHCDtrain/train_032/mmhc33_734.tif
739,f22e8a3144573c297bc87028bac5708c,train,032,TUMMHCD-TEST-TRAIN/TUMMHCDtrain/train_032/mmhc33_125.tif
739,f22e8a3144573c297bc87028bac5708c,train,032,TUMMHCD-TEST-TRAIN/TUMMHCDtrain/train_032/mmhc33_151.tif
740,08a350084169714fc2807e6447549f73,train,032,TUMMHCD-TEST-TRAIN/TUMMHCDtrain/train_032/mmhc33_126.tif
740,08a350084169714fc2807e6447549f73,train,032,TUMMHCD-TEST-TRAIN/TUMMHCDtrain/train_032/mmhc33_1217.tif
741,489fd9f5055e6ec98c12c5dc26e2330f,train,032,TUMMHCD-TEST-TRAIN/TUMMHCDtrain/train_032/mmhc33_144.tif
741,489fd9f5055e6ec98c12c5dc26e2330f,train,032,TUMMHCD-TEST-TRAIN/TUMMHCDtrain/train_032/mmhc33_1239.tif
742,ea63f1d41be942a2ff781153f31debc9,train,032,TUMMHCD-TEST-TRAIN/TUMMHCDtrain/train_032/mmhc33_155.tif
742,ea63f1d41be942a2ff781153f31debc9,train,032,TUMMHCD-TEST-TRAIN/TUMMHCDtrain/train_032/mmhc33_500.tif
743,3732d587f41ea9ebfa0677a92f7b7083,train,032,TUMMHCD-TEST-TRAIN/TUMMHCDtrain/train_032/mmhc33_159.tif
743,3732d587f41ea9ebfa0677a92f7b7083,train,032,TUMMHCD-TEST-TRAIN/TUMMHCDtrain/train_032/mmhc33_1249.tif
744,af4ad930834c5556add9e3373bd70704,train,032,TUMMHCD-TEST-TRAIN/TUMMHCDtrain/train_032/mmhc33_162.tif
744,af4ad930834c5556add9e3373bd70704,train,032,TUMMHCD-TEST-TRAIN/TUMMHCDtrain/train_032/mmhc33_979.tif
745,fb8a1cbe501a54d7511592b0dad739c0,train,032,TUMMHCD-TEST-TRAIN/TUMMHCDtrain/train_032/mmhc33_164.tif
745,fb8a1cbe501a54d7511592b0dad739c0,train,032,TUMMHCD-TEST-TRAIN/TUMMHCDtrain/train_032/mmhc33_332.tif
746,9b1fd5e1e34bb8d7d1494eacfcab8a4d,train,032,TUMMHCD-TEST-TRAIN/TUMMHCDtrain/train_032/mmhc33_180.tif
746,9b1fd5e1e34bb8d7d1494eacfcab8a4d,train,032,TUMMHCD-TEST-TRAIN/TUMMHCDtrain/train_032/mmhc33_318.tif
747,e354858bd28f867cccc0ddfce344d6e5,train,032,TUMMHCD-TEST-TRAIN/TUMMHCDtrain/train_032/mmhc33_194.tif
747,e354858bd28f867cccc0ddfce344d6e5,train,032,TUMMHCD-TEST-TRAIN/TUMMHCDtrain/train_032/mmhc33_463.tif
748,41259dacea673cbf39971c3c4050533e,train,032,TUMMHCD-TEST-TRAIN/TUMMHCDtrain/train_032/mmhc33_201.tif
748,41259dacea673cbf39971c3c4050533e,train,032,TUMMHCD-TEST-TRAIN/TUMMHCDtrain/train_032/mmhc33_1220.tif
749,5109e342e19a8affc656521dbc0fabb4,train,032,TUMMHCD-TEST-TRAIN/TUMMHCDtrain/train_032/mmhc33_215.tif
749,5109e342e19a8affc656521dbc0fabb4,train,032,TUMMHCD-TEST-TRAIN/TUMMHCDtrain/train_032/mmhc33_965.tif
750,f0e48b391164d258878cf01bf1d416aa,train,032,TUMMHCD-TEST-TRAIN/TUMMHCDtrain/train_032/mmhc33_218.tif
750,f0e48b391164d258878cf01bf1d416aa,train,032,TUMMHCD-TEST-TRAIN/TUMMHCDtrain/train_032/mmhc33_844.tif
751,873a2f5d9f2f4cb7df60779cb483bdde,train,032,TUMMHCD-TEST-TRAIN/TUMMHCDtrain/train_032/mmhc33_225.tif
751,873a2f5d9f2f4cb7df60779cb483bdde,train,032,TUMMHCD-TEST-TRAIN/TUMMHCDtrain/train_032/mmhc33_1278.tif
752,a759d89d2a7bfd8c16233c71f7dbc18b,train,032,TUMMHCD-TEST-TRAIN/TUMMHCDtrain/train_032/mmhc33_234.tif
752,a759d89d2a7bfd8c16233c71f7dbc18b,train,032,TUMMHCD-TEST-TRAIN/TUMMHCDtrain/train_032/mmhc33_1208.tif
753,0789b7d5e3655fde3648181978f29407,train,032,TUMMHCD-TEST-TRAIN/TUMMHCDtrain/train_032/mmhc33_235.tif
753,0789b7d5e3655fde3648181978f29407,train,032,TUMMHCD-TEST-TRAIN/TUMMHCDtrain/train_032/mmhc33_352.tif
754,1eb51e1601f582b59638ad482f333f03,train,032,TUMMHCD-TEST-TRAIN/TUMMHCDtrain/train_032/mmhc33_236.tif
754,1eb51e1601f582b59638ad482f333f03,train,032,TUMMHCD-TEST-TRAIN/TUMMHCDtrain/train_032/mmhc33_759.tif
755,460e60d4bef2f71ca918b710302e8f0c,train,032,TUMMHCD-TEST-TRAIN/TUMMHCDtrain/train_032/mmhc33_239.tif
755,460e60d4bef2f71ca918b710302e8f0c,train,032,TUMMHCD-TEST-TRAIN/TUMMHCDtrain/train_032/mmhc33_899.tif
756,9a34ac6cc38d137055615551850f41a7,train,032,TUMMHCD-TEST-TRAIN/TUMMHCDtrain/train_032/mmhc33_242.tif
756,9a34ac6cc38d137055615551850f41a7,train,032,TUMMHCD-TEST-TRAIN/TUMMHCDtrain/train_032/mmhc33_459.tif
757,545116d2bad37c8faa336f4993b22122,train,032,TUMMHCD-TEST-TRAIN/TUMMHCDtrain/train_032/mmhc33_262.tif
757,545116d2bad37c8faa336f4993b22122,train,032,TUMMHCD-TEST-TRAIN/TUMMHCDtrain/train_032/mmhc33_568.tif
758,df0d4cfacf85c691194db04974524800,train,032,TUMMHCD-TEST-TRAIN/TUMMHCDtrain/train_032/mmhc33_271.tif
758,df0d4cfacf85c691194db04974524800,train,032,TUMMHCD-TEST-TRAIN/TUMMHCDtrain/train_032/mmhc33_1277.tif
759,4acac8e2c3126793c795943d7a32aabe,train,032,TUMMHCD-TEST-TRAIN/TUMMHCDtrain/train_032/mmhc33_275.tif
759,4acac8e2c3126793c795943d7a32aabe,train,032,TUMMHCD-TEST-TRAIN/TUMMHCDtrain/train_032/mmhc33_469.tif
760,df39b948ce0619f7bfcc48f91d99bfa5,train,032,TUMMHCD-TEST-TRAIN/TUMMHCDtrain/train_032/mmhc33_299.tif
760,df39b948ce0619f7bfcc48f91d99bfa5,train,032,TUMMHCD-TEST-TRAIN/TUMMHCDtrain/train_032/mmhc33_773.tif
761,e2ace4c3c4e0f9622dd86f0421c45162,train,032,TUMMHCD-TEST-TRAIN/TUMMHCDtrain/train_032/mmhc33_311.tif
761,e2ace4c3c4e0f9622dd86f0421c45162,train,032,TUMMHCD-TEST-TRAIN/TUMMHCDtrain/train_032/mmhc33_1082.tif
762,b9eef7f3b1ee8460bf8c2a7a5e002954,train,032,TUMMHCD-TEST-TRAIN/TUMMHCDtrain/train_032/mmhc33_315.tif
762,b9eef7f3b1ee8460bf8c2a7a5e002954,train,032,TUMMHCD-TEST-TRAIN/TUMMHCDtrain/train_032/mmhc33_1152.tif
763,93b1ff0d849b777f39c3fb57b60f0293,train,032,TUMMHCD-TEST-TRAIN/TUMMHCDtrain/train_032/mmhc33_328.tif
763,93b1ff0d849b777f39c3fb57b60f0293,train,032,TUMMHCD-TEST-TRAIN/TUMMHCDtrain/train_032/mmhc33_776.tif
764,d105e76d452af670ff4986868a76cad2,train,032,TUMMHCD-TEST-TRAIN/TUMMHCDtrain/train_032/mmhc33_337.tif
764,d105e76d452af670ff4986868a76cad2,train,032,TUMMHCD-TEST-TRAIN/TUMMHCDtrain/train_032/mmhc33_485.tif
765,4ac62ff2a832f51f5f7997cad9a349b1,train,032,TUMMHCD-TEST-TRAIN/TUMMHCDtrain/train_032/mmhc33_338.tif
765,4ac62ff2a832f51f5f7997cad9a349b1,train,032,TUMMHCD-TEST-TRAIN/TUMMHCDtrain/train_032/mmhc33_940.tif
766,bebe32f033d4617785f06fc656b39f4a,train,032,TUMMHCD-TEST-TRAIN/TUMMHCDtrain/train_032/mmhc33_347.tif
766,bebe32f033d4617785f06fc656b39f4a,train,032,TUMMHCD-TEST-TRAIN/TUMMHCDtrain/train_032/mmhc33_928.tif
767,0b924683bca0d1ea5860511496694d69,train,032,TUMMHCD-TEST-TRAIN/TUMMHCDtrain/train_032/mmhc33_349.tif
767,0b924683bca0d1ea5860511496694d69,train,032,TUMMHCD-TEST-TRAIN/TUMMHCDtrain/train_032/mmhc33_906.tif
768,d0589d1c88aaf53b7d3d6799a4b729f3,train,032,TUMMHCD-TEST-TRAIN/TUMMHCDtrain/train_032/mmhc33_353.tif
768,d0589d1c88aaf53b7d3d6799a4b729f3,train,032,TUMMHCD-TEST-TRAIN/TUMMHCDtrain/train_032/mmhc33_700.tif
769,87f2ddd5e691e1c4f33b93df70f701fe,train,032,TUMMHCD-TEST-TRAIN/TUMMHCDtrain/train_032/mmhc33_356.tif
769,87f2ddd5e691e1c4f33b93df70f701fe,train,032,TUMMHCD-TEST-TRAIN/TUMMHCDtrain/train_032/mmhc33_688.tif
770,ec5c61d3f0187bdcb205879d86f8126f,train,032,TUMMHCD-TEST-TRAIN/TUMMHCDtrain/train_032/mmhc33_358.tif
770,ec5c61d3f0187bdcb205879d86f8126f,train,032,TUMMHCD-TEST-TRAIN/TUMMHCDtrain/train_032/mmhc33_430.tif
771,26f0a4ef6976c198318516589ef92e9b,train,032,TUMMHCD-TEST-TRAIN/TUMMHCDtrain/train_032/mmhc33_371.tif
771,26f0a4ef6976c198318516589ef92e9b,train,032,TUMMHCD-TEST-TRAIN/TUMMHCDtrain/train_032/mmhc33_976.tif
772,f5998c6760c8b5d238c413718e41675a,train,032,TUMMHCD-TEST-TRAIN/TUMMHCDtrain/train_032/mmhc33_381.tif
772,f5998c6760c8b5d238c413718e41675a,train,032,TUMMHCD-TEST-TRAIN/TUMMHCDtrain/train_032/mmhc33_1129.tif
773,49575a929fc9fe58da58ef63f3bcd369,train,032,TUMMHCD-TEST-TRAIN/TUMMHCDtrain/train_032/mmhc33_394.tif
773,49575a929fc9fe58da58ef63f3bcd369,train,032,TUMMHCD-TEST-TRAIN/TUMMHCDtrain/train_032/mmhc33_582.tif
774,f4178dbbbdae0f46d9457ad0ac797830,train,032,TUMMHCD-TEST-TRAIN/TUMMHCDtrain/train_032/mmhc33_400.tif
774,f4178dbbbdae0f46d9457ad0ac797830,train,032,TUMMHCD-TEST-TRAIN/TUMMHCDtrain/train_032/mmhc33_992.tif
775,58cad310af432959546222668348fd4c,train,032,TUMMHCD-TEST-TRAIN/TUMMHCDtrain/train_032/mmhc33_416.tif
775,58cad310af432959546222668348fd4c,train,032,TUMMHCD-TEST-TRAIN/TUMMHCDtrain/train_032/mmhc33_596.tif
776,2b90edff6fd07b9fdadbff78e177df96,train,032,TUMMHCD-TEST-TRAIN/TUMMHCDtrain/train_032/mmhc33_452.tif
776,2b90edff6fd07b9fdadbff78e177df96,train,032,TUMMHCD-TEST-TRAIN/TUMMHCDtrain/train_032/mmhc33_1256.tif
777,9fb73c9b7645b9a09eb0e1947b712da9,train,032,TUMMHCD-TEST-TRAIN/TUMMHCDtrain/train_032/mmhc33_458.tif
777,9fb73c9b7645b9a09eb0e1947b712da9,train,032,TUMMHCD-TEST-TRAIN/TUMMHCDtrain/train_032/mmhc33_616.tif
778,ed511ca41d63032bd8612e130ad5b6c2,train,032,TUMMHCD-TEST-TRAIN/TUMMHCDtrain/train_032/mmhc33_466.tif
778,ed511ca41d63032bd8612e130ad5b6c2,train,032,TUMMHCD-TEST-TRAIN/TUMMHCDtrain/train_032/mmhc33_558.tif
779,423e13ce0bf846290a7b47de030bd358,train,032,TUMMHCD-TEST-TRAIN/TUMMHCDtrain/train_032/mmhc33_512.tif
779,423e13ce0bf846290a7b47de030bd358,train,032,TUMMHCD-TEST-TRAIN/TUMMHCDtrain/train_032/mmhc33_719.tif
780,6ee929a5b82efc80323a63402840e1b1,train,032,TUMMHCD-TEST-TRAIN/TUMMHCDtrain/train_032/mmhc33_513.tif
780,6ee929a5b82efc80323a63402840e1b1,train,032,TUMMHCD-TEST-TRAIN/TUMMHCDtrain/train_032/mmhc33_684.tif
781,4c7b06045221185fd1c08e982625698f,train,032,TUMMHCD-TEST-TRAIN/TUMMHCDtrain/train_032/mmhc33_520.tif
781,4c7b06045221185fd1c08e982625698f,train,032,TUMMHCD-TEST-TRAIN/TUMMHCDtrain/train_032/mmhc33_1193.tif
782,744d667db22c1c18a4dbcf2e40a09465,train,032,TUMMHCD-TEST-TRAIN/TUMMHCDtrain/train_032/mmhc33_547.tif
782,744d667db22c1c18a4dbcf2e40a09465,train,032,TUMMHCD-TEST-TRAIN/TUMMHCDtrain/train_032/mmhc33_646.tif
783,3a3ed86faf4103e7af79b9f9ec4c954d,train,032,TUMMHCD-TEST-TRAIN/TUMMHCDtrain/train_032/mmhc33_630.tif
783,3a3ed86faf4103e7af79b9f9ec4c954d,train,032,TUMMHCD-TEST-TRAIN/TUMMHCDtrain/train_032/mmhc33_837.tif
784,ec1d18a84c21f7541851fd48c3fc29db,train,032,TUMMHCD-TEST-TRAIN/TUMMHCDtrain/train_032/mmhc33_638.tif
784,ec1d18a84c21f7541851fd48c3fc29db,train,032,TUMMHCD-TEST-TRAIN/TUMMHCDtrain/train_032/mmhc33_665.tif
785,6923604303fc4260c70e3618cefc667b,train,032,TUMMHCD-TEST-TRAIN/TUMMHCDtrain/train_032/mmhc33_641.tif
785,6923604303fc4260c70e3618cefc667b,train,032,TUMMHCD-TEST-TRAIN/TUMMHCDtrain/train_032/mmhc33_1123.tif
786,09ecf73f1afc549616c93e623b05b77d,train,032,TUMMHCD-TEST-TRAIN/TUMMHCDtrain/train_032/mmhc33_651.tif
786,09ecf73f1afc549616c93e623b05b77d,train,032,TUMMHCD-TEST-TRAIN/TUMMHCDtrain/train_032/mmhc33_1186.tif
787,483550965e006509728ed622c7d21536,train,032,TUMMHCD-TEST-TRAIN/TUMMHCDtrain/train_032/mmhc33_677.tif
787,483550965e006509728ed622c7d21536,train,032,TUMMHCD-TEST-TRAIN/TUMMHCDtrain/train_032/mmhc33_733.tif
788,8b8dc9aefc79f8fb26e36bb9905b0353,train,032,TUMMHCD-TEST-TRAIN/TUMMHCDtrain/train_032/mmhc33_679.tif
788,8b8dc9aefc79f8fb26e36bb9905b0353,train,032,TUMMHCD-TEST-TRAIN/TUMMHCDtrain/train_032/mmhc33_710.tif
789,9f63fe6c4ac1002e705a4ba138c08b32,train,032,TUMMHCD-TEST-TRAIN/TUMMHCDtrain/train_032/mmhc33_687.tif
789,9f63fe6c4ac1002e705a4ba138c08b32,train,032,TUMMHCD-TEST-TRAIN/TUMMHCDtrain/train_032/mmhc33_789.tif
790,ec458da6588dbe3600206b2e980ffbef,train,032,TUMMHCD-TEST-TRAIN/TUMMHCDtrain/train_032/mmhc33_736.tif
790,ec458da6588dbe3600206b2e980ffbef,train,032,TUMMHCD-TEST-TRAIN/TUMMHCDtrain/train_032/mmhc33_1182.tif
791,c045ff40d43d08fce9c32dbe11eec70b,train,032,TUMMHCD-TEST-TRAIN/TUMMHCDtrain/train_032/mmhc33_749.tif
791,c045ff40d43d08fce9c32dbe11eec70b,train,032,TUMMHCD-TEST-TRAIN/TUMMHCDtrain/train_032/mmhc33_1227.tif
792,cedeb0d59b0937f41fe21f41080994ff,train,032,TUMMHCD-TEST-TRAIN/TUMMHCDtrain/train_032/mmhc33_752.tif
792,cedeb0d59b0937f41fe21f41080994ff,train,032,TUMMHCD-TEST-TRAIN/TUMMHCDtrain/train_032/mmhc33_1048.tif
793,e2e33e23864b06feb6c07b9aaa962277,train,032,TUMMHCD-TEST-TRAIN/TUMMHCDtrain/train_032/mmhc33_806.tif
793,e2e33e23864b06feb6c07b9aaa962277,train,032,TUMMHCD-TEST-TRAIN/TUMMHCDtrain/train_032/mmhc33_1257.tif
794,cff876af63a51ffbf77f6819839cd126,train,032,TUMMHCD-TEST-TRAIN/TUMMHCDtrain/train_032/mmhc33_811.tif
794,cff876af63a51ffbf77f6819839cd126,train,032,TUMMHCD-TEST-TRAIN/TUMMHCDtrain/train_032/mmhc33_873.tif
795,c79a44a25cb9ee37d7cc9504f2385c07,train,032,TUMMHCD-TEST-TRAIN/TUMMHCDtrain/train_032/mmhc33_832.tif
795,c79a44a25cb9ee37d7cc9504f2385c07,train,032,TUMMHCD-TEST-TRAIN/TUMMHCDtrain/train_032/mmhc33_1028.tif
796,5864878e925854b6a92521215ed64a10,train,032,TUMMHCD-TEST-TRAIN/TUMMHCDtrain/train_032/mmhc33_843.tif
796,5864878e925854b6a92521215ed64a10,train,032,TUMMHCD-TEST-TRAIN/TUMMHCDtrain/train_032/mmhc33_1070.tif
797,d24ab5f31942501d15c55f67928925f4,train,032,TUMMHCD-TEST-TRAIN/TUMMHCDtrain/train_032/mmhc33_859.tif
797,d24ab5f31942501d15c55f67928925f4,train,032,TUMMHCD-TEST-TRAIN/TUMMHCDtrain/train_032/mmhc33_1038.tif
798,c04890c914863932b250cd2f82a29604,train,032,TUMMHCD-TEST-TRAIN/TUMMHCDtrain/train_032/mmhc33_871.tif
798,c04890c914863932b250cd2f82a29604,train,032,TUMMHCD-TEST-TRAIN/TUMMHCDtrain/train_032/mmhc33_1011.tif
799,9a5e3f8ccb57521ee3731af34a1f7380,train,032,TUMMHCD-TEST-TRAIN/TUMMHCDtrain/train_032/mmhc33_916.tif
799,9a5e3f8ccb57521ee3731af34a1f7380,train,032,TUMMHCD-TEST-TRAIN/TUMMHCDtrain/train_032/mmhc33_1111.tif
800,6acb7599f91cf620c877c5eacf309ea1,train,032,TUMMHCD-TEST-TRAIN/TUMMHCDtrain/train_032/mmhc33_966.tif
800,6acb7599f91cf620c877c5eacf309ea1,train,032,TUMMHCD-TEST-TRAIN/TUMMHCDtrain/train_032/mmhc33_973.tif
801,d957cbdc7c0947bd7a3911e3aee52b72,train,032,TUMMHCD-TEST-TRAIN/TUMMHCDtrain/train_032/mmhc33_977.tif
801,d957cbdc7c0947bd7a3911e3aee52b72,train,032,TUMMHCD-TEST-TRAIN/TUMMHCDtrain/train_032/mmhc33_1166.tif
802,19cecc68716ff1f7fee7f548955aa536,train,032,TUMMHCD-TEST-TRAIN/TUMMHCDtrain/train_032/mmhc33_1093.tif
802,19cecc68716ff1f7fee7f548955aa536,train,032,TUMMHCD-TEST-TRAIN/TUMMHCDtrain/train_032/mmhc33_1215.tif
803,a8142672d75b04205520ba774687e524,train,032,TUMMHCD-TEST-TRAIN/TUMMHCDtrain/train_032/mmhc33_1116.tif
803,a8142672d75b04205520ba774687e524,train,032,TUMMHCD-TEST-TRAIN/TUMMHCDtrain/train_032/mmhc33_1276.tif
804,9ece43c6613256ad58ed86ca9db873c9,train,032,TUMMHCD-TEST-TRAIN/TUMMHCDtrain/train_032/mmhc33_1180.tif
804,9ece43c6613256ad58ed86ca9db873c9,train,032,TUMMHCD-TEST-TRAIN/TUMMHCDtrain/train_032/mmhc33_1271.tif
805,207d8607de1580ad7e5b1ce29433d499,train,033,TUMMHCD-TEST-TRAIN/TUMMHCDtrain/train_033/mmhc34_303.tif
805,207d8607de1580ad7e5b1ce29433d499,train,034,TUMMHCD-TEST-TRAIN/TUMMHCDtrain/train_034/mmhc35_187.tif
806,f5c9f5a7d9f28e80f1e3af1b3713d985,train,033,TUMMHCD-TEST-TRAIN/TUMMHCDtrain/train_033/mmhc34_601.tif
806,f5c9f5a7d9f28e80f1e3af1b3713d985,train,033,TUMMHCD-TEST-TRAIN/TUMMHCDtrain/train_033/mmhc34_1068.tif
807,236998f9137ebe769146e0b152fa8186,train,033,TUMMHCD-TEST-TRAIN/TUMMHCDtrain/train_033/mmhc34_1112.tif
807,236998f9137ebe769146e0b152fa8186,train,033,TUMMHCD-TEST-TRAIN/TUMMHCDtrain/train_033/mmhc34_1217.tif
808,1fe234f220a36b895cbca1adde56c0b7,train,034,TUMMHCD-TEST-TRAIN/TUMMHCDtrain/train_034/mmhc35_442.tif
808,1fe234f220a36b895cbca1adde56c0b7,train,034,TUMMHCD-TEST-TRAIN/TUMMHCDtrain/train_034/mmhc35_1326.tif
809,dd08e2c24d7e0e2a7622702675c1f2de,train,034,TUMMHCD-TEST-TRAIN/TUMMHCDtrain/train_034/mmhc35_771.tif
809,dd08e2c24d7e0e2a7622702675c1f2de,train,034,TUMMHCD-TEST-TRAIN/TUMMHCDtrain/train_034/mmhc35_820.tif
810,1004bb82bc24a2a3d7c2d88b6fb673f5,train,034,TUMMHCD-TEST-TRAIN/TUMMHCDtrain/train_034/mmhc35_836.tif
810,1004bb82bc24a2a3d7c2d88b6fb673f5,train,034,TUMMHCD-TEST-TRAIN/TUMMHCDtrain/train_034/mmhc35_1395.tif
811,e8c8732de8b325becf613d95d56dd54c,train,034,TUMMHCD-TEST-TRAIN/TUMMHCDtrain/train_034/mmhc35_868.tif
811,e8c8732de8b325becf613d95d56dd54c,train,034,TUMMHCD-TEST-TRAIN/TUMMHCDtrain/train_034/mmhc35_1048.tif
812,1960ef55d7547f68c7a9a89d444b88e8,train,035,TUMMHCD-TEST-TRAIN/TUMMHCDtrain/train_035/mmhc36_178.tif
812,1960ef55d7547f68c7a9a89d444b88e8,train,035,TUMMHCD-TEST-TRAIN/TUMMHCDtrain/train_035/mmhc36_896.tif
813,08e266d123c3d07b3f301e76081fe8e7,train,035,TUMMHCD-TEST-TRAIN/TUMMHCDtrain/train_035/mmhc36_333.tif
813,08e266d123c3d07b3f301e76081fe8e7,train,035,TUMMHCD-TEST-TRAIN/TUMMHCDtrain/train_035/mmhc36_902.tif
814,c778e6dad89dbcc942bd9399504bb5e9,train,035,TUMMHCD-TEST-TRAIN/TUMMHCDtrain/train_035/mmhc36_634.tif
814,c778e6dad89dbcc942bd9399504bb5e9,train,035,TUMMHCD-TEST-TRAIN/TUMMHCDtrain/train_035/mmhc36_1182.tif
815,1973e46dd2ab8f5a7627bd579c436875,train,035,TUMMHCD-TEST-TRAIN/TUMMHCDtrain/train_035/mmhc36_641.tif
815,1973e46dd2ab8f5a7627bd579c436875,train,035,TUMMHCD-TEST-TRAIN/TUMMHCDtrain/train_035/mmhc36_777.tif
816,e115d96ebe60715219ef1e273cbb8250,train,036,TUMMHCD-TEST-TRAIN/TUMMHCDtrain/train_036/mmhc37_179.tif
816,e115d96ebe60715219ef1e273cbb8250,train,036,TUMMHCD-TEST-TRAIN/TUMMHCDtrain/train_036/mmhc37_579.tif
817,67fbdcbbcfcb1bd4c9943a558ae151c5,train,036,TUMMHCD-TEST-TRAIN/TUMMHCDtrain/train_036/mmhc37_432.tif
817,67fbdcbbcfcb1bd4c9943a558ae151c5,train,036,TUMMHCD-TEST-TRAIN/TUMMHCDtrain/train_036/mmhc37_1190.tif
818,8c8ba94ec017e3edb87ff9a0858c8b68,train,037,TUMMHCD-TEST-TRAIN/TUMMHCDtrain/train_037/mmhc38_3.tif
818,8c8ba94ec017e3edb87ff9a0858c8b68,train,037,TUMMHCD-TEST-TRAIN/TUMMHCDtrain/train_037/mmhc38_822.tif
819,0ac0227e3252cad74c246b46de6df40c,train,037,TUMMHCD-TEST-TRAIN/TUMMHCDtrain/train_037/mmhc38_10.tif
819,0ac0227e3252cad74c246b46de6df40c,train,037,TUMMHCD-TEST-TRAIN/TUMMHCDtrain/train_037/mmhc38_1111.tif
820,7c8ae7e954111e4a05aa33f9f82acf28,train,037,TUMMHCD-TEST-TRAIN/TUMMHCDtrain/train_037/mmhc38_51.tif
820,7c8ae7e954111e4a05aa33f9f82acf28,train,037,TUMMHCD-TEST-TRAIN/TUMMHCDtrain/train_037/mmhc38_544.tif
821,3dc42043493365375d76bc378612034e,train,037,TUMMHCD-TEST-TRAIN/TUMMHCDtrain/train_037/mmhc38_116.tif
821,3dc42043493365375d76bc378612034e,train,037,TUMMHCD-TEST-TRAIN/TUMMHCDtrain/train_037/mmhc38_359.tif
822,bd43bdcfe047469ab656dfd00964efc1,train,037,TUMMHCD-TEST-TRAIN/TUMMHCDtrain/train_037/mmhc38_134.tif
822,bd43bdcfe047469ab656dfd00964efc1,train,037,TUMMHCD-TEST-TRAIN/TUMMHCDtrain/train_037/mmhc38_377.tif
823,925fbcddb6c4a86b9bcd4c2be4823fbd,train,037,TUMMHCD-TEST-TRAIN/TUMMHCDtrain/train_037/mmhc38_483.tif
823,925fbcddb6c4a86b9bcd4c2be4823fbd,train,037,TUMMHCD-TEST-TRAIN/TUMMHCDtrain/train_037/mmhc38_875.tif
824,4e3c6f3976b5bef834b8967065ef7bfa,train,037,TUMMHCD-TEST-TRAIN/TUMMHCDtrain/train_037/mmhc38_564.tif
824,4e3c6f3976b5bef834b8967065ef7bfa,train,037,TUMMHCD-TEST-TRAIN/TUMMHCDtrain/train_037/mmhc38_911.tif
825,b124cc961a9068bc90ce5ca49723439f,train,037,TUMMHCD-TEST-TRAIN/TUMMHCDtrain/train_037/mmhc38_576.tif
825,b124cc961a9068bc90ce5ca49723439f,train,037,TUMMHCD-TEST-TRAIN/TUMMHCDtrain/train_037/mmhc38_592.tif
826,0fa2f96b41a3a7eb303704795d48b2e3,train,037,TUMMHCD-TEST-TRAIN/TUMMHCDtrain/train_037/mmhc38_763.tif
826,0fa2f96b41a3a7eb303704795d48b2e3,train,037,TUMMHCD-TEST-TRAIN/TUMMHCDtrain/train_037/mmhc38_1201.tif
827,407bc1cb217dc36b6ce0f0483093a5a3,train,037,TUMMHCD-TEST-TRAIN/TUMMHCDtrain/train_037/mmhc38_854.tif
827,407bc1cb217dc36b6ce0f0483093a5a3,train,037,TUMMHCD-TEST-TRAIN/TUMMHCDtrain/train_037/mmhc38_1220.tif
828,9a80b4ff35705e6b255268e0c581723d,train,037,TUMMHCD-TEST-TRAIN/TUMMHCDtrain/train_037/mmhc38_941.tif
828,9a80b4ff35705e6b255268e0c581723d,train,037,TUMMHCD-TEST-TRAIN/TUMMHCDtrain/train_037/mmhc38_1016.tif
829,b258d671cd35efa076ebe49474eb1a7b,train,038,TUMMHCD-TEST-TRAIN/TUMMHCDtrain/train_038/mmhc39_226.tif
829,b258d671cd35efa076ebe49474eb1a7b,train,038,TUMMHCD-TEST-TRAIN/TUMMHCDtrain/train_038/mmhc39_921.tif
830,f09cbb7e5ba9b29caa7efa0393097a34,train,038,TUMMHCD-TEST-TRAIN/TUMMHCDtrain/train_038/mmhc39_281.tif
830,f09cbb7e5ba9b29caa7efa0393097a34,train,038,TUMMHCD-TEST-TRAIN/TUMMHCDtrain/train_038/mmhc39_559.tif
831,dc3bab79aa2d67955550dab64fb4af4f,train,038,TUMMHCD-TEST-TRAIN/TUMMHCDtrain/train_038/mmhc39_283.tif
831,dc3bab79aa2d67955550dab64fb4af4f,train,038,TUMMHCD-TEST-TRAIN/TUMMHCDtrain/train_038/mmhc39_348.tif
832,e1510b5ca93d578c800d8133d192f86b,train,038,TUMMHCD-TEST-TRAIN/TUMMHCDtrain/train_038/mmhc39_317.tif
832,e1510b5ca93d578c800d8133d192f86b,train,038,TUMMHCD-TEST-TRAIN/TUMMHCDtrain/train_038/mmhc39_761.tif
833,180f80bfbd1c8e0381f32d5f72fb0365,train,038,TUMMHCD-TEST-TRAIN/TUMMHCDtrain/train_038/mmhc39_443.tif
833,180f80bfbd1c8e0381f32d5f72fb0365,train,038,TUMMHCD-TEST-TRAIN/TUMMHCDtrain/train_038/mmhc39_544.tif
834,6b39237f9f098e5d14038d4ca0cd162c,train,038,TUMMHCD-TEST-TRAIN/TUMMHCDtrain/train_038/mmhc39_481.tif
834,6b39237f9f098e5d14038d4ca0cd162c,train,038,TUMMHCD-TEST-TRAIN/TUMMHCDtrain/train_038/mmhc39_773.tif
835,1c382677333283abd6edc49389293031,train,039,TUMMHCD-TEST-TRAIN/TUMMHCDtrain/train_039/mmhc40_1.tif
835,1c382677333283abd6edc49389293031,train,039,TUMMHCD-TEST-TRAIN/TUMMHCDtrain/train_039/mmhc40_839.tif
836,ea646f18838f575f3a6f342b3e103233,train,039,TUMMHCD-TEST-TRAIN/TUMMHCDtrain/train_039/mmhc40_17.tif
836,ea646f18838f575f3a6f342b3e103233,train,039,TUMMHCD-TEST-TRAIN/TUMMHCDtrain/train_039/mmhc40_610.tif
837,6ba23d47eef4a35ec028f19e9c2211c5,train,039,TUMMHCD-TEST-TRAIN/TUMMHCDtrain/train_039/mmhc40_93.tif
837,6ba23d47eef4a35ec028f19e9c2211c5,train,039,TUMMHCD-TEST-TRAIN/TUMMHCDtrain/train_039/mmhc40_1050.tif
838,eca848964c25c6d83ad06e35076316b1,train,039,TUMMHCD-TEST-TRAIN/TUMMHCDtrain/train_039/mmhc40_223.tif
838,eca848964c25c6d83ad06e35076316b1,train,039,TUMMHCD-TEST-TRAIN/TUMMHCDtrain/train_039/mmhc40_588.tif
839,54163e7f9a4d440f0d6c3c40bf20935d,train,039,TUMMHCD-TEST-TRAIN/TUMMHCDtrain/train_039/mmhc40_248.tif
839,54163e7f9a4d440f0d6c3c40bf20935d,train,039,TUMMHCD-TEST-TRAIN/TUMMHCDtrain/train_039/mmhc40_957.tif
840,7dc7784765365209ea2cd2d9347bfc51,train,039,TUMMHCD-TEST-TRAIN/TUMMHCDtrain/train_039/mmhc40_249.tif
840,7dc7784765365209ea2cd2d9347bfc51,train,039,TUMMHCD-TEST-TRAIN/TUMMHCDtrain/train_039/mmhc40_787.tif
841,a1e4768d1b6281791c0420f8e953f67a,train,039,TUMMHCD-TEST-TRAIN/TUMMHCDtrain/train_039/mmhc40_313.tif
841,a1e4768d1b6281791c0420f8e953f67a,train,039,TUMMHCD-TEST-TRAIN/TUMMHCDtrain/train_039/mmhc40_870.tif
842,a7e65563719fb63ae52e31a229d4f6d2,train,039,TUMMHCD-TEST-TRAIN/TUMMHCDtrain/train_039/mmhc40_324.tif
842,a7e65563719fb63ae52e31a229d4f6d2,train,039,TUMMHCD-TEST-TRAIN/TUMMHCDtrain/train_039/mmhc40_1074.tif
843,ba4e65e52994041e0523b1fea58a186b,train,039,TUMMHCD-TEST-TRAIN/TUMMHCDtrain/train_039/mmhc40_347.tif
843,ba4e65e52994041e0523b1fea58a186b,train,039,TUMMHCD-TEST-TRAIN/TUMMHCDtrain/train_039/mmhc40_1144.tif
844,838fbb609d92f81608689f2a25dc8efb,train,039,TUMMHCD-TEST-TRAIN/TUMMHCDtrain/train_039/mmhc40_355.tif
844,838fbb609d92f81608689f2a25dc8efb,train,039,TUMMHCD-TEST-TRAIN/TUMMHCDtrain/train_039/mmhc40_573.tif
845,4fde7b1babf1f53d729443895bcfb51e,train,039,TUMMHCD-TEST-TRAIN/TUMMHCDtrain/train_039/mmhc40_383.tif
845,4fde7b1babf1f53d729443895bcfb51e,train,039,TUMMHCD-TEST-TRAIN/TUMMHCDtrain/train_039/mmhc40_1196.tif
846,8a1a784652ee155202fbc9b50af8a0cc,train,039,TUMMHCD-TEST-TRAIN/TUMMHCDtrain/train_039/mmhc40_400.tif
846,8a1a784652ee155202fbc9b50af8a0cc,train,039,TUMMHCD-TEST-TRAIN/TUMMHCDtrain/train_039/mmhc40_998.tif
847,18264da72e369516de2059091760b45f,train,039,TUMMHCD-TEST-TRAIN/TUMMHCDtrain/train_039/mmhc40_405.tif
847,18264da72e369516de2059091760b45f,train,039,TUMMHCD-TEST-TRAIN/TUMMHCDtrain/train_039/mmhc40_725.tif
848,5c55aa18a8ef69b08fc1b69fa7f509f5,train,039,TUMMHCD-TEST-TRAIN/TUMMHCDtrain/train_039/mmhc40_476.tif
848,5c55aa18a8ef69b08fc1b69fa7f509f5,train,039,TUMMHCD-TEST-TRAIN/TUMMHCDtrain/train_039/mmhc40_1192.tif
849,c8554104f0490dde0c02b17a8508bea7,train,039,TUMMHCD-TEST-TRAIN/TUMMHCDtrain/train_039/mmhc40_514.tif
849,c8554104f0490dde0c02b17a8508bea7,train,039,TUMMHCD-TEST-TRAIN/TUMMHCDtrain/train_039/mmhc40_867.tif
850,e9f9ca46a2a0d6ebceb2080b674985ad,train,039,TUMMHCD-TEST-TRAIN/TUMMHCDtrain/train_039/mmhc40_616.tif
850,e9f9ca46a2a0d6ebceb2080b674985ad,train,039,TUMMHCD-TEST-TRAIN/TUMMHCDtrain/train_039/mmhc40_1004.tif
851,57168720a6a133e993f8887c12032df0,train,039,TUMMHCD-TEST-TRAIN/TUMMHCDtrain/train_039/mmhc40_645.tif
851,57168720a6a133e993f8887c12032df0,train,039,TUMMHCD-TEST-TRAIN/TUMMHCDtrain/train_039/mmhc40_653.tif
852,bb0cb98dfe02969fb6b822f863c5993c,train,039,TUMMHCD-TEST-TRAIN/TUMMHCDtrain/train_039/mmhc40_658.tif
852,bb0cb98dfe02969fb6b822f863c5993c,train,039,TUMMHCD-TEST-TRAIN/TUMMHCDtrain/train_039/mmhc40_779.tif
853,aac1a12135c390ed2f1f6fcab190d11d,train,039,TUMMHCD-TEST-TRAIN/TUMMHCDtrain/train_039/mmhc40_705.tif
853,aac1a12135c390ed2f1f6fcab190d11d,train,039,TUMMHCD-TEST-TRAIN/TUMMHCDtrain/train_039/mmhc40_909.tif
854,42a81eeec28d0af02b774c5f980b32d7,train,039,TUMMHCD-TEST-TRAIN/TUMMHCDtrain/train_039/mmhc40_914.tif
854,42a81eeec28d0af02b774c5f980b32d7,train,039,TUMMHCD-TEST-TRAIN/TUMMHCDtrain/train_039/mmhc40_1157.tif
855,8edbc144e1d0c647b78dd2aa30083a6c,train,040,TUMMHCD-TEST-TRAIN/TUMMHCDtrain/train_040/mmhc41_754.tif
855,8edbc144e1d0c647b78dd2aa30083a6c,train,040,TUMMHCD-TEST-TRAIN/TUMMHCDtrain/train_040/mmhc41_803.tif
856,d94dc77b6402ae04376fb8c8eac65a4d,train,041,TUMMHCD-TEST-TRAIN/TUMMHCDtrain/train_041/mmhc42_9.tif
856,d94dc77b6402ae04376fb8c8eac65a4d,train,041,TUMMHCD-TEST-TRAIN/TUMMHCDtrain/train_041/mmhc42_489.tif
857,31497b21b15cd0229a468048a28309a1,train,041,TUMMHCD-TEST-TRAIN/TUMMHCDtrain/train_041/mmhc42_80.tif
857,31497b21b15cd0229a468048a28309a1,train,041,TUMMHCD-TEST-TRAIN/TUMMHCDtrain/train_041/mmhc42_867.tif
858,82ee82af4f9ba7e310cac89be291b329,train,041,TUMMHCD-TEST-TRAIN/TUMMHCDtrain/train_041/mmhc42_397.tif
858,82ee82af4f9ba7e310cac89be291b329,train,041,TUMMHCD-TEST-TRAIN/TUMMHCDtrain/train_041/mmhc42_526.tif
859,e820a4b604f73cbec0c022eb41d89e26,train,042,TUMMHCD-TEST-TRAIN/TUMMHCDtrain/train_042/mmhc43_146.tif
859,e820a4b604f73cbec0c022eb41d89e26,train,042,TUMMHCD-TEST-TRAIN/TUMMHCDtrain/train_042/mmhc43_157.tif
860,7478f30f0668a24facfe5061c8893fa7,train,042,TUMMHCD-TEST-TRAIN/TUMMHCDtrain/train_042/mmhc43_559.tif
860,7478f30f0668a24facfe5061c8893fa7,train,042,TUMMHCD-TEST-TRAIN/TUMMHCDtrain/train_042/mmhc43_792.tif
861,d958f5fc566c317c569431b984d03875,train,042,TUMMHCD-TEST-TRAIN/TUMMHCDtrain/train_042/mmhc43_613.tif
861,d958f5fc566c317c569431b984d03875,train,042,TUMMHCD-TEST-TRAIN/TUMMHCDtrain/train_042/mmhc43_1078.tif
862,b073ed98f1795981960d3bc6612f4c0d,train,043,TUMMHCD-TEST-TRAIN/TUMMHCDtrain/train_043/mmhc44_65.tif
862,b073ed98f1795981960d3bc6612f4c0d,train,043,TUMMHCD-TEST-TRAIN/TUMMHCDtrain/train_043/mmhc44_525.tif
863,6ac05986aaf321c1d683422387089380,train,043,TUMMHCD-TEST-TRAIN/TUMMHCDtrain/train_043/mmhc44_117.tif
863,6ac05986aaf321c1d683422387089380,train,043,TUMMHCD-TEST-TRAIN/TUMMHCDtrain/train_043/mmhc44_310.tif
864,1187c75da70499bf768405e10f7cc407,train,043,TUMMHCD-TEST-TRAIN/TUMMHCDtrain/train_043/mmhc44_123.tif
864,1187c75da70499bf768405e10f7cc407,train,043,TUMMHCD-TEST-TRAIN/TUMMHCDtrain/train_043/mmhc44_1082.tif
865,a5fa949099518265829ae325a6115795,train,043,TUMMHCD-TEST-TRAIN/TUMMHCDtrain/train_043/mmhc44_223.tif
865,a5fa949099518265829ae325a6115795,train,043,TUMMHCD-TEST-TRAIN/TUMMHCDtrain/train_043/mmhc44_1184.tif
866,71764438cff03bbbdf731d4338b8167d,train,045,TUMMHCD-TEST-TRAIN/TUMMHCDtrain/train_045/mmhc46_5.tif
866,71764438cff03bbbdf731d4338b8167d,train,045,TUMMHCD-TEST-TRAIN/TUMMHCDtrain/train_045/mmhc46_1024.tif
867,03c5c332031d03f5a4bf37d1fc108860,train,045,TUMMHCD-TEST-TRAIN/TUMMHCDtrain/train_045/mmhc46_8.tif
867,03c5c332031d03f5a4bf37d1fc108860,train,045,TUMMHCD-TEST-TRAIN/TUMMHCDtrain/train_045/mmhc46_1146.tif
868,507d7aab69b5b93f3d3e06b4262a6d48,train,045,TUMMHCD-TEST-TRAIN/TUMMHCDtrain/train_045/mmhc46_9.tif
868,507d7aab69b5b93f3d3e06b4262a6d48,train,045,TUMMHCD-TEST-TRAIN/TUMMHCDtrain/train_045/mmhc46_878.tif
869,530ae0e2f9920cfcef00bd59e7d2035e,train,045,TUMMHCD-TEST-TRAIN/TUMMHCDtrain/train_045/mmhc46_11.tif
869,530ae0e2f9920cfcef00bd59e7d2035e,train,045,TUMMHCD-TEST-TRAIN/TUMMHCDtrain/train_045/mmhc46_693.tif
870,6ad868e2b89847470ff858a738f78dd2,train,045,TUMMHCD-TEST-TRAIN/TUMMHCDtrain/train_045/mmhc46_23.tif
870,6ad868e2b89847470ff858a738f78dd2,train,045,TUMMHCD-TEST-TRAIN/TUMMHCDtrain/train_045/mmhc46_927.tif
871,7cd9b3e6abc2fda4a58e931b2458812b,train,045,TUMMHCD-TEST-TRAIN/TUMMHCDtrain/train_045/mmhc46_33.tif
871,7cd9b3e6abc2fda4a58e931b2458812b,train,045,TUMMHCD-TEST-TRAIN/TUMMHCDtrain/train_045/mmhc46_272.tif
872,a9576fb068a8799edc66b2ad0cbc6ca4,train,045,TUMMHCD-TEST-TRAIN/TUMMHCDtrain/train_045/mmhc46_34.tif
872,a9576fb068a8799edc66b2ad0cbc6ca4,train,045,TUMMHCD-TEST-TRAIN/TUMMHCDtrain/train_045/mmhc46_1262.tif
873,a740a3f6798fa3c890b968053a913146,train,045,TUMMHCD-TEST-TRAIN/TUMMHCDtrain/train_045/mmhc46_36.tif
873,a740a3f6798fa3c890b968053a913146,train,045,TUMMHCD-TEST-TRAIN/TUMMHCDtrain/train_045/mmhc46_200.tif
874,9f46a164a2860a75a06db271fef07c20,train,045,TUMMHCD-TEST-TRAIN/TUMMHCDtrain/train_045/mmhc46_37.tif
874,9f46a164a2860a75a06db271fef07c20,train,045,TUMMHCD-TEST-TRAIN/TUMMHCDtrain/train_045/mmhc46_128.tif
875,877552e6b566d441ffde078d27078f7f,train,045,TUMMHCD-TEST-TRAIN/TUMMHCDtrain/train_045/mmhc46_43.tif
875,877552e6b566d441ffde078d27078f7f,train,045,TUMMHCD-TEST-TRAIN/TUMMHCDtrain/train_045/mmhc46_154.tif
876,c4cb2f486341fc7fb8934d3e5349b57f,train,045,TUMMHCD-TEST-TRAIN/TUMMHCDtrain/train_045/mmhc46_45.tif
876,c4cb2f486341fc7fb8934d3e5349b57f,train,045,TUMMHCD-TEST-TRAIN/TUMMHCDtrain/train_045/mmhc46_901.tif
877,be09ffba94d24a705cabf2ba164167fa,train,045,TUMMHCD-TEST-TRAIN/TUMMHCDtrain/train_045/mmhc46_47.tif
877,be09ffba94d24a705cabf2ba164167fa,train,045,TUMMHCD-TEST-TRAIN/TUMMHCDtrain/train_045/mmhc46_811.tif
878,d02a4d7b9ad012cedc6585f5540a386f,train,045,TUMMHCD-TEST-TRAIN/TUMMHCDtrain/train_045/mmhc46_50.tif
878,d02a4d7b9ad012cedc6585f5540a386f,train,045,TUMMHCD-TEST-TRAIN/TUMMHCDtrain/train_045/mmhc46_393.tif
879,39e3c1f7064043559edd7f6b9de3e61b,train,045,TUMMHCD-TEST-TRAIN/TUMMHCDtrain/train_045/mmhc46_51.tif
879,39e3c1f7064043559edd7f6b9de3e61b,train,045,TUMMHCD-TEST-TRAIN/TUMMHCDtrain/train_045/mmhc46_326.tif
880,cf52a6253797cf9c1b2281e0b03214a4,train,045,TUMMHCD-TEST-TRAIN/TUMMHCDtrain/train_045/mmhc46_54.tif
880,cf52a6253797cf9c1b2281e0b03214a4,train,045,TUMMHCD-TEST-TRAIN/TUMMHCDtrain/train_045/mmhc46_856.tif
881,3346944e0a229e4cccd6bffa3d83ae0a,train,045,TUMMHCD-TEST-TRAIN/TUMMHCDtrain/train_045/mmhc46_55.tif
881,3346944e0a229e4cccd6bffa3d83ae0a,train,045,TUMMHCD-TEST-TRAIN/TUMMHCDtrain/train_045/mmhc46_353.tif
882,e961ce0954faa5c0b87bc331f9872bde,train,045,TUMMHCD-TEST-TRAIN/TUMMHCDtrain/train_045/mmhc46_57.tif
882,e961ce0954faa5c0b87bc331f9872bde,train,045,TUMMHCD-TEST-TRAIN/TUMMHCDtrain/train_045/mmhc46_153.tif
883,fc0180fa05651a75a1e8f69cd2611e5f,train,045,TUMMHCD-TEST-TRAIN/TUMMHCDtrain/train_045/mmhc46_62.tif
883,fc0180fa05651a75a1e8f69cd2611e5f,train,045,TUMMHCD-TEST-TRAIN/TUMMHCDtrain/train_045/mmhc46_1080.tif
884,bbf5abd96c022289b0306bda169c3f56,train,045,TUMMHCD-TEST-TRAIN/TUMMHCDtrain/train_045/mmhc46_66.tif
884,bbf5abd96c022289b0306bda169c3f56,train,045,TUMMHCD-TEST-TRAIN/TUMMHCDtrain/train_045/mmhc46_1185.tif
885,0f7ed51aec1c80abc39c98cc6753bed0,train,045,TUMMHCD-TEST-TRAIN/TUMMHCDtrain/train_045/mmhc46_72.tif
885,0f7ed51aec1c80abc39c98cc6753bed0,train,045,TUMMHCD-TEST-TRAIN/TUMMHCDtrain/train_045/mmhc46_1082.tif
886,786788de3b0225f47317f1e69219fd19,train,045,TUMMHCD-TEST-TRAIN/TUMMHCDtrain/train_045/mmhc46_76.tif
886,786788de3b0225f47317f1e69219fd19,train,045,TUMMHCD-TEST-TRAIN/TUMMHCDtrain/train_045/mmhc46_409.tif
887,248a6c9665098a8ed497c9891d360da9,train,045,TUMMHCD-TEST-TRAIN/TUMMHCDtrain/train_045/mmhc46_77.tif
887,248a6c9665098a8ed497c9891d360da9,train,045,TUMMHCD-TEST-TRAIN/TUMMHCDtrain/train_045/mmhc46_679.tif
888,f8e19f3ba861c88122c3cd487f6db369,train,045,TUMMHCD-TEST-TRAIN/TUMMHCDtrain/train_045/mmhc46_79.tif
888,f8e19f3ba861c88122c3cd487f6db369,train,045,TUMMHCD-TEST-TRAIN/TUMMHCDtrain/train_045/mmhc46_1115.tif
889,05411faf497e30e1639628db4c222a2a,train,045,TUMMHCD-TEST-TRAIN/TUMMHCDtrain/train_045/mmhc46_80.tif
889,05411faf497e30e1639628db4c222a2a,train,045,TUMMHCD-TEST-TRAIN/TUMMHCDtrain/train_045/mmhc46_1226.tif
890,a08e543c511e83fbe018d2d5bac8260d,train,045,TUMMHCD-TEST-TRAIN/TUMMHCDtrain/train_045/mmhc46_84.tif
890,a08e543c511e83fbe018d2d5bac8260d,train,045,TUMMHCD-TEST-TRAIN/TUMMHCDtrain/train_045/mmhc46_768.tif
891,081aee44570933c502af4afdd68d937c,train,045,TUMMHCD-TEST-TRAIN/TUMMHCDtrain/train_045/mmhc46_88.tif
891,081aee44570933c502af4afdd68d937c,train,045,TUMMHCD-TEST-TRAIN/TUMMHCDtrain/train_045/mmhc46_960.tif
892,fdc680a2085f956a67af348e2de25364,train,045,TUMMHCD-TEST-TRAIN/TUMMHCDtrain/train_045/mmhc46_93.tif
892,fdc680a2085f956a67af348e2de25364,train,045,TUMMHCD-TEST-TRAIN/TUMMHCDtrain/train_045/mmhc46_1156.tif
893,6063b1bd04a08313f6f27d520df55e15,train,045,TUMMHCD-TEST-TRAIN/TUMMHCDtrain/train_045/mmhc46_95.tif
893,6063b1bd04a08313f6f27d520df55e15,train,045,TUMMHCD-TEST-TRAIN/TUMMHCDtrain/train_045/mmhc46_933.tif
894,06ed1ccee8de679629ac9dba59746237,train,045,TUMMHCD-TEST-TRAIN/TUMMHCDtrain/train_045/mmhc46_96.tif
894,06ed1ccee8de679629ac9dba59746237,train,045,TUMMHCD-TEST-TRAIN/TUMMHCDtrain/train_045/mmhc46_926.tif
895,de7b0604485effa06e76259dc4604418,train,045,TUMMHCD-TEST-TRAIN/TUMMHCDtrain/train_045/mmhc46_104.tif
895,de7b0604485effa06e76259dc4604418,train,045,TUMMHCD-TEST-TRAIN/TUMMHCDtrain/train_045/mmhc46_947.tif
896,559acff8d8a08fd56494f94f2d6a990c,train,045,TUMMHCD-TEST-TRAIN/TUMMHCDtrain/train_045/mmhc46_108.tif
896,559acff8d8a08fd56494f94f2d6a990c,train,045,TUMMHCD-TEST-TRAIN/TUMMHCDtrain/train_045/mmhc46_890.tif
897,9b58a272da339f351e87c5ee260d3c98,train,045,TUMMHCD-TEST-TRAIN/TUMMHCDtrain/train_045/mmhc46_111.tif
897,9b58a272da339f351e87c5ee260d3c98,train,045,TUMMHCD-TEST-TRAIN/TUMMHCDtrain/train_045/mmhc46_268.tif
898,a0500c550f7d59bfb1c61c628c2bab8c,train,045,TUMMHCD-TEST-TRAIN/TUMMHCDtrain/train_045/mmhc46_113.tif
898,a0500c550f7d59bfb1c61c628c2bab8c,train,045,TUMMHCD-TEST-TRAIN/TUMMHCDtrain/train_045/mmhc46_638.tif
899,4555c98917bd427c738a430634c012cf,train,045,TUMMHCD-TEST-TRAIN/TUMMHCDtrain/train_045/mmhc46_115.tif
899,4555c98917bd427c738a430634c012cf,train,045,TUMMHCD-TEST-TRAIN/TUMMHCDtrain/train_045/mmhc46_463.tif
900,cad49402d5ad9c0cdb9af15e4a4e1365,train,045,TUMMHCD-TEST-TRAIN/TUMMHCDtrain/train_045/mmhc46_124.tif
900,cad49402d5ad9c0cdb9af15e4a4e1365,train,045,TUMMHCD-TEST-TRAIN/TUMMHCDtrain/train_045/mmhc46_366.tif
901,3d9935c97f9cadb49156d3d3edd961ed,train,045,TUMMHCD-TEST-TRAIN/TUMMHCDtrain/train_045/mmhc46_137.tif
901,3d9935c97f9cadb49156d3d3edd961ed,train,045,TUMMHCD-TEST-TRAIN/TUMMHCDtrain/train_045/mmhc46_635.tif
902,599aa52ae00c5e1970fef581d665d6e1,train,045,TUMMHCD-TEST-TRAIN/TUMMHCDtrain/train_045/mmhc46_138.tif
902,599aa52ae00c5e1970fef581d665d6e1,train,045,TUMMHCD-TEST-TRAIN/TUMMHCDtrain/train_045/mmhc46_406.tif
903,8983a64fb447f36713b0aa7399b78933,train,045,TUMMHCD-TEST-TRAIN/TUMMHCDtrain/train_045/mmhc46_139.tif
903,8983a64fb447f36713b0aa7399b78933,train,045,TUMMHCD-TEST-TRAIN/TUMMHCDtrain/train_045/mmhc46_387.tif
904,99fd255768d1401c25d29bf54ea4495b,train,045,TUMMHCD-TEST-TRAIN/TUMMHCDtrain/train_045/mmhc46_142.tif
904,99fd255768d1401c25d29bf54ea4495b,train,045,TUMMHCD-TEST-TRAIN/TUMMHCDtrain/train_045/mmhc46_475.tif
905,ee5c9c05a83a6b6ba4437c7c62fb23ba,train,045,TUMMHCD-TEST-TRAIN/TUMMHCDtrain/train_045/mmhc46_143.tif
905,ee5c9c05a83a6b6ba4437c7c62fb23ba,train,045,TUMMHCD-TEST-TRAIN/TUMMHCDtrain/train_045/mmhc46_570.tif
906,8bc8bda822948a77cc45c6b524984d7f,train,045,TUMMHCD-TEST-TRAIN/TUMMHCDtrain/train_045/mmhc46_148.tif
906,8bc8bda822948a77cc45c6b524984d7f,train,045,TUMMHCD-TEST-TRAIN/TUMMHCDtrain/train_045/mmhc46_823.tif
907,b5929b99489bc7378dac96c96a8b87b7,train,045,TUMMHCD-TEST-TRAIN/TUMMHCDtrain/train_045/mmhc46_151.tif
907,b5929b99489bc7378dac96c96a8b87b7,train,045,TUMMHCD-TEST-TRAIN/TUMMHCDtrain/train_045/mmhc46_1096.tif
908,79f849cfb1e3ff2b0844bd2bb0ca3810,train,045,TUMMHCD-TEST-TRAIN/TUMMHCDtrain/train_045/mmhc46_152.tif
908,79f849cfb1e3ff2b0844bd2bb0ca3810,train,045,TUMMHCD-TEST-TRAIN/TUMMHCDtrain/train_045/mmhc46_946.tif
909,37e70ad5f2d9c0057688bb032bde2d43,train,045,TUMMHCD-TEST-TRAIN/TUMMHCDtrain/train_045/mmhc46_157.tif
909,37e70ad5f2d9c0057688bb032bde2d43,train,045,TUMMHCD-TEST-TRAIN/TUMMHCDtrain/train_045/mmhc46_840.tif
910,bcb67aee47c741d4e08728468224ab2d,train,045,TUMMHCD-TEST-TRAIN/TUMMHCDtrain/train_045/mmhc46_160.tif
910,bcb67aee47c741d4e08728468224ab2d,train,045,TUMMHCD-TEST-TRAIN/TUMMHCDtrain/train_045/mmhc46_190.tif
911,23a62de13e831ae35ec49e01cc07eeaa,train,045,TUMMHCD-TEST-TRAIN/TUMMHCDtrain/train_045/mmhc46_161.tif
911,23a62de13e831ae35ec49e01cc07eeaa,train,045,TUMMHCD-TEST-TRAIN/TUMMHCDtrain/train_045/mmhc46_1088.tif
912,34cbd0daa6c989d30ac0f303974ab345,train,045,TUMMHCD-TEST-TRAIN/TUMMHCDtrain/train_045/mmhc46_163.tif
912,34cbd0daa6c989d30ac0f303974ab345,train,045,TUMMHCD-TEST-TRAIN/TUMMHCDtrain/train_045/mmhc46_519.tif
913,0bdb35ca812281ff28ce75c8588d7f14,train,045,TUMMHCD-TEST-TRAIN/TUMMHCDtrain/train_045/mmhc46_166.tif
913,0bdb35ca812281ff28ce75c8588d7f14,train,045,TUMMHCD-TEST-TRAIN/TUMMHCDtrain/train_045/mmhc46_1178.tif
914,3201615b7dbb894e4840a745f5d56a50,train,045,TUMMHCD-TEST-TRAIN/TUMMHCDtrain/train_045/mmhc46_167.tif
914,3201615b7dbb894e4840a745f5d56a50,train,045,TUMMHCD-TEST-TRAIN/TUMMHCDtrain/train_045/mmhc46_287.tif
915,76da701e1610f9653ada972d860d68dc,train,045,TUMMHCD-TEST-TRAIN/TUMMHCDtrain/train_045/mmhc46_170.tif
915,76da701e1610f9653ada972d860d68dc,train,045,TUMMHCD-TEST-TRAIN/TUMMHCDtrain/train_045/mmhc46_724.tif
916,f609931a97b75207fed9d31461b8090e,train,045,TUMMHCD-TEST-TRAIN/TUMMHCDtrain/train_045/mmhc46_172.tif
916,f609931a97b75207fed9d31461b8090e,train,045,TUMMHCD-TEST-TRAIN/TUMMHCDtrain/train_045/mmhc46_944.tif
917,37bb01ed3b6f4a935d03f1cc025ec616,train,045,TUMMHCD-TEST-TRAIN/TUMMHCDtrain/train_045/mmhc46_174.tif
917,37bb01ed3b6f4a935d03f1cc025ec616,train,045,TUMMHCD-TEST-TRAIN/TUMMHCDtrain/train_045/mmhc46_189.tif
918,d715b5a5b437ab66f17d97c32ca72c64,train,045,TUMMHCD-TEST-TRAIN/TUMMHCDtrain/train_045/mmhc46_175.tif
918,d715b5a5b437ab66f17d97c32ca72c64,train,045,TUMMHCD-TEST-TRAIN/TUMMHCDtrain/train_045/mmhc46_911.tif
919,ea22e58ef7af79a34013a47218a8fc84,train,045,TUMMHCD-TEST-TRAIN/TUMMHCDtrain/train_045/mmhc46_187.tif
919,ea22e58ef7af79a34013a47218a8fc84,train,045,TUMMHCD-TEST-TRAIN/TUMMHCDtrain/train_045/mmhc46_955.tif
920,d35bc0ac915cb2986758701a79924138,train,045,TUMMHCD-TEST-TRAIN/TUMMHCDtrain/train_045/mmhc46_191.tif
920,d35bc0ac915cb2986758701a79924138,train,045,TUMMHCD-TEST-TRAIN/TUMMHCDtrain/train_045/mmhc46_857.tif
921,53e819292e0f06a09997ffddd1a6cd77,train,045,TUMMHCD-TEST-TRAIN/TUMMHCDtrain/train_045/mmhc46_204.tif
921,53e819292e0f06a09997ffddd1a6cd77,train,045,TUMMHCD-TEST-TRAIN/TUMMHCDtrain/train_045/mmhc46_348.tif
922,2d418f3f1e2a4f810e7ecbfa6c6b3a17,train,045,TUMMHCD-TEST-TRAIN/TUMMHCDtrain/train_045/mmhc46_210.tif
922,2d418f3f1e2a4f810e7ecbfa6c6b3a17,train,045,TUMMHCD-TEST-TRAIN/TUMMHCDtrain/train_045/mmhc46_1217.tif
923,8580fa068524579972248a739b241396,train,045,TUMMHCD-TEST-TRAIN/TUMMHCDtrain/train_045/mmhc46_213.tif
923,8580fa068524579972248a739b241396,train,045,TUMMHCD-TEST-TRAIN/TUMMHCDtrain/train_045/mmhc46_469.tif
924,9fd027a037269b626a5648a42801e4cd,train,045,TUMMHCD-TEST-TRAIN/TUMMHCDtrain/train_045/mmhc46_218.tif
924,9fd027a037269b626a5648a42801e4cd,train,045,TUMMHCD-TEST-TRAIN/TUMMHCDtrain/train_045/mmhc46_871.tif
925,ea0fd578cc396f9828c61e829e2415bc,train,045,TUMMHCD-TEST-TRAIN/TUMMHCDtrain/train_045/mmhc46_221.tif
925,ea0fd578cc396f9828c61e829e2415bc,train,045,TUMMHCD-TEST-TRAIN/TUMMHCDtrain/train_045/mmhc46_954.tif
926,20ade5023f158d5014d1bc80175ad218,train,045,TUMMHCD-TEST-TRAIN/TUMMHCDtrain/train_045/mmhc46_224.tif
926,20ade5023f158d5014d1bc80175ad218,train,045,TUMMHCD-TEST-TRAIN/TUMMHCDtrain/train_045/mmhc46_879.tif
927,4dde6d89be72476effed540a7478f613,train,045,TUMMHCD-TEST-TRAIN/TUMMHCDtrain/train_045/mmhc46_226.tif
927,4dde6d89be72476effed540a7478f613,train,045,TUMMHCD-TEST-TRAIN/TUMMHCDtrain/train_045/mmhc46_352.tif
928,876294e4c2a29c83dd548a1c54a9b99f,train,045,TUMMHCD-TEST-TRAIN/TUMMHCDtrain/train_045/mmhc46_231.tif
928,876294e4c2a29c83dd548a1c54a9b99f,train,045,TUMMHCD-TEST-TRAIN/TUMMHCDtrain/train_045/mmhc46_546.tif
929,4889da353c18cea0084a78d2de653f8f,train,045,TUMMHCD-TEST-TRAIN/TUMMHCDtrain/train_045/mmhc46_235.tif
929,4889da353c18cea0084a78d2de653f8f,train,045,TUMMHCD-TEST-TRAIN/TUMMHCDtrain/train_045/mmhc46_1071.tif
930,5cd087f07e01509ff298e2e0eb450a47,train,045,TUMMHCD-TEST-TRAIN/TUMMHCDtrain/train_045/mmhc46_237.tif
930,5cd087f07e01509ff298e2e0eb450a47,train,045,TUMMHCD-TEST-TRAIN/TUMMHCDtrain/train_045/mmhc46_819.tif
931,1c6497f3aaf7544783b1d02fb63fac17,train,045,TUMMHCD-TEST-TRAIN/TUMMHCDtrain/train_045/mmhc46_243.tif
931,1c6497f3aaf7544783b1d02fb63fac17,train,045,TUMMHCD-TEST-TRAIN/TUMMHCDtrain/train_045/mmhc46_552.tif
932,226b170d96d76ec8c4a83e6b626807de,train,045,TUMMHCD-TEST-TRAIN/TUMMHCDtrain/train_045/mmhc46_247.tif
932,226b170d96d76ec8c4a83e6b626807de,train,045,TUMMHCD-TEST-TRAIN/TUMMHCDtrain/train_045/mmhc46_982.tif
933,eb41ce970b796f49aa539fbd7ab4add1,train,045,TUMMHCD-TEST-TRAIN/TUMMHCDtrain/train_045/mmhc46_250.tif
933,eb41ce970b796f49aa539fbd7ab4add1,train,045,TUMMHCD-TEST-TRAIN/TUMMHCDtrain/train_045/mmhc46_917.tif
934,404fb6d23e032040b564cd0057f2bd0b,train,045,TUMMHCD-TEST-TRAIN/TUMMHCDtrain/train_045/mmhc46_260.tif
934,404fb6d23e032040b564cd0057f2bd0b,train,045,TUMMHCD-TEST-TRAIN/TUMMHCDtrain/train_045/mmhc46_333.tif
935,022d780190a5db8a90e8072ffcda8b1c,train,045,TUMMHCD-TEST-TRAIN/TUMMHCDtrain/train_045/mmhc46_273.tif
935,022d780190a5db8a90e8072ffcda8b1c,train,045,TUMMHCD-TEST-TRAIN/TUMMHCDtrain/train_045/mmhc46_774.tif
936,181f4fe5e6ff59c0180adb357993efcb,train,045,TUMMHCD-TEST-TRAIN/TUMMHCDtrain/train_045/mmhc46_275.tif
936,181f4fe5e6ff59c0180adb357993efcb,train,045,TUMMHCD-TEST-TRAIN/TUMMHCDtrain/train_045/mmhc46_827.tif
937,dc80f062d4e85589e54fa75768bd3a90,train,045,TUMMHCD-TEST-TRAIN/TUMMHCDtrain/train_045/mmhc46_283.tif
937,dc80f062d4e85589e54fa75768bd3a90,train,045,TUMMHCD-TEST-TRAIN/TUMMHCDtrain/train_045/mmhc46_1032.tif
938,550e6d831964730a6abd9107fd552db8,train,045,TUMMHCD-TEST-TRAIN/TUMMHCDtrain/train_045/mmhc46_288.tif
938,550e6d831964730a6abd9107fd552db8,train,045,TUMMHCD-TEST-TRAIN/TUMMHCDtrain/train_045/mmhc46_467.tif
939,222fa1959a591c66c299325d1bc5f0a6,train,045,TUMMHCD-TEST-TRAIN/TUMMHCDtrain/train_045/mmhc46_289.tif
939,222fa1959a591c66c299325d1bc5f0a6,train,045,TUMMHCD-TEST-TRAIN/TUMMHCDtrain/train_045/mmhc46_1181.tif
940,a604fc5693cd6a98138739106bdf729b,train,045,TUMMHCD-TEST-TRAIN/TUMMHCDtrain/train_045/mmhc46_296.tif
940,a604fc5693cd6a98138739106bdf729b,train,045,TUMMHCD-TEST-TRAIN/TUMMHCDtrain/train_045/mmhc46_400.tif
941,09dd78f53e2f3d02ef3f057d66e65e91,train,045,TUMMHCD-TEST-TRAIN/TUMMHCDtrain/train_045/mmhc46_304.tif
941,09dd78f53e2f3d02ef3f057d66e65e91,train,045,TUMMHCD-TEST-TRAIN/TUMMHCDtrain/train_045/mmhc46_921.tif
942,c47de1ba01a30b6ea6ae6819c3c6c8cd,train,045,TUMMHCD-TEST-TRAIN/TUMMHCDtrain/train_045/mmhc46_312.tif
942,c47de1ba01a30b6ea6ae6819c3c6c8cd,train,045,TUMMHCD-TEST-TRAIN/TUMMHCDtrain/train_045/mmhc46_691.tif
943,aa5e5f80f2bca788f33ad5ba72872437,train,045,TUMMHCD-TEST-TRAIN/TUMMHCDtrain/train_045/mmhc46_321.tif
943,aa5e5f80f2bca788f33ad5ba72872437,train,045,TUMMHCD-TEST-TRAIN/TUMMHCDtrain/train_045/mmhc46_865.tif
944,6e1fda5b872c7255ba68487c2ec726c7,train,045,TUMMHCD-TEST-TRAIN/TUMMHCDtrain/train_045/mmhc46_325.tif
944,6e1fda5b872c7255ba68487c2ec726c7,train,045,TUMMHCD-TEST-TRAIN/TUMMHCDtrain/train_045/mmhc46_608.tif
945,7560737ff1af6714b7be686a6416bf30,train,045,TUMMHCD-TEST-TRAIN/TUMMHCDtrain/train_045/mmhc46_327.tif
945,7560737ff1af6714b7be686a6416bf30,train,045,TUMMHCD-TEST-TRAIN/TUMMHCDtrain/train_045/mmhc46_1187.tif
946,c56c2b80e73a57b331518e317da046ae,train,045,TUMMHCD-TEST-TRAIN/TUMMHCDtrain/train_045/mmhc46_334.tif
946,c56c2b80e73a57b331518e317da046ae,train,045,TUMMHCD-TEST-TRAIN/TUMMHCDtrain/train_045/mmhc46_835.tif
947,5016087a2eef96eeac93eece4c505031,train,045,TUMMHCD-TEST-TRAIN/TUMMHCDtrain/train_045/mmhc46_346.tif
947,5016087a2eef96eeac93eece4c505031,train,045,TUMMHCD-TEST-TRAIN/TUMMHCDtrain/train_045/mmhc46_1269.tif
948,d59b6686432154b7c74017e63f12e89b,train,045,TUMMHCD-TEST-TRAIN/TUMMHCDtrain/train_045/mmhc46_349.tif
948,d59b6686432154b7c74017e63f12e89b,train,045,TUMMHCD-TEST-TRAIN/TUMMHCDtrain/train_045/mmhc46_623.tif
949,6b488c859cf210d5ea75c4751280c9f1,train,045,TUMMHCD-TEST-TRAIN/TUMMHCDtrain/train_045/mmhc46_351.tif
949,6b488c859cf210d5ea75c4751280c9f1,train,045,TUMMHCD-TEST-TRAIN/TUMMHCDtrain/train_045/mmhc46_884.tif
950,7f05c6e0f8f558b38f67e76de0e3f14e,train,045,TUMMHCD-TEST-TRAIN/TUMMHCDtrain/train_045/mmhc46_371.tif
950,7f05c6e0f8f558b38f67e76de0e3f14e,train,045,TUMMHCD-TEST-TRAIN/TUMMHCDtrain/train_045/mmhc46_1022.tif
951,281c3de26f4546e03d181d0155296eff,train,045,TUMMHCD-TEST-TRAIN/TUMMHCDtrain/train_045/mmhc46_380.tif
951,281c3de26f4546e03d181d0155296eff,train,045,TUMMHCD-TEST-TRAIN/TUMMHCDtrain/train_045/mmhc46_1050.tif
952,64e6adfb0d67ec268677a07b51317633,train,045,TUMMHCD-TEST-TRAIN/TUMMHCDtrain/train_045/mmhc46_384.tif
952,64e6adfb0d67ec268677a07b51317633,train,045,TUMMHCD-TEST-TRAIN/TUMMHCDtrain/train_045/mmhc46_1141.tif
953,4894d09f3639780b4ed72b3412dfb2cd,train,045,TUMMHCD-TEST-TRAIN/TUMMHCDtrain/train_045/mmhc46_391.tif
953,4894d09f3639780b4ed72b3412dfb2cd,train,045,TUMMHCD-TEST-TRAIN/TUMMHCDtrain/train_045/mmhc46_426.tif
954,d87f2b26648eb7b67204c7bab6718a39,train,045,TUMMHCD-TEST-TRAIN/TUMMHCDtrain/train_045/mmhc46_394.tif
954,d87f2b26648eb7b67204c7bab6718a39,train,045,TUMMHCD-TEST-TRAIN/TUMMHCDtrain/train_045/mmhc46_773.tif
955,49d2b676308d08d96f8b5aed515a2994,train,045,TUMMHCD-TEST-TRAIN/TUMMHCDtrain/train_045/mmhc46_396.tif
955,49d2b676308d08d96f8b5aed515a2994,train,045,TUMMHCD-TEST-TRAIN/TUMMHCDtrain/train_045/mmhc46_750.tif
956,8cba01c085b39cca0980bee5382038df,train,045,TUMMHCD-TEST-TRAIN/TUMMHCDtrain/train_045/mmhc46_399.tif
956,8cba01c085b39cca0980bee5382038df,train,045,TUMMHCD-TEST-TRAIN/TUMMHCDtrain/train_045/mmhc46_930.tif
957,56f3430955315af4dab483f4e4615828,train,045,TUMMHCD-TEST-TRAIN/TUMMHCDtrain/train_045/mmhc46_407.tif
957,56f3430955315af4dab483f4e4615828,train,045,TUMMHCD-TEST-TRAIN/TUMMHCDtrain/train_045/mmhc46_1140.tif
958,c0fa615c8100a3defa2478c46cf238e8,train,045,TUMMHCD-TEST-TRAIN/TUMMHCDtrain/train_045/mmhc46_415.tif
958,c0fa615c8100a3defa2478c46cf238e8,train,045,TUMMHCD-TEST-TRAIN/TUMMHCDtrain/train_045/mmhc46_996.tif
959,a66876e2680d290ae5be12e1e345b26c,train,045,TUMMHCD-TEST-TRAIN/TUMMHCDtrain/train_045/mmhc46_417.tif
959,a66876e2680d290ae5be12e1e345b26c,train,045,TUMMHCD-TEST-TRAIN/TUMMHCDtrain/train_045/mmhc46_1113.tif
960,fb066547be7a9958f37f903e95ff8a1e,train,045,TUMMHCD-TEST-TRAIN/TUMMHCDtrain/train_045/mmhc46_420.tif
960,fb066547be7a9958f37f903e95ff8a1e,train,045,TUMMHCD-TEST-TRAIN/TUMMHCDtrain/train_045/mmhc46_555.tif
961,59fb41754149c30e7b68fe4d73045492,train,045,TUMMHCD-TEST-TRAIN/TUMMHCDtrain/train_045/mmhc46_422.tif
961,59fb41754149c30e7b68fe4d73045492,train,045,TUMMHCD-TEST-TRAIN/TUMMHCDtrain/train_045/mmhc46_572.tif
962,5bc02bd4e2f51d6e0a99062460107a38,train,045,TUMMHCD-TEST-TRAIN/TUMMHCDtrain/train_045/mmhc46_429.tif
962,5bc02bd4e2f51d6e0a99062460107a38,train,045,TUMMHCD-TEST-TRAIN/TUMMHCDtrain/train_045/mmhc46_545.tif
963,e0c7aa79d7f190913465f1eacb61ea2b,train,045,TUMMHCD-TEST-TRAIN/TUMMHCDtrain/train_045/mmhc46_444.tif
963,e0c7aa79d7f190913465f1eacb61ea2b,train,045,TUMMHCD-TEST-TRAIN/TUMMHCDtrain/train_045/mmhc46_869.tif
964,8836f9168f69021db268c0378f45ab0d,train,045,TUMMHCD-TEST-TRAIN/TUMMHCDtrain/train_045/mmhc46_448.tif
964,8836f9168f69021db268c0378f45ab0d,train,045,TUMMHCD-TEST-TRAIN/TUMMHCDtrain/train_045/mmhc46_745.tif
965,eca0af734e6ff7edd0165e1be0f63d7a,train,045,TUMMHCD-TEST-TRAIN/TUMMHCDtrain/train_045/mmhc46_465.tif
965,eca0af734e6ff7edd0165e1be0f63d7a,train,045,TUMMHCD-TEST-TRAIN/TUMMHCDtrain/train_045/mmhc46_1015.tif
966,b96d53714545bf8c1424834cf34cdd80,train,045,TUMMHCD-TEST-TRAIN/TUMMHCDtrain/train_045/mmhc46_476.tif
966,b96d53714545bf8c1424834cf34cdd80,train,045,TUMMHCD-TEST-TRAIN/TUMMHCDtrain/train_045/mmhc46_1204.tif
967,2059666b6ba54326921c767646548400,train,045,TUMMHCD-TEST-TRAIN/TUMMHCDtrain/train_045/mmhc46_477.tif
967,2059666b6ba54326921c767646548400,train,045,TUMMHCD-TEST-TRAIN/TUMMHCDtrain/train_045/mmhc46_744.tif
968,c7f1a04e1e89a959638267f6ee84840a,train,045,TUMMHCD-TEST-TRAIN/TUMMHCDtrain/train_045/mmhc46_481.tif
968,c7f1a04e1e89a959638267f6ee84840a,train,045,TUMMHCD-TEST-TRAIN/TUMMHCDtrain/train_045/mmhc46_956.tif
969,876b05ab0e0611f5c36dc76b0b592240,train,045,TUMMHCD-TEST-TRAIN/TUMMHCDtrain/train_045/mmhc46_485.tif
969,876b05ab0e0611f5c36dc76b0b592240,train,045,TUMMHCD-TEST-TRAIN/TUMMHCDtrain/train_045/mmhc46_664.tif
970,f6a856e7abaa726d298d1736284e1361,train,045,TUMMHCD-TEST-TRAIN/TUMMHCDtrain/train_045/mmhc46_493.tif
970,f6a856e7abaa726d298d1736284e1361,train,045,TUMMHCD-TEST-TRAIN/TUMMHCDtrain/train_045/mmhc46_678.tif
971,3358df63f0bf6201d4eeab93f97cce98,train,045,TUMMHCD-TEST-TRAIN/TUMMHCDtrain/train_045/mmhc46_496.tif
971,3358df63f0bf6201d4eeab93f97cce98,train,045,TUMMHCD-TEST-TRAIN/TUMMHCDtrain/train_045/mmhc46_534.tif
972,9a72023edf85ee42d47487d25f190cb1,train,045,TUMMHCD-TEST-TRAIN/TUMMHCDtrain/train_045/mmhc46_499.tif
972,9a72023edf85ee42d47487d25f190cb1,train,045,TUMMHCD-TEST-TRAIN/TUMMHCDtrain/train_045/mmhc46_1201.tif
973,292e73ad5630b22d22ca3c101b76e0c2,train,045,TUMMHCD-TEST-TRAIN/TUMMHCDtrain/train_045/mmhc46_502.tif
973,292e73ad5630b22d22ca3c101b76e0c2,train,045,TUMMHCD-TEST-TRAIN/TUMMHCDtrain/train_045/mmhc46_663.tif
974,5ae93877587755efb42b81200855b510,train,045,TUMMHCD-TEST-TRAIN/TUMMHCDtrain/train_045/mmhc46_507.tif
974,5ae93877587755efb42b81200855b510,train,045,TUMMHCD-TEST-TRAIN/TUMMHCDtrain/train_045/mmhc46_738.tif
975,4f8f9214ecba95ea80c737b0ea4ec7f2,train,045,TUMMHCD-TEST-TRAIN/TUMMHCDtrain/train_045/mmhc46_511.tif
975,4f8f9214ecba95ea80c737b0ea4ec7f2,train,045,TUMMHCD-TEST-TRAIN/TUMMHCDtrain/train_045/mmhc46_858.tif
976,0fa58e699e2fdca1b79566704570aa9a,train,045,TUMMHCD-TEST-TRAIN/TUMMHCDtrain/train_045/mmhc46_522.tif
976,0fa58e699e2fdca1b79566704570aa9a,train,045,TUMMHCD-TEST-TRAIN/TUMMHCDtrain/train_045/mmhc46_695.tif
977,8a034ccf3aa37141fde69d27149dc427,train,045,TUMMHCD-TEST-TRAIN/TUMMHCDtrain/train_045/mmhc46_523.tif
977,8a034ccf3aa37141fde69d27149dc427,train,045,TUMMHCD-TEST-TRAIN/TUMMHCDtrain/train_045/mmhc46_593.tif
978,3ca8aa37d7521b64af00d61c15ea579e,train,045,TUMMHCD-TEST-TRAIN/TUMMHCDtrain/train_045/mmhc46_533.tif
978,3ca8aa37d7521b64af00d61c15ea579e,train,045,TUMMHCD-TEST-TRAIN/TUMMHCDtrain/train_045/mmhc46_995.tif
979,f160001707866d905a4daffc518401bf,train,045,TUMMHCD-TEST-TRAIN/TUMMHCDtrain/train_045/mmhc46_542.tif
979,f160001707866d905a4daffc518401bf,train,045,TUMMHCD-TEST-TRAIN/TUMMHCDtrain/train_045/mmhc46_756.tif
980,b9f8d180d17b5d3345761dd496a20416,train,045,TUMMHCD-TEST-TRAIN/TUMMHCDtrain/train_045/mmhc46_544.tif
980,b9f8d180d17b5d3345761dd496a20416,train,045,TUMMHCD-TEST-TRAIN/TUMMHCDtrain/train_045/mmhc46_612.tif
981,02fdc817bc56a1b69583d25de60074be,train,045,TUMMHCD-TEST-TRAIN/TUMMHCDtrain/train_045/mmhc46_548.tif
981,02fdc817bc56a1b69583d25de60074be,train,045,TUMMHCD-TEST-TRAIN/TUMMHCDtrain/train_045/mmhc46_1177.tif
982,5037fe72782bd2c797c8de531b0202eb,train,045,TUMMHCD-TEST-TRAIN/TUMMHCDtrain/train_045/mmhc46_553.tif
982,5037fe72782bd2c797c8de531b0202eb,train,045,TUMMHCD-TEST-TRAIN/TUMMHCDtrain/train_045/mmhc46_1169.tif
983,a7194205f66cca80ae738c15edec86fb,train,045,TUMMHCD-TEST-TRAIN/TUMMHCDtrain/train_045/mmhc46_561.tif
983,a7194205f66cca80ae738c15edec86fb,train,045,TUMMHCD-TEST-TRAIN/TUMMHCDtrain/train_045/mmhc46_1112.tif
984,93b6ae12e5f8963d692823569346f26f,train,045,TUMMHCD-TEST-TRAIN/TUMMHCDtrain/train_045/mmhc46_575.tif
984,93b6ae12e5f8963d692823569346f26f,train,045,TUMMHCD-TEST-TRAIN/TUMMHCDtrain/train_045/mmhc46_1126.tif
985,b6dffc7622b6615a54c3fd92227423df,train,045,TUMMHCD-TEST-TRAIN/TUMMHCDtrain/train_045/mmhc46_579.tif
985,b6dffc7622b6615a54c3fd92227423df,train,045,TUMMHCD-TEST-TRAIN/TUMMHCDtrain/train_045/mmhc46_1010.tif
986,17faadd4bf87c0784c4602038267c394,train,045,TUMMHCD-TEST-TRAIN/TUMMHCDtrain/train_045/mmhc46_580.tif
986,17faadd4bf87c0784c4602038267c394,train,045,TUMMHCD-TEST-TRAIN/TUMMHCDtrain/train_045/mmhc46_991.tif
987,01ac8a14e743fdc9d14ec1f815b70ba1,train,045,TUMMHCD-TEST-TRAIN/TUMMHCDtrain/train_045/mmhc46_581.tif
987,01ac8a14e743fdc9d14ec1f815b70ba1,train,045,TUMMHCD-TEST-TRAIN/TUMMHCDtrain/train_045/mmhc46_962.tif
988,0fa1be1ef6f1c36acf3c80ca83999d60,train,045,TUMMHCD-TEST-TRAIN/TUMMHCDtrain/train_045/mmhc46_596.tif
988,0fa1be1ef6f1c36acf3c80ca83999d60,train,045,TUMMHCD-TEST-TRAIN/TUMMHCDtrain/train_045/mmhc46_618.tif
989,30fe18ffd5f183536c93e7c440a9184a,train,045,TUMMHCD-TEST-TRAIN/TUMMHCDtrain/train_045/mmhc46_613.tif
989,30fe18ffd5f183536c93e7c440a9184a,train,045,TUMMHCD-TEST-TRAIN/TUMMHCDtrain/train_045/mmhc46_932.tif
990,cb9b35ffbfbe040e145c07318f817209,train,045,TUMMHCD-TEST-TRAIN/TUMMHCDtrain/train_045/mmhc46_616.tif
990,cb9b35ffbfbe040e145c07318f817209,train,045,TUMMHCD-TEST-TRAIN/TUMMHCDtrain/train_045/mmhc46_1020.tif
991,0d0cc5833d60dd403a4d7f94462342dc,train,045,TUMMHCD-TEST-TRAIN/TUMMHCDtrain/train_045/mmhc46_637.tif
991,0d0cc5833d60dd403a4d7f94462342dc,train,045,TUMMHCD-TEST-TRAIN/TUMMHCDtrain/train_045/mmhc46_855.tif
992,4203996c5fe3f4837874d8549b89eabb,train,045,TUMMHCD-TEST-TRAIN/TUMMHCDtrain/train_045/mmhc46_645.tif
992,4203996c5fe3f4837874d8549b89eabb,train,045,TUMMHCD-TEST-TRAIN/TUMMHCDtrain/train_045/mmhc46_814.tif
993,af3a1b28ab170ef40b7d975742476209,train,045,TUMMHCD-TEST-TRAIN/TUMMHCDtrain/train_045/mmhc46_646.tif
993,af3a1b28ab170ef40b7d975742476209,train,045,TUMMHCD-TEST-TRAIN/TUMMHCDtrain/train_045/mmhc46_1192.tif
994,a7e99df9d8cae44b45361620fd25a735,train,045,TUMMHCD-TEST-TRAIN/TUMMHCDtrain/train_045/mmhc46_650.tif
994,a7e99df9d8cae44b45361620fd25a735,train,045,TUMMHCD-TEST-TRAIN/TUMMHCDtrain/train_045/mmhc46_913.tif
995,234d8f02d649e79c07559518edfeff45,train,045,TUMMHCD-TEST-TRAIN/TUMMHCDtrain/train_045/mmhc46_651.tif
995,234d8f02d649e79c07559518edfeff45,train,045,TUMMHCD-TEST-TRAIN/TUMMHCDtrain/train_045/mmhc46_705.tif
996,9cd518ef2f44d8a538b56bd9c330c564,train,045,TUMMHCD-TEST-TRAIN/TUMMHCDtrain/train_045/mmhc46_655.tif
996,9cd518ef2f44d8a538b56bd9c330c564,train,045,TUMMHCD-TEST-TRAIN/TUMMHCDtrain/train_045/mmhc46_1237.tif
997,beba729bf9d205c07bcf93a50ba71030,train,045,TUMMHCD-TEST-TRAIN/TUMMHCDtrain/train_045/mmhc46_656.tif
997,beba729bf9d205c07bcf93a50ba71030,train,045,TUMMHCD-TEST-TRAIN/TUMMHCDtrain/train_045/mmhc46_972.tif
998,63d3d2045b9ecd8a19c823c0a51c5a5b,train,045,TUMMHCD-TEST-TRAIN/TUMMHCDtrain/train_045/mmhc46_657.tif
998,63d3d2045b9ecd8a19c823c0a51c5a5b,train,045,TUMMHCD-TEST-TRAIN/TUMMHCDtrain/train_045/mmhc46_1240.tif
999,83c48522e520b5f8e84103517991f337,train,045,TUMMHCD-TEST-TRAIN/TUMMHCDtrain/train_045/mmhc46_658.tif
999,83c48522e520b5f8e84103517991f337,train,045,TUMMHCD-TEST-TRAIN/TUMMHCDtrain/train_045/mmhc46_1048.tif
1000,35c34027e267d9b04c27d1a52dc18e0f,train,045,TUMMHCD-TEST-TRAIN/TUMMHCDtrain/train_045/mmhc46_690.tif
1000,35c34027e267d9b04c27d1a52dc18e0f,train,045,TUMMHCD-TEST-TRAIN/TUMMHCDtrain/train_045/mmhc46_1165.tif
1001,86d27e116c12b00e3cdbdf4cf83efd49,train,045,TUMMHCD-TEST-TRAIN/TUMMHCDtrain/train_045/mmhc46_699.tif
1001,86d27e116c12b00e3cdbdf4cf83efd49,train,045,TUMMHCD-TEST-TRAIN/TUMMHCDtrain/train_045/mmhc46_1069.tif
1002,5bc506c2879d177a3fdb59d7e1b4a2f6,train,045,TUMMHCD-TEST-TRAIN/TUMMHCDtrain/train_045/mmhc46_719.tif
1002,5bc506c2879d177a3fdb59d7e1b4a2f6,train,045,TUMMHCD-TEST-TRAIN/TUMMHCDtrain/train_045/mmhc46_868.tif
1003,2dcec7327152fc9db7623209eb4f537b,train,045,TUMMHCD-TEST-TRAIN/TUMMHCDtrain/train_045/mmhc46_722.tif
1003,2dcec7327152fc9db7623209eb4f537b,train,045,TUMMHCD-TEST-TRAIN/TUMMHCDtrain/train_045/mmhc46_830.tif
1004,eab71f715755092d4692924199d63bc0,train,045,TUMMHCD-TEST-TRAIN/TUMMHCDtrain/train_045/mmhc46_732.tif
1004,eab71f715755092d4692924199d63bc0,train,045,TUMMHCD-TEST-TRAIN/TUMMHCDtrain/train_045/mmhc46_834.tif
1005,1271752b94e4130e47a1570bf2ef5aa3,train,045,TUMMHCD-TEST-TRAIN/TUMMHCDtrain/train_045/mmhc46_737.tif
1005,1271752b94e4130e47a1570bf2ef5aa3,train,045,TUMMHCD-TEST-TRAIN/TUMMHCDtrain/train_045/mmhc46_1232.tif
1006,cda7a001bd39043bc68bc4beda16e30a,train,045,TUMMHCD-TEST-TRAIN/TUMMHCDtrain/train_045/mmhc46_743.tif
1006,cda7a001bd39043bc68bc4beda16e30a,train,045,TUMMHCD-TEST-TRAIN/TUMMHCDtrain/train_045/mmhc46_1005.tif
1007,b216ea4c58803e78d71dab2894886e20,train,045,TUMMHCD-TEST-TRAIN/TUMMHCDtrain/train_045/mmhc46_747.tif
1007,b216ea4c58803e78d71dab2894886e20,train,045,TUMMHCD-TEST-TRAIN/TUMMHCDtrain/train_045/mmhc46_1013.tif
1008,fee76e616d0b6f26603a5bf9483ead4c,train,045,TUMMHCD-TEST-TRAIN/TUMMHCDtrain/train_045/mmhc46_749.tif
1008,fee76e616d0b6f26603a5bf9483ead4c,train,045,TUMMHCD-TEST-TRAIN/TUMMHCDtrain/train_045/mmhc46_1218.tif
1009,d5f346ed81845ed2af60add1c0145f86,train,045,TUMMHCD-TEST-TRAIN/TUMMHCDtrain/train_045/mmhc46_765.tif
1009,d5f346ed81845ed2af60add1c0145f86,train,045,TUMMHCD-TEST-TRAIN/TUMMHCDtrain/train_045/mmhc46_897.tif
1010,b4bb1199803d6bd52cc4f36159738378,train,045,TUMMHCD-TEST-TRAIN/TUMMHCDtrain/train_045/mmhc46_779.tif
1010,b4bb1199803d6bd52cc4f36159738378,train,045,TUMMHCD-TEST-TRAIN/TUMMHCDtrain/train_045/mmhc46_1039.tif
1011,9765b001f0ea0a461edfdb9d7eff9d51,train,045,TUMMHCD-TEST-TRAIN/TUMMHCDtrain/train_045/mmhc46_784.tif
1011,9765b001f0ea0a461edfdb9d7eff9d51,train,045,TUMMHCD-TEST-TRAIN/TUMMHCDtrain/train_045/mmhc46_1078.tif
1012,4cd8623c64ce60076884201333f2de14,train,045,TUMMHCD-TEST-TRAIN/TUMMHCDtrain/train_045/mmhc46_793.tif
1012,4cd8623c64ce60076884201333f2de14,train,045,TUMMHCD-TEST-TRAIN/TUMMHCDtrain/train_045/mmhc46_1065.tif
1013,f087357adf4004e224e2e0e4e4b84cbe,train,045,TUMMHCD-TEST-TRAIN/TUMMHCDtrain/train_045/mmhc46_816.tif
1013,f087357adf4004e224e2e0e4e4b84cbe,train,045,TUMMHCD-TEST-TRAIN/TUMMHCDtrain/train_045/mmhc46_1094.tif
1014,af18f7f2e323213e4cfc226fba703618,train,045,TUMMHCD-TEST-TRAIN/TUMMHCDtrain/train_045/mmhc46_836.tif
1014,af18f7f2e323213e4cfc226fba703618,train,045,TUMMHCD-TEST-TRAIN/TUMMHCDtrain/train_045/mmhc46_1018.tif
1015,ba3668802119e484a0982e6cef72032a,train,045,TUMMHCD-TEST-TRAIN/TUMMHCDtrain/train_045/mmhc46_852.tif
1015,ba3668802119e484a0982e6cef72032a,train,045,TUMMHCD-TEST-TRAIN/TUMMHCDtrain/train_045/mmhc46_1223.tif
1016,3deb67bf0f16e52ae33016f7b3bab01a,train,045,TUMMHCD-TEST-TRAIN/TUMMHCDtrain/train_045/mmhc46_867.tif
1016,3deb67bf0f16e52ae33016f7b3bab01a,train,045,TUMMHCD-TEST-TRAIN/TUMMHCDtrain/train_045/mmhc46_1057.tif
1017,eaa0d230ba4ef3b1bdadffab0326e9cb,train,045,TUMMHCD-TEST-TRAIN/TUMMHCDtrain/train_045/mmhc46_886.tif
1017,eaa0d230ba4ef3b1bdadffab0326e9cb,train,045,TUMMHCD-TEST-TRAIN/TUMMHCDtrain/train_045/mmhc46_1028.tif
1018,db2758e90de9013edae7c0dcfc9574e2,train,045,TUMMHCD-TEST-TRAIN/TUMMHCDtrain/train_045/mmhc46_908.tif
1018,db2758e90de9013edae7c0dcfc9574e2,train,045,TUMMHCD-TEST-TRAIN/TUMMHCDtrain/train_045/mmhc46_1233.tif
1019,93977c46f9f3789faa46f61bd4d2e805,train,045,TUMMHCD-TEST-TRAIN/TUMMHCDtrain/train_045/mmhc46_914.tif
1019,93977c46f9f3789faa46f61bd4d2e805,train,045,TUMMHCD-TEST-TRAIN/TUMMHCDtrain/train_045/mmhc46_1131.tif
1020,72c27abcb144a8b75976f51d7b80d1ad,train,045,TUMMHCD-TEST-TRAIN/TUMMHCDtrain/train_045/mmhc46_923.tif
1020,72c27abcb144a8b75976f51d7b80d1ad,train,045,TUMMHCD-TEST-TRAIN/TUMMHCDtrain/train_045/mmhc46_968.tif
1021,743d24d89efdc85f1a4701c11f371aaa,train,045,TUMMHCD-TEST-TRAIN/TUMMHCDtrain/train_045/mmhc46_925.tif
1021,743d24d89efdc85f1a4701c11f371aaa,train,045,TUMMHCD-TEST-TRAIN/TUMMHCDtrain/train_045/mmhc46_1251.tif
1022,859a5f56370b694e522d309686e0caec,train,045,TUMMHCD-TEST-TRAIN/TUMMHCDtrain/train_045/mmhc46_928.tif
1022,859a5f56370b694e522d309686e0caec,train,045,TUMMHCD-TEST-TRAIN/TUMMHCDtrain/train_045/mmhc46_952.tif
1023,0d80f102e095063435e13763fae9b802,train,045,TUMMHCD-TEST-TRAIN/TUMMHCDtrain/train_045/mmhc46_948.tif
1023,0d80f102e095063435e13763fae9b802,train,045,TUMMHCD-TEST-TRAIN/TUMMHCDtrain/train_045/mmhc46_1070.tif
1024,59a8cab7820054d545fd1988692ae083,train,045,TUMMHCD-TEST-TRAIN/TUMMHCDtrain/train_045/mmhc46_951.tif
1024,59a8cab7820054d545fd1988692ae083,train,045,TUMMHCD-TEST-TRAIN/TUMMHCDtrain/train_045/mmhc46_1180.tif
1025,b40ef632403361d038b3a7f2d020e561,train,045,TUMMHCD-TEST-TRAIN/TUMMHCDtrain/train_045/mmhc46_967.tif
1025,b40ef632403361d038b3a7f2d020e561,train,045,TUMMHCD-TEST-TRAIN/TUMMHCDtrain/train_045/mmhc46_1123.tif
1026,74b04b0efe4bf07d5c942fa3217f36c8,train,045,TUMMHCD-TEST-TRAIN/TUMMHCDtrain/train_045/mmhc46_971.tif
1026,74b04b0efe4bf07d5c942fa3217f36c8,train,045,TUMMHCD-TEST-TRAIN/TUMMHCDtrain/train_045/mmhc46_1241.tif
1027,bc262eddc2ec798ec10ed4aab0eb55e6,train,045,TUMMHCD-TEST-TRAIN/TUMMHCDtrain/train_045/mmhc46_978.tif
1027,bc262eddc2ec798ec10ed4aab0eb55e6,train,045,TUMMHCD-TEST-TRAIN/TUMMHCDtrain/train_045/mmhc46_1027.tif
1028,24fc2d6fa535aac03df231f053b87dc6,train,045,TUMMHCD-TEST-TRAIN/TUMMHCDtrain/train_045/mmhc46_980.tif
1028,24fc2d6fa535aac03df231f053b87dc6,train,045,TUMMHCD-TEST-TRAIN/TUMMHCDtrain/train_045/mmhc46_1212.tif
1029,63d4e2e871fa1bc239c0ca7254274722,train,045,TUMMHCD-TEST-TRAIN/TUMMHCDtrain/train_045/mmhc46_986.tif
1029,63d4e2e871fa1bc239c0ca7254274722,train,045,TUMMHCD-TEST-TRAIN/TUMMHCDtrain/train_045/mmhc46_1059.tif
1030,4ed70a8dad888621ecc4d6f0a74bc264,train,045,TUMMHCD-TEST-TRAIN/TUMMHCDtrain/train_045/mmhc46_990.tif
1030,4ed70a8dad888621ecc4d6f0a74bc264,train,045,TUMMHCD-TEST-TRAIN/TUMMHCDtrain/train_045/mmhc46_1136.tif
1031,820036227517ec817ce0022b53862aa4,train,045,TUMMHCD-TEST-TRAIN/TUMMHCDtrain/train_045/mmhc46_1040.tif
1031,820036227517ec817ce0022b53862aa4,train,045,TUMMHCD-TEST-TRAIN/TUMMHCDtrain/train_045/mmhc46_1108.tif
1032,decaa9d5e8c8bed29cfaab56aa39e938,train,045,TUMMHCD-TEST-TRAIN/TUMMHCDtrain/train_045/mmhc46_1049.tif
1032,decaa9d5e8c8bed29cfaab56aa39e938,train,045,TUMMHCD-TEST-TRAIN/TUMMHCDtrain/train_045/mmhc46_1122.tif
1033,784b8a8926bf9066afdea46f57894d5d,train,045,TUMMHCD-TEST-TRAIN/TUMMHCDtrain/train_045/mmhc46_1063.tif
1033,784b8a8926bf9066afdea46f57894d5d,train,045,TUMMHCD-TEST-TRAIN/TUMMHCDtrain/train_045/mmhc46_1207.tif
1034,2e10263695694046ddf9559b3035d6a8,train,045,TUMMHCD-TEST-TRAIN/TUMMHCDtrain/train_045/mmhc46_1084.tif
1034,2e10263695694046ddf9559b3035d6a8,train,045,TUMMHCD-TEST-TRAIN/TUMMHCDtrain/train_045/mmhc46_1246.tif
1035,36b6356d4bebac236f7e3543f4f2bb94,train,045,TUMMHCD-TEST-TRAIN/TUMMHCDtrain/train_045/mmhc46_1106.tif
1035,36b6356d4bebac236f7e3543f4f2bb94,train,045,TUMMHCD-TEST-TRAIN/TUMMHCDtrain/train_045/mmhc46_1230.tif
1036,3e7c3a4e040245668b1291bafd2b7013,train,045,TUMMHCD-TEST-TRAIN/TUMMHCDtrain/train_045/mmhc46_1134.tif
1036,3e7c3a4e040245668b1291bafd2b7013,train,045,TUMMHCD-TEST-TRAIN/TUMMHCDtrain/train_045/mmhc46_1213.tif
1037,e7ef9116320c01bfbef41f49020e060d,train,045,TUMMHCD-TEST-TRAIN/TUMMHCDtrain/train_045/mmhc46_1227.tif
1037,e7ef9116320c01bfbef41f49020e060d,train,045,TUMMHCD-TEST-TRAIN/TUMMHCDtrain/train_045/mmhc46_1252.tif
1038,f45536bdf592fa1595c8e4d43ef52adf,train,046,TUMMHCD-TEST-TRAIN/TUMMHCDtrain/train_046/mmhc47_5.tif
1038,f45536bdf592fa1595c8e4d43ef52adf,train,046,TUMMHCD-TEST-TRAIN/TUMMHCDtrain/train_046/mmhc47_298.tif
1039,628240a63c273ffef969862e86cd85e1,train,046,TUMMHCD-TEST-TRAIN/TUMMHCDtrain/train_046/mmhc47_68.tif
1039,628240a63c273ffef969862e86cd85e1,train,046,TUMMHCD-TEST-TRAIN/TUMMHCDtrain/train_046/mmhc47_227.tif
1040,f571522fdba895ed59a51d8a1dd20908,train,046,TUMMHCD-TEST-TRAIN/TUMMHCDtrain/train_046/mmhc47_75.tif
1040,f571522fdba895ed59a51d8a1dd20908,train,046,TUMMHCD-TEST-TRAIN/TUMMHCDtrain/train_046/mmhc47_1072.tif
1041,8e2083785b67391d0fb7933eba25b2a4,train,046,TUMMHCD-TEST-TRAIN/TUMMHCDtrain/train_046/mmhc47_498.tif
1041,8e2083785b67391d0fb7933eba25b2a4,train,046,TUMMHCD-TEST-TRAIN/TUMMHCDtrain/train_046/mmhc47_928.tif
1042,58c595684ff7fc76ad11cdd66152bd7f,train,046,TUMMHCD-TEST-TRAIN/TUMMHCDtrain/train_046/mmhc47_548.tif
1042,58c595684ff7fc76ad11cdd66152bd7f,train,046,TUMMHCD-TEST-TRAIN/TUMMHCDtrain/train_046/mmhc47_987.tif
1043,f7a6d5bad749daa7d18ada0f9b85a18c,train,046,TUMMHCD-TEST-TRAIN/TUMMHCDtrain/train_046/mmhc47_608.tif
1043,f7a6d5bad749daa7d18ada0f9b85a18c,train,046,TUMMHCD-TEST-TRAIN/TUMMHCDtrain/train_046/mmhc47_1120.tif
1044,3a512d2ae8b93d222fb5fa74245c307a,train,046,TUMMHCD-TEST-TRAIN/TUMMHCDtrain/train_046/mmhc47_629.tif
1044,3a512d2ae8b93d222fb5fa74245c307a,train,046,TUMMHCD-TEST-TRAIN/TUMMHCDtrain/train_046/mmhc47_823.tif
1045,fbffc06ad12cbcd85b1094e54cae02e0,train,046,TUMMHCD-TEST-TRAIN/TUMMHCDtrain/train_046/mmhc47_711.tif
1045,fbffc06ad12cbcd85b1094e54cae02e0,train,046,TUMMHCD-TEST-TRAIN/TUMMHCDtrain/train_046/mmhc47_1043.tif
1046,7224f4f00498d023802af494873c9c06,train,046,TUMMHCD-TEST-TRAIN/TUMMHCDtrain/train_046/mmhc47_1096.tif
1046,7224f4f00498d023802af494873c9c06,train,046,TUMMHCD-TEST-TRAIN/TUMMHCDtrain/train_046/mmhc47_1313.tif
1047,e7a35ce6204eddb9ae4d445abfd17613,train,048,TUMMHCD-TEST-TRAIN/TUMMHCDtrain/train_048/mmhc49_1.tif
1047,e7a35ce6204eddb9ae4d445abfd17613,train,048,TUMMHCD-TEST-TRAIN/TUMMHCDtrain/train_048/mmhc49_724.tif
1048,de7cc5d096adf4fd8c6f25b99a1eb6b2,train,048,TUMMHCD-TEST-TRAIN/TUMMHCDtrain/train_048/mmhc49_3.tif
1048,de7cc5d096adf4fd8c6f25b99a1eb6b2,train,048,TUMMHCD-TEST-TRAIN/TUMMHCDtrain/train_048/mmhc49_386.tif
1049,2b384c3d68b239bff31752d04a5d212e,train,048,TUMMHCD-TEST-TRAIN/TUMMHCDtrain/train_048/mmhc49_9.tif
1049,2b384c3d68b239bff31752d04a5d212e,train,048,TUMMHCD-TEST-TRAIN/TUMMHCDtrain/train_048/mmhc49_275.tif
1050,783dd1bd585296633d59bd80212ad917,train,048,TUMMHCD-TEST-TRAIN/TUMMHCDtrain/train_048/mmhc49_13.tif
1050,783dd1bd585296633d59bd80212ad917,train,048,TUMMHCD-TEST-TRAIN/TUMMHCDtrain/train_048/mmhc49_663.tif
1051,244eac4dd7608a23982a0a4c5d11de90,train,048,TUMMHCD-TEST-TRAIN/TUMMHCDtrain/train_048/mmhc49_14.tif
1051,244eac4dd7608a23982a0a4c5d11de90,train,048,TUMMHCD-TEST-TRAIN/TUMMHCDtrain/train_048/mmhc49_568.tif
1052,5cec0e2c3d55f7d6fc8a0b14ea228783,train,048,TUMMHCD-TEST-TRAIN/TUMMHCDtrain/train_048/mmhc49_18.tif
1052,5cec0e2c3d55f7d6fc8a0b14ea228783,train,048,TUMMHCD-TEST-TRAIN/TUMMHCDtrain/train_048/mmhc49_602.tif
1053,27e1ff90a3b6252416322554a6889ad9,train,048,TUMMHCD-TEST-TRAIN/TUMMHCDtrain/train_048/mmhc49_19.tif
1053,27e1ff90a3b6252416322554a6889ad9,train,048,TUMMHCD-TEST-TRAIN/TUMMHCDtrain/train_048/mmhc49_839.tif
1054,1e36044f0645a768490cf61ef5733452,train,048,TUMMHCD-TEST-TRAIN/TUMMHCDtrain/train_048/mmhc49_25.tif
1054,1e36044f0645a768490cf61ef5733452,train,048,TUMMHCD-TEST-TRAIN/TUMMHCDtrain/train_048/mmhc49_524.tif
1055,8af935419e090a57eaf1424ee2fee13f,train,048,TUMMHCD-TEST-TRAIN/TUMMHCDtrain/train_048/mmhc49_29.tif
1055,8af935419e090a57eaf1424ee2fee13f,train,048,TUMMHCD-TEST-TRAIN/TUMMHCDtrain/train_048/mmhc49_481.tif
1056,1f9449dd68ecd60161ebcf4785f85690,train,048,TUMMHCD-TEST-TRAIN/TUMMHCDtrain/train_048/mmhc49_33.tif
1056,1f9449dd68ecd60161ebcf4785f85690,train,048,TUMMHCD-TEST-TRAIN/TUMMHCDtrain/train_048/mmhc49_573.tif
1057,605121228394e7aa861718d410f82cfc,train,048,TUMMHCD-TEST-TRAIN/TUMMHCDtrain/train_048/mmhc49_39.tif
1057,605121228394e7aa861718d410f82cfc,train,048,TUMMHCD-TEST-TRAIN/TUMMHCDtrain/train_048/mmhc49_162.tif
1058,e18ccc8500f253d1ccccadd12a632d72,train,048,TUMMHCD-TEST-TRAIN/TUMMHCDtrain/train_048/mmhc49_47.tif
1058,e18ccc8500f253d1ccccadd12a632d72,train,048,TUMMHCD-TEST-TRAIN/TUMMHCDtrain/train_048/mmhc49_1186.tif
1059,244c59d843875c1b37f237d72c168e00,train,048,TUMMHCD-TEST-TRAIN/TUMMHCDtrain/train_048/mmhc49_48.tif
1059,244c59d843875c1b37f237d72c168e00,train,048,TUMMHCD-TEST-TRAIN/TUMMHCDtrain/train_048/mmhc49_599.tif
1060,12c0df35cda4e2d7e4e24dedacc5cb75,train,048,TUMMHCD-TEST-TRAIN/TUMMHCDtrain/train_048/mmhc49_49.tif
1060,12c0df35cda4e2d7e4e24dedacc5cb75,train,048,TUMMHCD-TEST-TRAIN/TUMMHCDtrain/train_048/mmhc49_1004.tif
1061,fe0171451ac2a41a2c562cfd6d942ea4,train,048,TUMMHCD-TEST-TRAIN/TUMMHCDtrain/train_048/mmhc49_51.tif
1061,fe0171451ac2a41a2c562cfd6d942ea4,train,048,TUMMHCD-TEST-TRAIN/TUMMHCDtrain/train_048/mmhc49_241.tif
1062,f7be01ab07daac9a734ed2a59aaa08e4,train,048,TUMMHCD-TEST-TRAIN/TUMMHCDtrain/train_048/mmhc49_52.tif
1062,f7be01ab07daac9a734ed2a59aaa08e4,train,048,TUMMHCD-TEST-TRAIN/TUMMHCDtrain/train_048/mmhc49_680.tif
1063,4be520f4cef946ea3ca229fc188d8650,train,048,TUMMHCD-TEST-TRAIN/TUMMHCDtrain/train_048/mmhc49_55.tif
1063,4be520f4cef946ea3ca229fc188d8650,train,048,TUMMHCD-TEST-TRAIN/TUMMHCDtrain/train_048/mmhc49_961.tif
1064,2e71f137dfaa6e52f6ed1b972b20c683,train,048,TUMMHCD-TEST-TRAIN/TUMMHCDtrain/train_048/mmhc49_58.tif
1064,2e71f137dfaa6e52f6ed1b972b20c683,train,048,TUMMHCD-TEST-TRAIN/TUMMHCDtrain/train_048/mmhc49_889.tif
1065,3d0c5eed67f326093aab6e96a900f84a,train,048,TUMMHCD-TEST-TRAIN/TUMMHCDtrain/train_048/mmhc49_65.tif
1065,3d0c5eed67f326093aab6e96a900f84a,train,048,TUMMHCD-TEST-TRAIN/TUMMHCDtrain/train_048/mmhc49_825.tif
1066,a207fa76667530801aa7abb69ee9702a,train,048,TUMMHCD-TEST-TRAIN/TUMMHCDtrain/train_048/mmhc49_73.tif
1066,a207fa76667530801aa7abb69ee9702a,train,048,TUMMHCD-TEST-TRAIN/TUMMHCDtrain/train_048/mmhc49_946.tif
1067,02a2f85c415151db0bfccb098c390a21,train,048,TUMMHCD-TEST-TRAIN/TUMMHCDtrain/train_048/mmhc49_75.tif
1067,02a2f85c415151db0bfccb098c390a21,train,048,TUMMHCD-TEST-TRAIN/TUMMHCDtrain/train_048/mmhc49_399.tif
1068,30a4c25a1157b4cc9017d5e60b520d52,train,048,TUMMHCD-TEST-TRAIN/TUMMHCDtrain/train_048/mmhc49_79.tif
1068,30a4c25a1157b4cc9017d5e60b520d52,train,048,TUMMHCD-TEST-TRAIN/TUMMHCDtrain/train_048/mmhc49_950.tif
1069,5f6380769066e518d6a2bdd1c99804c9,train,048,TUMMHCD-TEST-TRAIN/TUMMHCDtrain/train_048/mmhc49_82.tif
1069,5f6380769066e518d6a2bdd1c99804c9,train,048,TUMMHCD-TEST-TRAIN/TUMMHCDtrain/train_048/mmhc49_623.tif
1070,788dbd224ea26c6593065282b1092613,train,048,TUMMHCD-TEST-TRAIN/TUMMHCDtrain/train_048/mmhc49_86.tif
1070,788dbd224ea26c6593065282b1092613,train,048,TUMMHCD-TEST-TRAIN/TUMMHCDtrain/train_048/mmhc49_1161.tif
1071,9241e4de441a22b56bac099d5f3b7cea,train,048,TUMMHCD-TEST-TRAIN/TUMMHCDtrain/train_048/mmhc49_104.tif
1071,9241e4de441a22b56bac099d5f3b7cea,train,048,TUMMHCD-TEST-TRAIN/TUMMHCDtrain/train_048/mmhc49_475.tif
1072,2229bddc6a3402b058332f1799aa9471,train,048,TUMMHCD-TEST-TRAIN/TUMMHCDtrain/train_048/mmhc49_106.tif
1072,2229bddc6a3402b058332f1799aa9471,train,048,TUMMHCD-TEST-TRAIN/TUMMHCDtrain/train_048/mmhc49_198.tif
1073,f7dafef27074cbe41d28fda75e5d424a,train,048,TUMMHCD-TEST-TRAIN/TUMMHCDtrain/train_048/mmhc49_111.tif
1073,f7dafef27074cbe41d28fda75e5d424a,train,048,TUMMHCD-TEST-TRAIN/TUMMHCDtrain/train_048/mmhc49_947.tif
1074,7809f4fb9627223e32b7b70a66ea30aa,train,048,TUMMHCD-TEST-TRAIN/TUMMHCDtrain/train_048/mmhc49_112.tif
1074,7809f4fb9627223e32b7b70a66ea30aa,train,048,TUMMHCD-TEST-TRAIN/TUMMHCDtrain/train_048/mmhc49_589.tif
1075,82c3c7b4348aa22dc2dcd719bcfc1856,train,048,TUMMHCD-TEST-TRAIN/TUMMHCDtrain/train_048/mmhc49_114.tif
1075,82c3c7b4348aa22dc2dcd719bcfc1856,train,048,TUMMHCD-TEST-TRAIN/TUMMHCDtrain/train_048/mmhc49_1141.tif
1076,3aa5737391799e820aff92b396df2030,train,048,TUMMHCD-TEST-TRAIN/TUMMHCDtrain/train_048/mmhc49_115.tif
1076,3aa5737391799e820aff92b396df2030,train,048,TUMMHCD-TEST-TRAIN/TUMMHCDtrain/train_048/mmhc49_1014.tif
1077,e584194af0bc1ab39693f641eeaae4f8,train,048,TUMMHCD-TEST-TRAIN/TUMMHCDtrain/train_048/mmhc49_117.tif
1077,e584194af0bc1ab39693f641eeaae4f8,train,048,TUMMHCD-TEST-TRAIN/TUMMHCDtrain/train_048/mmhc49_1063.tif
1078,e728d47273e05c9407a9468df81c689c,train,048,TUMMHCD-TEST-TRAIN/TUMMHCDtrain/train_048/mmhc49_124.tif
1078,e728d47273e05c9407a9468df81c689c,train,048,TUMMHCD-TEST-TRAIN/TUMMHCDtrain/train_048/mmhc49_677.tif
1079,e706de46a4e610be3fda839125d66b68,train,048,TUMMHCD-TEST-TRAIN/TUMMHCDtrain/train_048/mmhc49_125.tif
1079,e706de46a4e610be3fda839125d66b68,train,048,TUMMHCD-TEST-TRAIN/TUMMHCDtrain/train_048/mmhc49_761.tif
1080,ed45b9a1d167aaf71c1dbcdc4b2ea675,train,048,TUMMHCD-TEST-TRAIN/TUMMHCDtrain/train_048/mmhc49_128.tif
1080,ed45b9a1d167aaf71c1dbcdc4b2ea675,train,048,TUMMHCD-TEST-TRAIN/TUMMHCDtrain/train_048/mmhc49_1254.tif
1081,d349b464468d2ddd40b55013f03cc276,train,048,TUMMHCD-TEST-TRAIN/TUMMHCDtrain/train_048/mmhc49_129.tif
1081,d349b464468d2ddd40b55013f03cc276,train,048,TUMMHCD-TEST-TRAIN/TUMMHCDtrain/train_048/mmhc49_627.tif
1082,19d4f023c3f8a81186d93ac4cee01d11,train,048,TUMMHCD-TEST-TRAIN/TUMMHCDtrain/train_048/mmhc49_131.tif
1082,19d4f023c3f8a81186d93ac4cee01d11,train,048,TUMMHCD-TEST-TRAIN/TUMMHCDtrain/train_048/mmhc49_272.tif
1083,b2996b4aa83f5bd9af86b4aa213b632f,train,048,TUMMHCD-TEST-TRAIN/TUMMHCDtrain/train_048/mmhc49_132.tif
1083,b2996b4aa83f5bd9af86b4aa213b632f,train,048,TUMMHCD-TEST-TRAIN/TUMMHCDtrain/train_048/mmhc49_410.tif
1084,cb08dddcbc39e4e4692640731b618466,train,048,TUMMHCD-TEST-TRAIN/TUMMHCDtrain/train_048/mmhc49_133.tif
1084,cb08dddcbc39e4e4692640731b618466,train,048,TUMMHCD-TEST-TRAIN/TUMMHCDtrain/train_048/mmhc49_520.tif
1085,f542afe5282ab571b7be4e4bec70628b,train,048,TUMMHCD-TEST-TRAIN/TUMMHCDtrain/train_048/mmhc49_134.tif
1085,f542afe5282ab571b7be4e4bec70628b,train,048,TUMMHCD-TEST-TRAIN/TUMMHCDtrain/train_048/mmhc49_671.tif
1086,f3cbcf226d4329bbbad130579993b2ef,train,048,TUMMHCD-TEST-TRAIN/TUMMHCDtrain/train_048/mmhc49_136.tif
1086,f3cbcf226d4329bbbad130579993b2ef,train,048,TUMMHCD-TEST-TRAIN/TUMMHCDtrain/train_048/mmhc49_975.tif
1087,fe0d021c90c8274b534a2b5cd3d98a03,train,048,TUMMHCD-TEST-TRAIN/TUMMHCDtrain/train_048/mmhc49_140.tif
1087,fe0d021c90c8274b534a2b5cd3d98a03,train,048,TUMMHCD-TEST-TRAIN/TUMMHCDtrain/train_048/mmhc49_853.tif
1088,bc074fc7561aa46d3af1246758751717,train,048,TUMMHCD-TEST-TRAIN/TUMMHCDtrain/train_048/mmhc49_141.tif
1088,bc074fc7561aa46d3af1246758751717,train,048,TUMMHCD-TEST-TRAIN/TUMMHCDtrain/train_048/mmhc49_1033.tif
1089,b8bf9a1000c273e4c012d83be16accb0,train,048,TUMMHCD-TEST-TRAIN/TUMMHCDtrain/train_048/mmhc49_146.tif
1089,b8bf9a1000c273e4c012d83be16accb0,train,048,TUMMHCD-TEST-TRAIN/TUMMHCDtrain/train_048/mmhc49_327.tif
1090,07a113004a52ecc75ed166a6df509d2a,train,048,TUMMHCD-TEST-TRAIN/TUMMHCDtrain/train_048/mmhc49_152.tif
1090,07a113004a52ecc75ed166a6df509d2a,train,048,TUMMHCD-TEST-TRAIN/TUMMHCDtrain/train_048/mmhc49_563.tif
1091,78cbeacf68f9b52ff56d701ee2ca50ea,train,048,TUMMHCD-TEST-TRAIN/TUMMHCDtrain/train_048/mmhc49_161.tif
1091,78cbeacf68f9b52ff56d701ee2ca50ea,train,048,TUMMHCD-TEST-TRAIN/TUMMHCDtrain/train_048/mmhc49_1006.tif
1092,0cc1e915963db9c5b66a3efc8be9fa7b,train,048,TUMMHCD-TEST-TRAIN/TUMMHCDtrain/train_048/mmhc49_163.tif
1092,0cc1e915963db9c5b66a3efc8be9fa7b,train,048,TUMMHCD-TEST-TRAIN/TUMMHCDtrain/train_048/mmhc49_424.tif
1093,e1c5ed0f08d13d9aa138d9f72800c3c8,train,048,TUMMHCD-TEST-TRAIN/TUMMHCDtrain/train_048/mmhc49_177.tif
1093,e1c5ed0f08d13d9aa138d9f72800c3c8,train,048,TUMMHCD-TEST-TRAIN/TUMMHCDtrain/train_048/mmhc49_962.tif
1094,21cb40bc8572b9004d991d84a02cbd0d,train,048,TUMMHCD-TEST-TRAIN/TUMMHCDtrain/train_048/mmhc49_179.tif
1094,21cb40bc8572b9004d991d84a02cbd0d,train,048,TUMMHCD-TEST-TRAIN/TUMMHCDtrain/train_048/mmhc49_686.tif
1095,49ac9ffc26b1a503cade3aed900ae57d,train,048,TUMMHCD-TEST-TRAIN/TUMMHCDtrain/train_048/mmhc49_180.tif
1095,49ac9ffc26b1a503cade3aed900ae57d,train,048,TUMMHCD-TEST-TRAIN/TUMMHCDtrain/train_048/mmhc49_957.tif
1096,66b2d39bec695193789a424a3615ebf7,train,048,TUMMHCD-TEST-TRAIN/TUMMHCDtrain/train_048/mmhc49_190.tif
1096,66b2d39bec695193789a424a3615ebf7,train,048,TUMMHCD-TEST-TRAIN/TUMMHCDtrain/train_048/mmhc49_378.tif
1097,85a81b5e2177281e1d17fd7be5566c29,train,048,TUMMHCD-TEST-TRAIN/TUMMHCDtrain/train_048/mmhc49_204.tif
1097,85a81b5e2177281e1d17fd7be5566c29,train,048,TUMMHCD-TEST-TRAIN/TUMMHCDtrain/train_048/mmhc49_380.tif
1098,f84ba82202a554cca631916eaf1141e7,train,048,TUMMHCD-TEST-TRAIN/TUMMHCDtrain/train_048/mmhc49_211.tif
1098,f84ba82202a554cca631916eaf1141e7,train,048,TUMMHCD-TEST-TRAIN/TUMMHCDtrain/train_048/mmhc49_306.tif
1099,1f30ec0087c37b84b11b248d85a24d06,train,048,TUMMHCD-TEST-TRAIN/TUMMHCDtrain/train_048/mmhc49_212.tif
1099,1f30ec0087c37b84b11b248d85a24d06,train,048,TUMMHCD-TEST-TRAIN/TUMMHCDtrain/train_048/mmhc49_749.tif
1100,0b2e82c109cda77085eb92a1b043f2f4,train,048,TUMMHCD-TEST-TRAIN/TUMMHCDtrain/train_048/mmhc49_213.tif
1100,0b2e82c109cda77085eb92a1b043f2f4,train,048,TUMMHCD-TEST-TRAIN/TUMMHCDtrain/train_048/mmhc49_1082.tif
1101,771081b96789839299e204f1ec9391ca,train,048,TUMMHCD-TEST-TRAIN/TUMMHCDtrain/train_048/mmhc49_215.tif
1101,771081b96789839299e204f1ec9391ca,train,048,TUMMHCD-TEST-TRAIN/TUMMHCDtrain/train_048/mmhc49_1058.tif
1102,1a91b05e3d27ca487c4582d04d341039,train,048,TUMMHCD-TEST-TRAIN/TUMMHCDtrain/train_048/mmhc49_221.tif
1102,1a91b05e3d27ca487c4582d04d341039,train,048,TUMMHCD-TEST-TRAIN/TUMMHCDtrain/train_048/mmhc49_974.tif
1103,9b0cf6f2fb30d5b4a97973bf840ac45f,train,048,TUMMHCD-TEST-TRAIN/TUMMHCDtrain/train_048/mmhc49_224.tif
1103,9b0cf6f2fb30d5b4a97973bf840ac45f,train,048,TUMMHCD-TEST-TRAIN/TUMMHCDtrain/train_048/mmhc49_1100.tif
1104,0d08419cfedd0d46f05f42f2fc31994c,train,048,TUMMHCD-TEST-TRAIN/TUMMHCDtrain/train_048/mmhc49_226.tif
1104,0d08419cfedd0d46f05f42f2fc31994c,train,048,TUMMHCD-TEST-TRAIN/TUMMHCDtrain/train_048/mmhc49_251.tif
1105,37635dee2b0f415b4b4b1c4c54ee9ae5,train,048,TUMMHCD-TEST-TRAIN/TUMMHCDtrain/train_048/mmhc49_227.tif
1105,37635dee2b0f415b4b4b1c4c54ee9ae5,train,048,TUMMHCD-TEST-TRAIN/TUMMHCDtrain/train_048/mmhc49_713.tif
1106,87a19b0e9011f8cae7f6a6402538cc3e,train,048,TUMMHCD-TEST-TRAIN/TUMMHCDtrain/train_048/mmhc49_228.tif
1106,87a19b0e9011f8cae7f6a6402538cc3e,train,048,TUMMHCD-TEST-TRAIN/TUMMHCDtrain/train_048/mmhc49_997.tif
1107,7f57b5950a9b38039211e41a24179469,train,048,TUMMHCD-TEST-TRAIN/TUMMHCDtrain/train_048/mmhc49_229.tif
1107,7f57b5950a9b38039211e41a24179469,train,048,TUMMHCD-TEST-TRAIN/TUMMHCDtrain/train_048/mmhc49_1069.tif
1108,f7c7c1ef0a44d46b4b185a45c4a7b94a,train,048,TUMMHCD-TEST-TRAIN/TUMMHCDtrain/train_048/mmhc49_233.tif
1108,f7c7c1ef0a44d46b4b185a45c4a7b94a,train,048,TUMMHCD-TEST-TRAIN/TUMMHCDtrain/train_048/mmhc49_886.tif
1109,ecfbf79743721c9d2348f5f4145cd666,train,048,TUMMHCD-TEST-TRAIN/TUMMHCDtrain/train_048/mmhc49_239.tif
1109,ecfbf79743721c9d2348f5f4145cd666,train,048,TUMMHCD-TEST-TRAIN/TUMMHCDtrain/train_048/mmhc49_482.tif
1110,ead5e8b65ce388881fcd534d517f0ca2,train,048,TUMMHCD-TEST-TRAIN/TUMMHCDtrain/train_048/mmhc49_242.tif
1110,ead5e8b65ce388881fcd534d517f0ca2,train,048,TUMMHCD-TEST-TRAIN/TUMMHCDtrain/train_048/mmhc49_744.tif
1111,a34d86031614a50fb20abcf22edc7df6,train,048,TUMMHCD-TEST-TRAIN/TUMMHCDtrain/train_048/mmhc49_249.tif
1111,a34d86031614a50fb20abcf22edc7df6,train,048,TUMMHCD-TEST-TRAIN/TUMMHCDtrain/train_048/mmhc49_1209.tif
1112,9f2773796a57fec6221a20d018536e9a,train,048,TUMMHCD-TEST-TRAIN/TUMMHCDtrain/train_048/mmhc49_252.tif
1112,9f2773796a57fec6221a20d018536e9a,train,048,TUMMHCD-TEST-TRAIN/TUMMHCDtrain/train_048/mmhc49_877.tif
1113,f0d49f8f064e8664ee28b56fcd5ac934,train,048,TUMMHCD-TEST-TRAIN/TUMMHCDtrain/train_048/mmhc49_254.tif
1113,f0d49f8f064e8664ee28b56fcd5ac934,train,048,TUMMHCD-TEST-TRAIN/TUMMHCDtrain/train_048/mmhc49_1071.tif
1114,d293785eb80c5b93f631d8f9a81a983b,train,048,TUMMHCD-TEST-TRAIN/TUMMHCDtrain/train_048/mmhc49_260.tif
1114,d293785eb80c5b93f631d8f9a81a983b,train,048,TUMMHCD-TEST-TRAIN/TUMMHCDtrain/train_048/mmhc49_466.tif
1115,940065379e4616e3f321fe0224448ff5,train,048,TUMMHCD-TEST-TRAIN/TUMMHCDtrain/train_048/mmhc49_262.tif
1115,940065379e4616e3f321fe0224448ff5,train,048,TUMMHCD-TEST-TRAIN/TUMMHCDtrain/train_048/mmhc49_861.tif
1116,a35970358b4144b83e5477ca5db2b55f,train,048,TUMMHCD-TEST-TRAIN/TUMMHCDtrain/train_048/mmhc49_274.tif
1116,a35970358b4144b83e5477ca5db2b55f,train,048,TUMMHCD-TEST-TRAIN/TUMMHCDtrain/train_048/mmhc49_1173.tif
1117,41a64886b02fee64ba28e0ac22283328,train,048,TUMMHCD-TEST-TRAIN/TUMMHCDtrain/train_048/mmhc49_278.tif
1117,41a64886b02fee64ba28e0ac22283328,train,048,TUMMHCD-TEST-TRAIN/TUMMHCDtrain/train_048/mmhc49_956.tif
1118,273f56a6266f07261ee5038de6d219ce,train,048,TUMMHCD-TEST-TRAIN/TUMMHCDtrain/train_048/mmhc49_285.tif
1118,273f56a6266f07261ee5038de6d219ce,train,048,TUMMHCD-TEST-TRAIN/TUMMHCDtrain/train_048/mmhc49_1047.tif
1119,aa69e0aca15a446d6900a33a3ee9d1d8,train,048,TUMMHCD-TEST-TRAIN/TUMMHCDtrain/train_048/mmhc49_288.tif
1119,aa69e0aca15a446d6900a33a3ee9d1d8,train,048,TUMMHCD-TEST-TRAIN/TUMMHCDtrain/train_048/mmhc49_330.tif
1120,bf02d1e13c6fd2e39bba845729a989d2,train,048,TUMMHCD-TEST-TRAIN/TUMMHCDtrain/train_048/mmhc49_289.tif
1120,bf02d1e13c6fd2e39bba845729a989d2,train,048,TUMMHCD-TEST-TRAIN/TUMMHCDtrain/train_048/mmhc49_1177.tif
1121,db8a7ca6015b9bd6fadbeca5d7734e0f,train,048,TUMMHCD-TEST-TRAIN/TUMMHCDtrain/train_048/mmhc49_296.tif
1121,db8a7ca6015b9bd6fadbeca5d7734e0f,train,048,TUMMHCD-TEST-TRAIN/TUMMHCDtrain/train_048/mmhc49_911.tif
1122,a5c7d2538c09ae667a29ba8c10d76532,train,048,TUMMHCD-TEST-TRAIN/TUMMHCDtrain/train_048/mmhc49_299.tif
1122,a5c7d2538c09ae667a29ba8c10d76532,train,048,TUMMHCD-TEST-TRAIN/TUMMHCDtrain/train_048/mmhc49_922.tif
1123,66ccd954198f09beeca88f30f951fc98,train,048,TUMMHCD-TEST-TRAIN/TUMMHCDtrain/train_048/mmhc49_301.tif
1123,66ccd954198f09beeca88f30f951fc98,train,048,TUMMHCD-TEST-TRAIN/TUMMHCDtrain/train_048/mmhc49_469.tif
1124,7a0cdf56dcf2979e379a6eabb60a789b,train,048,TUMMHCD-TEST-TRAIN/TUMMHCDtrain/train_048/mmhc49_303.tif
1124,7a0cdf56dcf2979e379a6eabb60a789b,train,048,TUMMHCD-TEST-TRAIN/TUMMHCDtrain/train_048/mmhc49_865.tif
1125,ab58f85c233dcdbe32d72dede6e03129,train,048,TUMMHCD-TEST-TRAIN/TUMMHCDtrain/train_048/mmhc49_309.tif
1125,ab58f85c233dcdbe32d72dede6e03129,train,048,TUMMHCD-TEST-TRAIN/TUMMHCDtrain/train_048/mmhc49_1115.tif
1126,3f5d46b8574db61e5999788781747a5c,train,048,TUMMHCD-TEST-TRAIN/TUMMHCDtrain/train_048/mmhc49_315.tif
1126,3f5d46b8574db61e5999788781747a5c,train,048,TUMMHCD-TEST-TRAIN/TUMMHCDtrain/train_048/mmhc49_1232.tif
1127,c7ed0627d69fb3d6cf56d3a11f1e645e,train,048,TUMMHCD-TEST-TRAIN/TUMMHCDtrain/train_048/mmhc49_333.tif
1127,c7ed0627d69fb3d6cf56d3a11f1e645e,train,048,TUMMHCD-TEST-TRAIN/TUMMHCDtrain/train_048/mmhc49_474.tif
1128,e2ae0772350be5d580843bae4ed404d7,train,048,TUMMHCD-TEST-TRAIN/TUMMHCDtrain/train_048/mmhc49_336.tif
1128,e2ae0772350be5d580843bae4ed404d7,train,048,TUMMHCD-TEST-TRAIN/TUMMHCDtrain/train_048/mmhc49_1123.tif
1129,4e5ff757967a7c2ab42645125ad8a2c0,train,048,TUMMHCD-TEST-TRAIN/TUMMHCDtrain/train_048/mmhc49_341.tif
1129,4e5ff757967a7c2ab42645125ad8a2c0,train,048,TUMMHCD-TEST-TRAIN/TUMMHCDtrain/train_048/mmhc49_781.tif
1130,715adf0e60816386996004d30e0276d6,train,048,TUMMHCD-TEST-TRAIN/TUMMHCDtrain/train_048/mmhc49_347.tif
1130,715adf0e60816386996004d30e0276d6,train,048,TUMMHCD-TEST-TRAIN/TUMMHCDtrain/train_048/mmhc49_653.tif
1131,b881754102b36ec11380fe1e4529c0a4,train,048,TUMMHCD-TEST-TRAIN/TUMMHCDtrain/train_048/mmhc49_348.tif
1131,b881754102b36ec11380fe1e4529c0a4,train,048,TUMMHCD-TEST-TRAIN/TUMMHCDtrain/train_048/mmhc49_847.tif
1132,b43554dcbb66af79ec834099d33311f8,train,048,TUMMHCD-TEST-TRAIN/TUMMHCDtrain/train_048/mmhc49_350.tif
1132,b43554dcbb66af79ec834099d33311f8,train,048,TUMMHCD-TEST-TRAIN/TUMMHCDtrain/train_048/mmhc49_458.tif
1133,0b7b579b537554777de479ac8350d8ac,train,048,TUMMHCD-TEST-TRAIN/TUMMHCDtrain/train_048/mmhc49_354.tif
1133,0b7b579b537554777de479ac8350d8ac,train,048,TUMMHCD-TEST-TRAIN/TUMMHCDtrain/train_048/mmhc49_718.tif
1134,71c4e34ed6b5b8a78c6adb8db9adb9a4,train,048,TUMMHCD-TEST-TRAIN/TUMMHCDtrain/train_048/mmhc49_363.tif
1134,71c4e34ed6b5b8a78c6adb8db9adb9a4,train,048,TUMMHCD-TEST-TRAIN/TUMMHCDtrain/train_048/mmhc49_892.tif
1135,118fa426c345bcda167a451592807a3b,train,048,TUMMHCD-TEST-TRAIN/TUMMHCDtrain/train_048/mmhc49_364.tif
1135,118fa426c345bcda167a451592807a3b,train,048,TUMMHCD-TEST-TRAIN/TUMMHCDtrain/train_048/mmhc49_775.tif
1136,e119302af16347b765ab021eff58884e,train,048,TUMMHCD-TEST-TRAIN/TUMMHCDtrain/train_048/mmhc49_365.tif
1136,e119302af16347b765ab021eff58884e,train,048,TUMMHCD-TEST-TRAIN/TUMMHCDtrain/train_048/mmhc49_735.tif
1137,647f3a9eb28541e9688bab5b1d7fd9fd,train,048,TUMMHCD-TEST-TRAIN/TUMMHCDtrain/train_048/mmhc49_372.tif
1137,647f3a9eb28541e9688bab5b1d7fd9fd,train,048,TUMMHCD-TEST-TRAIN/TUMMHCDtrain/train_048/mmhc49_1084.tif
1138,0d327307f2e40a44880b9f639ca84b0c,train,048,TUMMHCD-TEST-TRAIN/TUMMHCDtrain/train_048/mmhc49_374.tif
1138,0d327307f2e40a44880b9f639ca84b0c,train,048,TUMMHCD-TEST-TRAIN/TUMMHCDtrain/train_048/mmhc49_1081.tif
1139,ce08dc6ab976431ddef61bdafacc83d3,train,048,TUMMHCD-TEST-TRAIN/TUMMHCDtrain/train_048/mmhc49_377.tif
1139,ce08dc6ab976431ddef61bdafacc83d3,train,048,TUMMHCD-TEST-TRAIN/TUMMHCDtrain/train_048/mmhc49_470.tif
1140,b8f8c9fe7d2e0856bd7cfea6f62f8dd6,train,048,TUMMHCD-TEST-TRAIN/TUMMHCDtrain/train_048/mmhc49_390.tif
1140,b8f8c9fe7d2e0856bd7cfea6f62f8dd6,train,048,TUMMHCD-TEST-TRAIN/TUMMHCDtrain/train_048/mmhc49_1096.tif
1141,975a0830755eb8656cbe7bb1f420161a,train,048,TUMMHCD-TEST-TRAIN/TUMMHCDtrain/train_048/mmhc49_392.tif
1141,975a0830755eb8656cbe7bb1f420161a,train,048,TUMMHCD-TEST-TRAIN/TUMMHCDtrain/train_048/mmhc49_618.tif
1142,1e8b1ac77d995b1c2a24cb4f350eff9d,train,048,TUMMHCD-TEST-TRAIN/TUMMHCDtrain/train_048/mmhc49_393.tif
1142,1e8b1ac77d995b1c2a24cb4f350eff9d,train,048,TUMMHCD-TEST-TRAIN/TUMMHCDtrain/train_048/mmhc49_626.tif
1143,a7d6b30f2d120d48a6f7d782bef99545,train,048,TUMMHCD-TEST-TRAIN/TUMMHCDtrain/train_048/mmhc49_408.tif
1143,a7d6b30f2d120d48a6f7d782bef99545,train,048,TUMMHCD-TEST-TRAIN/TUMMHCDtrain/train_048/mmhc49_1197.tif
1144,b011ecd70eb9ee1c45cd56a3329d591b,train,048,TUMMHCD-TEST-TRAIN/TUMMHCDtrain/train_048/mmhc49_420.tif
1144,b011ecd70eb9ee1c45cd56a3329d591b,train,048,TUMMHCD-TEST-TRAIN/TUMMHCDtrain/train_048/mmhc49_1038.tif
1145,6151d683aa2fc7c502e9084111f690c2,train,048,TUMMHCD-TEST-TRAIN/TUMMHCDtrain/train_048/mmhc49_421.tif
1145,6151d683aa2fc7c502e9084111f690c2,train,048,TUMMHCD-TEST-TRAIN/TUMMHCDtrain/train_048/mmhc49_980.tif
1146,1b10b05a0493da84f22d784dc6c7a325,train,048,TUMMHCD-TEST-TRAIN/TUMMHCDtrain/train_048/mmhc49_427.tif
1146,1b10b05a0493da84f22d784dc6c7a325,train,048,TUMMHCD-TEST-TRAIN/TUMMHCDtrain/train_048/mmhc49_591.tif
1147,69fbd5934ef9a5c7cd82b6d364b86f4c,train,048,TUMMHCD-TEST-TRAIN/TUMMHCDtrain/train_048/mmhc49_439.tif
1147,69fbd5934ef9a5c7cd82b6d364b86f4c,train,048,TUMMHCD-TEST-TRAIN/TUMMHCDtrain/train_048/mmhc49_1055.tif
1148,3c1d66e693f495c19a4c61cac6f1d62f,train,048,TUMMHCD-TEST-TRAIN/TUMMHCDtrain/train_048/mmhc49_440.tif
1148,3c1d66e693f495c19a4c61cac6f1d62f,train,048,TUMMHCD-TEST-TRAIN/TUMMHCDtrain/train_048/mmhc49_715.tif
1149,461ec3026044efb1db742040a7363867,train,048,TUMMHCD-TEST-TRAIN/TUMMHCDtrain/train_048/mmhc49_444.tif
1149,461ec3026044efb1db742040a7363867,train,048,TUMMHCD-TEST-TRAIN/TUMMHCDtrain/train_048/mmhc49_488.tif
1150,1afaf3ce30746b9c043e6103de46382c,train,048,TUMMHCD-TEST-TRAIN/TUMMHCDtrain/train_048/mmhc49_446.tif
1150,1afaf3ce30746b9c043e6103de46382c,train,048,TUMMHCD-TEST-TRAIN/TUMMHCDtrain/train_048/mmhc49_1261.tif
1151,940f64d3ac4a2849af12f813f7e2f223,train,048,TUMMHCD-TEST-TRAIN/TUMMHCDtrain/train_048/mmhc49_448.tif
1151,940f64d3ac4a2849af12f813f7e2f223,train,048,TUMMHCD-TEST-TRAIN/TUMMHCDtrain/train_048/mmhc49_995.tif
1152,bd5987347331b6ab92627a72b2b3f372,train,048,TUMMHCD-TEST-TRAIN/TUMMHCDtrain/train_048/mmhc49_455.tif
1152,bd5987347331b6ab92627a72b2b3f372,train,048,TUMMHCD-TEST-TRAIN/TUMMHCDtrain/train_048/mmhc49_777.tif
1153,c999e2a47b2e0183e953dac2511c4734,train,048,TUMMHCD-TEST-TRAIN/TUMMHCDtrain/train_048/mmhc49_460.tif
1153,c999e2a47b2e0183e953dac2511c4734,train,048,TUMMHCD-TEST-TRAIN/TUMMHCDtrain/train_048/mmhc49_1061.tif
1154,904ddd96def5d48b3499de3d4acf5c35,train,048,TUMMHCD-TEST-TRAIN/TUMMHCDtrain/train_048/mmhc49_463.tif
1154,904ddd96def5d48b3499de3d4acf5c35,train,048,TUMMHCD-TEST-TRAIN/TUMMHCDtrain/train_048/mmhc49_495.tif
1155,71ee19eccadf2472de938f9ede97b7e1,train,048,TUMMHCD-TEST-TRAIN/TUMMHCDtrain/train_048/mmhc49_464.tif
1155,71ee19eccadf2472de938f9ede97b7e1,train,048,TUMMHCD-TEST-TRAIN/TUMMHCDtrain/train_048/mmhc49_1008.tif
1156,be1ff2af2897da1badb73f3abafe7399,train,048,TUMMHCD-TEST-TRAIN/TUMMHCDtrain/train_048/mmhc49_472.tif
1156,be1ff2af2897da1badb73f3abafe7399,train,048,TUMMHCD-TEST-TRAIN/TUMMHCDtrain/train_048/mmhc49_783.tif
1157,345f4f52f7c0297a297cb6b4527f1983,train,048,TUMMHCD-TEST-TRAIN/TUMMHCDtrain/train_048/mmhc49_478.tif
1157,345f4f52f7c0297a297cb6b4527f1983,train,048,TUMMHCD-TEST-TRAIN/TUMMHCDtrain/train_048/mmhc49_714.tif
1158,bc354b4451edda25a7751f28324e1b10,train,048,TUMMHCD-TEST-TRAIN/TUMMHCDtrain/train_048/mmhc49_480.tif
1158,bc354b4451edda25a7751f28324e1b10,train,048,TUMMHCD-TEST-TRAIN/TUMMHCDtrain/train_048/mmhc49_965.tif
1159,9a7a39d5142be441926aea1f7e8ef8d5,train,048,TUMMHCD-TEST-TRAIN/TUMMHCDtrain/train_048/mmhc49_484.tif
1159,9a7a39d5142be441926aea1f7e8ef8d5,train,048,TUMMHCD-TEST-TRAIN/TUMMHCDtrain/train_048/mmhc49_650.tif
1160,6cb575819426b5ea522d1ac1f327fa48,train,048,TUMMHCD-TEST-TRAIN/TUMMHCDtrain/train_048/mmhc49_501.tif
1160,6cb575819426b5ea522d1ac1f327fa48,train,048,TUMMHCD-TEST-TRAIN/TUMMHCDtrain/train_048/mmhc49_1137.tif
1161,2a4d6ae0711acc9f5e6bd0d573a2804e,train,048,TUMMHCD-TEST-TRAIN/TUMMHCDtrain/train_048/mmhc49_508.tif
1161,2a4d6ae0711acc9f5e6bd0d573a2804e,train,048,TUMMHCD-TEST-TRAIN/TUMMHCDtrain/train_048/mmhc49_857.tif
1162,55e5c16b3dd2cd78012617813e8852ff,train,048,TUMMHCD-TEST-TRAIN/TUMMHCDtrain/train_048/mmhc49_512.tif
1162,55e5c16b3dd2cd78012617813e8852ff,train,048,TUMMHCD-TEST-TRAIN/TUMMHCDtrain/train_048/mmhc49_1094.tif
1163,dd4e0ef27d86356a2474fe3c497cb54c,train,048,TUMMHCD-TEST-TRAIN/TUMMHCDtrain/train_048/mmhc49_514.tif
1163,dd4e0ef27d86356a2474fe3c497cb54c,train,048,TUMMHCD-TEST-TRAIN/TUMMHCDtrain/train_048/mmhc49_796.tif
1164,e19c3aa65d001b577496461f72f73365,train,048,TUMMHCD-TEST-TRAIN/TUMMHCDtrain/train_048/mmhc49_528.tif
1164,e19c3aa65d001b577496461f72f73365,train,048,TUMMHCD-TEST-TRAIN/TUMMHCDtrain/train_048/mmhc49_1032.tif
1165,26bd9bade8b49f79b77e3624746f95a8,train,048,TUMMHCD-TEST-TRAIN/TUMMHCDtrain/train_048/mmhc49_533.tif
1165,26bd9bade8b49f79b77e3624746f95a8,train,048,TUMMHCD-TEST-TRAIN/TUMMHCDtrain/train_048/mmhc49_1016.tif
1166,83e7cc7bcc1de25c13660e5a7d3cc6a3,train,048,TUMMHCD-TEST-TRAIN/TUMMHCDtrain/train_048/mmhc49_535.tif
1166,83e7cc7bcc1de25c13660e5a7d3cc6a3,train,048,TUMMHCD-TEST-TRAIN/TUMMHCDtrain/train_048/mmhc49_1182.tif
1167,d7be755468b87ed64cccca207fa626dc,train,048,TUMMHCD-TEST-TRAIN/TUMMHCDtrain/train_048/mmhc49_540.tif
1167,d7be755468b87ed64cccca207fa626dc,train,048,TUMMHCD-TEST-TRAIN/TUMMHCDtrain/train_048/mmhc49_732.tif
1168,94dc332962a2431af3aee20ae426f593,train,048,TUMMHCD-TEST-TRAIN/TUMMHCDtrain/train_048/mmhc49_542.tif
1168,94dc332962a2431af3aee20ae426f593,train,048,TUMMHCD-TEST-TRAIN/TUMMHCDtrain/train_048/mmhc49_1021.tif
1169,1ce7e50c3267ae614f797c241ef5289d,train,048,TUMMHCD-TEST-TRAIN/TUMMHCDtrain/train_048/mmhc49_554.tif
1169,1ce7e50c3267ae614f797c241ef5289d,train,048,TUMMHCD-TEST-TRAIN/TUMMHCDtrain/train_048/mmhc49_1019.tif
1170,89ba54d8bed45ea44b006b31046c7a0c,train,048,TUMMHCD-TEST-TRAIN/TUMMHCDtrain/train_048/mmhc49_561.tif
1170,89ba54d8bed45ea44b006b31046c7a0c,train,048,TUMMHCD-TEST-TRAIN/TUMMHCDtrain/train_048/mmhc49_1193.tif
1171,238ed6c793c198c8d9a3bdf197111ca4,train,048,TUMMHCD-TEST-TRAIN/TUMMHCDtrain/train_048/mmhc49_569.tif
1171,238ed6c793c198c8d9a3bdf197111ca4,train,048,TUMMHCD-TEST-TRAIN/TUMMHCDtrain/train_048/mmhc49_859.tif
1172,2b18579041962c9ccf4eb1eed12c5593,train,048,TUMMHCD-TEST-TRAIN/TUMMHCDtrain/train_048/mmhc49_574.tif
1172,2b18579041962c9ccf4eb1eed12c5593,train,048,TUMMHCD-TEST-TRAIN/TUMMHCDtrain/train_048/mmhc49_882.tif
1173,d9105c5ac3b5f0578e0e571f648265b1,train,048,TUMMHCD-TEST-TRAIN/TUMMHCDtrain/train_048/mmhc49_585.tif
1173,d9105c5ac3b5f0578e0e571f648265b1,train,048,TUMMHCD-TEST-TRAIN/TUMMHCDtrain/train_048/mmhc49_848.tif
1174,47ed4df8e1c0c3f303210d0c2dc7cefc,train,048,TUMMHCD-TEST-TRAIN/TUMMHCDtrain/train_048/mmhc49_596.tif
1174,47ed4df8e1c0c3f303210d0c2dc7cefc,train,048,TUMMHCD-TEST-TRAIN/TUMMHCDtrain/train_048/mmhc49_640.tif
1175,0ad56a207b46f94f2308f1e148c05aa0,train,048,TUMMHCD-TEST-TRAIN/TUMMHCDtrain/train_048/mmhc49_598.tif
1175,0ad56a207b46f94f2308f1e148c05aa0,train,048,TUMMHCD-TEST-TRAIN/TUMMHCDtrain/train_048/mmhc49_790.tif
1176,48814d07bbc830775ad0f933878b804f,train,048,TUMMHCD-TEST-TRAIN/TUMMHCDtrain/train_048/mmhc49_604.tif
1176,48814d07bbc830775ad0f933878b804f,train,048,TUMMHCD-TEST-TRAIN/TUMMHCDtrain/train_048/mmhc49_1133.tif
1177,2a6aa023cf3584b7e6b97e91b6093b73,train,048,TUMMHCD-TEST-TRAIN/TUMMHCDtrain/train_048/mmhc49_611.tif
1177,2a6aa023cf3584b7e6b97e91b6093b73,train,048,TUMMHCD-TEST-TRAIN/TUMMHCDtrain/train_048/mmhc49_1260.tif
1178,cd721629d1b53dc3438a1dea1262c7da,train,048,TUMMHCD-TEST-TRAIN/TUMMHCDtrain/train_048/mmhc49_615.tif
1178,cd721629d1b53dc3438a1dea1262c7da,train,048,TUMMHCD-TEST-TRAIN/TUMMHCDtrain/train_048/mmhc49_1264.tif
1179,aacb1e511c8a423ca4f4a4d22782bf59,train,048,TUMMHCD-TEST-TRAIN/TUMMHCDtrain/train_048/mmhc49_619.tif
1179,aacb1e511c8a423ca4f4a4d22782bf59,train,048,TUMMHCD-TEST-TRAIN/TUMMHCDtrain/train_048/mmhc49_1231.tif
1180,247870bed3c0710deac2f62b5caf56de,train,048,TUMMHCD-TEST-TRAIN/TUMMHCDtrain/train_048/mmhc49_620.tif
1180,247870bed3c0710deac2f62b5caf56de,train,048,TUMMHCD-TEST-TRAIN/TUMMHCDtrain/train_048/mmhc49_1067.tif
1181,14e836b298a11caa20a42c84f725468f,train,048,TUMMHCD-TEST-TRAIN/TUMMHCDtrain/train_048/mmhc49_621.tif
1181,14e836b298a11caa20a42c84f725468f,train,048,TUMMHCD-TEST-TRAIN/TUMMHCDtrain/train_048/mmhc49_829.tif
1182,0ca70e9ffab29394c59cadf5971c235c,train,048,TUMMHCD-TEST-TRAIN/TUMMHCDtrain/train_048/mmhc49_636.tif
1182,0ca70e9ffab29394c59cadf5971c235c,train,048,TUMMHCD-TEST-TRAIN/TUMMHCDtrain/train_048/mmhc49_824.tif
1183,f3bae6f828dcc5f67c1658407a8bc424,train,048,TUMMHCD-TEST-TRAIN/TUMMHCDtrain/train_048/mmhc49_642.tif
1183,f3bae6f828dcc5f67c1658407a8bc424,train,048,TUMMHCD-TEST-TRAIN/TUMMHCDtrain/train_048/mmhc49_1179.tif
1184,2338e8dd861e9da14742656589e73a69,train,048,TUMMHCD-TEST-TRAIN/TUMMHCDtrain/train_048/mmhc49_644.tif
1184,2338e8dd861e9da14742656589e73a69,train,048,TUMMHCD-TEST-TRAIN/TUMMHCDtrain/train_048/mmhc49_1194.tif
1185,080062728cd006d6348edea0f1fb0488,train,048,TUMMHCD-TEST-TRAIN/TUMMHCDtrain/train_048/mmhc49_661.tif
1185,080062728cd006d6348edea0f1fb0488,train,048,TUMMHCD-TEST-TRAIN/TUMMHCDtrain/train_048/mmhc49_921.tif
1186,d6db5e90262bd3862dde45510a5b0b0b,train,048,TUMMHCD-TEST-TRAIN/TUMMHCDtrain/train_048/mmhc49_666.tif
1186,d6db5e90262bd3862dde45510a5b0b0b,train,048,TUMMHCD-TEST-TRAIN/TUMMHCDtrain/train_048/mmhc49_779.tif
1187,485b573296bc022fba40a7b1734387ea,train,048,TUMMHCD-TEST-TRAIN/TUMMHCDtrain/train_048/mmhc49_668.tif
1187,485b573296bc022fba40a7b1734387ea,train,048,TUMMHCD-TEST-TRAIN/TUMMHCDtrain/train_048/mmhc49_1189.tif
1188,5ff11b565003e9814b3c05498cf30f76,train,048,TUMMHCD-TEST-TRAIN/TUMMHCDtrain/train_048/mmhc49_674.tif
1188,5ff11b565003e9814b3c05498cf30f76,train,048,TUMMHCD-TEST-TRAIN/TUMMHCDtrain/train_048/mmhc49_691.tif
1189,9417597733d9d5dab169844904326134,train,048,TUMMHCD-TEST-TRAIN/TUMMHCDtrain/train_048/mmhc49_675.tif
1189,9417597733d9d5dab169844904326134,train,048,TUMMHCD-TEST-TRAIN/TUMMHCDtrain/train_048/mmhc49_900.tif
1190,674cd1ecc6707ac56e729fe766cbbde5,train,048,TUMMHCD-TEST-TRAIN/TUMMHCDtrain/train_048/mmhc49_684.tif
1190,674cd1ecc6707ac56e729fe766cbbde5,train,048,TUMMHCD-TEST-TRAIN/TUMMHCDtrain/train_048/mmhc49_895.tif
1191,644db05a2ad2bf636977efceded70912,train,048,TUMMHCD-TEST-TRAIN/TUMMHCDtrain/train_048/mmhc49_693.tif
1191,644db05a2ad2bf636977efceded70912,train,048,TUMMHCD-TEST-TRAIN/TUMMHCDtrain/train_048/mmhc49_782.tif
1192,9cc990952f1591d251a79dd5e4dd7065,train,048,TUMMHCD-TEST-TRAIN/TUMMHCDtrain/train_048/mmhc49_696.tif
1192,9cc990952f1591d251a79dd5e4dd7065,train,048,TUMMHCD-TEST-TRAIN/TUMMHCDtrain/train_048/mmhc49_813.tif
1193,859c63f420aacd8039e71c14b8466648,train,048,TUMMHCD-TEST-TRAIN/TUMMHCDtrain/train_048/mmhc49_702.tif
1193,859c63f420aacd8039e71c14b8466648,train,048,TUMMHCD-TEST-TRAIN/TUMMHCDtrain/train_048/mmhc49_941.tif
1194,5c3fc6424b6243608f7dccc485ed0cb8,train,048,TUMMHCD-TEST-TRAIN/TUMMHCDtrain/train_048/mmhc49_712.tif
1194,5c3fc6424b6243608f7dccc485ed0cb8,train,048,TUMMHCD-TEST-TRAIN/TUMMHCDtrain/train_048/mmhc49_805.tif
1195,175005d29e94afea65f8f5f88c4246f3,train,048,TUMMHCD-TEST-TRAIN/TUMMHCDtrain/train_048/mmhc49_720.tif
1195,175005d29e94afea65f8f5f88c4246f3,train,048,TUMMHCD-TEST-TRAIN/TUMMHCDtrain/train_048/mmhc49_1224.tif
1196,b9ee1ab62cca6367d830c9fdbd53a6f9,train,048,TUMMHCD-TEST-TRAIN/TUMMHCDtrain/train_048/mmhc49_725.tif
1196,b9ee1ab62cca6367d830c9fdbd53a6f9,train,048,TUMMHCD-TEST-TRAIN/TUMMHCDtrain/train_048/mmhc49_983.tif
1197,a0a0754a0e3bcd3dfaba563249ae39e2,train,048,TUMMHCD-TEST-TRAIN/TUMMHCDtrain/train_048/mmhc49_729.tif
1197,a0a0754a0e3bcd3dfaba563249ae39e2,train,048,TUMMHCD-TEST-TRAIN/TUMMHCDtrain/train_048/mmhc49_917.tif
1198,4be99bfc85e1aea717919b49e5132e60,train,048,TUMMHCD-TEST-TRAIN/TUMMHCDtrain/train_048/mmhc49_730.tif
1198,4be99bfc85e1aea717919b49e5132e60,train,048,TUMMHCD-TEST-TRAIN/TUMMHCDtrain/train_048/mmhc49_791.tif
1199,32c6200a6e80611a42fc49eac1cdc270,train,048,TUMMHCD-TEST-TRAIN/TUMMHCDtrain/train_048/mmhc49_738.tif
1199,32c6200a6e80611a42fc49eac1cdc270,train,048,TUMMHCD-TEST-TRAIN/TUMMHCDtrain/train_048/mmhc49_1190.tif
1200,531ebed46376597b045545ac56850674,train,048,TUMMHCD-TEST-TRAIN/TUMMHCDtrain/train_048/mmhc49_750.tif
1200,531ebed46376597b045545ac56850674,train,048,TUMMHCD-TEST-TRAIN/TUMMHCDtrain/train_048/mmhc49_1054.tif
1201,50f0cc11902fde775fb65f06f59968fe,train,048,TUMMHCD-TEST-TRAIN/TUMMHCDtrain/train_048/mmhc49_752.tif
1201,50f0cc11902fde775fb65f06f59968fe,train,048,TUMMHCD-TEST-TRAIN/TUMMHCDtrain/train_048/mmhc49_993.tif
1202,08db7c2c90abc2537bb28d2c6f7fa76a,train,048,TUMMHCD-TEST-TRAIN/TUMMHCDtrain/train_048/mmhc49_755.tif
1202,08db7c2c90abc2537bb28d2c6f7fa76a,train,048,TUMMHCD-TEST-TRAIN/TUMMHCDtrain/train_048/mmhc49_1001.tif
1203,a636ae3ef926a9057d943fd8b6f6e58d,train,048,TUMMHCD-TEST-TRAIN/TUMMHCDtrain/train_048/mmhc49_758.tif
1203,a636ae3ef926a9057d943fd8b6f6e58d,train,048,TUMMHCD-TEST-TRAIN/TUMMHCDtrain/train_048/mmhc49_1144.tif
1204,a2347018963b05117230202c2271c16e,train,048,TUMMHCD-TEST-TRAIN/TUMMHCDtrain/train_048/mmhc49_770.tif
1204,a2347018963b05117230202c2271c16e,train,048,TUMMHCD-TEST-TRAIN/TUMMHCDtrain/train_048/mmhc49_904.tif
1205,b6c5aea9e9d8db8d79c3fab647c7e92a,train,048,TUMMHCD-TEST-TRAIN/TUMMHCDtrain/train_048/mmhc49_786.tif
1205,b6c5aea9e9d8db8d79c3fab647c7e92a,train,048,TUMMHCD-TEST-TRAIN/TUMMHCDtrain/train_048/mmhc49_1153.tif
1206,1992ed2123c97ba1499064a278fb1b86,train,048,TUMMHCD-TEST-TRAIN/TUMMHCDtrain/train_048/mmhc49_802.tif
1206,1992ed2123c97ba1499064a278fb1b86,train,048,TUMMHCD-TEST-TRAIN/TUMMHCDtrain/train_048/mmhc49_1238.tif
1207,a186fbca9d8e1d195b0f8fa19a74d4d1,train,048,TUMMHCD-TEST-TRAIN/TUMMHCDtrain/train_048/mmhc49_866.tif
1207,a186fbca9d8e1d195b0f8fa19a74d4d1,train,048,TUMMHCD-TEST-TRAIN/TUMMHCDtrain/train_048/mmhc49_1248.tif
1208,db8d8196bf4f9f0e98d1b30a66e3cc74,train,048,TUMMHCD-TEST-TRAIN/TUMMHCDtrain/train_048/mmhc49_874.tif
1208,db8d8196bf4f9f0e98d1b30a66e3cc74,train,048,TUMMHCD-TEST-TRAIN/TUMMHCDtrain/train_048/mmhc49_1035.tif
1209,7f62d56b66d00638a90a573e67539fa7,train,048,TUMMHCD-TEST-TRAIN/TUMMHCDtrain/train_048/mmhc49_880.tif
1209,7f62d56b66d00638a90a573e67539fa7,train,048,TUMMHCD-TEST-TRAIN/TUMMHCDtrain/train_048/mmhc49_1057.tif
1210,72da2a05c41d230a770aa8428340a3ec,train,048,TUMMHCD-TEST-TRAIN/TUMMHCDtrain/train_048/mmhc49_884.tif
1210,72da2a05c41d230a770aa8428340a3ec,train,048,TUMMHCD-TEST-TRAIN/TUMMHCDtrain/train_048/mmhc49_960.tif
1211,f230b6c3bbee9e10f2fdb7c7646fb5db,train,048,TUMMHCD-TEST-TRAIN/TUMMHCDtrain/train_048/mmhc49_885.tif
1211,f230b6c3bbee9e10f2fdb7c7646fb5db,train,048,TUMMHCD-TEST-TRAIN/TUMMHCDtrain/train_048/mmhc49_1118.tif
1212,af00967e6edaf449d9589869b56ee884,train,048,TUMMHCD-TEST-TRAIN/TUMMHCDtrain/train_048/mmhc49_891.tif
1212,af00967e6edaf449d9589869b56ee884,train,048,TUMMHCD-TEST-TRAIN/TUMMHCDtrain/train_048/mmhc49_1168.tif
1213,a76118fb67b9aea85f38f2ae3ff9d039,train,048,TUMMHCD-TEST-TRAIN/TUMMHCDtrain/train_048/mmhc49_898.tif
1213,a76118fb67b9aea85f38f2ae3ff9d039,train,048,TUMMHCD-TEST-TRAIN/TUMMHCDtrain/train_048/mmhc49_1065.tif
1214,8bd646d97b62fb085453b12e00177fa7,train,048,TUMMHCD-TEST-TRAIN/TUMMHCDtrain/train_048/mmhc49_926.tif
1214,8bd646d97b62fb085453b12e00177fa7,train,048,TUMMHCD-TEST-TRAIN/TUMMHCDtrain/train_048/mmhc49_1205.tif
1215,e5d6b0502b233202299a27a6ca4564e3,train,048,TUMMHCD-TEST-TRAIN/TUMMHCDtrain/train_048/mmhc49_949.tif
1215,e5d6b0502b233202299a27a6ca4564e3,train,048,TUMMHCD-TEST-TRAIN/TUMMHCDtrain/train_048/mmhc49_1253.tif
1216,0c5970422cb3aa424f885900b3616309,train,048,TUMMHCD-TEST-TRAIN/TUMMHCDtrain/train_048/mmhc49_969.tif
1216,0c5970422cb3aa424f885900b3616309,train,048,TUMMHCD-TEST-TRAIN/TUMMHCDtrain/train_048/mmhc49_1101.tif
1217,697bf3b59abcda9a6eded661a9127883,train,048,TUMMHCD-TEST-TRAIN/TUMMHCDtrain/train_048/mmhc49_999.tif
1217,697bf3b59abcda9a6eded661a9127883,train,048,TUMMHCD-TEST-TRAIN/TUMMHCDtrain/train_048/mmhc49_1230.tif
1218,640461e4df0e9e5af0c5a977a92b5b5e,train,048,TUMMHCD-TEST-TRAIN/TUMMHCDtrain/train_048/mmhc49_1012.tif
1218,640461e4df0e9e5af0c5a977a92b5b5e,train,048,TUMMHCD-TEST-TRAIN/TUMMHCDtrain/train_048/mmhc49_1171.tif
1219,dfa9d16ff004aad505423e443f216c17,train,048,TUMMHCD-TEST-TRAIN/TUMMHCDtrain/train_048/mmhc49_1073.tif
1219,dfa9d16ff004aad505423e443f216c17,train,048,TUMMHCD-TEST-TRAIN/TUMMHCDtrain/train_048/mmhc49_1114.tif
1220,00bcbc16837358edde9bc2ad3673bedc,train,048,TUMMHCD-TEST-TRAIN/TUMMHCDtrain/train_048/mmhc49_1091.tif
1220,00bcbc16837358edde9bc2ad3673bedc,train,048,TUMMHCD-TEST-TRAIN/TUMMHCDtrain/train_048/mmhc49_1146.tif
1221,c38e4a7a0fcdb311d4fea343fb3f4174,train,048,TUMMHCD-TEST-TRAIN/TUMMHCDtrain/train_048/mmhc49_1110.tif
1221,c38e4a7a0fcdb311d4fea343fb3f4174,train,048,TUMMHCD-TEST-TRAIN/TUMMHCDtrain/train_048/mmhc49_1140.tif
1222,18f2e12a8adbe9bac7ac5b3539454e34,train,048,TUMMHCD-TEST-TRAIN/TUMMHCDtrain/train_048/mmhc49_1116.tif
1222,18f2e12a8adbe9bac7ac5b3539454e34,train,048,TUMMHCD-TEST-TRAIN/TUMMHCDtrain/train_048/mmhc49_1200.tif
1223,b4d5810dbbcac6ee858c295a5aafcba8,train,048,TUMMHCD-TEST-TRAIN/TUMMHCDtrain/train_048/mmhc49_1199.tif
1223,b4d5810dbbcac6ee858c295a5aafcba8,train,048,TUMMHCD-TEST-TRAIN/TUMMHCDtrain/train_048/mmhc49_1225.tif
1224,70b5aeac116a254a647f9c7a414e6d34,train,048,TUMMHCD-TEST-TRAIN/TUMMHCDtrain/train_048/mmhc49_1220.tif
1224,70b5aeac116a254a647f9c7a414e6d34,train,048,TUMMHCD-TEST-TRAIN/TUMMHCDtrain/train_048/mmhc49_1242.tif
1225,3e7c7d72309dfb28d91b946118192e2c,train,049,TUMMHCD-TEST-TRAIN/TUMMHCDtrain/train_049/mmhc50_3.tif
1225,3e7c7d72309dfb28d91b946118192e2c,train,049,TUMMHCD-TEST-TRAIN/TUMMHCDtrain/train_049/mmhc50_972.tif
1226,aa10afd057da06ec3f67cdb073b4c5c5,train,049,TUMMHCD-TEST-TRAIN/TUMMHCDtrain/train_049/mmhc50_7.tif
1226,aa10afd057da06ec3f67cdb073b4c5c5,train,049,TUMMHCD-TEST-TRAIN/TUMMHCDtrain/train_049/mmhc50_915.tif
1227,2abb92fdc6c7e6665ef3c4eab4ca32d9,train,049,TUMMHCD-TEST-TRAIN/TUMMHCDtrain/train_049/mmhc50_9.tif
1227,2abb92fdc6c7e6665ef3c4eab4ca32d9,train,049,TUMMHCD-TEST-TRAIN/TUMMHCDtrain/train_049/mmhc50_1268.tif
1228,24b96a98bdf6407c4cc859b72753e4be,train,049,TUMMHCD-TEST-TRAIN/TUMMHCDtrain/train_049/mmhc50_17.tif
1228,24b96a98bdf6407c4cc859b72753e4be,train,049,TUMMHCD-TEST-TRAIN/TUMMHCDtrain/train_049/mmhc50_790.tif
1229,e578f0556d2ce9a5b06770237ee50d02,train,049,TUMMHCD-TEST-TRAIN/TUMMHCDtrain/train_049/mmhc50_18.tif
1229,e578f0556d2ce9a5b06770237ee50d02,train,049,TUMMHCD-TEST-TRAIN/TUMMHCDtrain/train_049/mmhc50_198.tif
1230,730cd5dbf508ef05b624e116531425e0,train,049,TUMMHCD-TEST-TRAIN/TUMMHCDtrain/train_049/mmhc50_20.tif
1230,730cd5dbf508ef05b624e116531425e0,train,049,TUMMHCD-TEST-TRAIN/TUMMHCDtrain/train_049/mmhc50_254.tif
1231,f47612b121423e22f91b2c4c6ec7f2a4,train,049,TUMMHCD-TEST-TRAIN/TUMMHCDtrain/train_049/mmhc50_22.tif
1231,f47612b121423e22f91b2c4c6ec7f2a4,train,049,TUMMHCD-TEST-TRAIN/TUMMHCDtrain/train_049/mmhc50_1026.tif
1232,594b374e70553c20429d4c1e9ca3e4e9,train,049,TUMMHCD-TEST-TRAIN/TUMMHCDtrain/train_049/mmhc50_24.tif
1232,594b374e70553c20429d4c1e9ca3e4e9,train,049,TUMMHCD-TEST-TRAIN/TUMMHCDtrain/train_049/mmhc50_320.tif
1233,ad1247fe56cb90c7cefdf1fa533bff59,train,049,TUMMHCD-TEST-TRAIN/TUMMHCDtrain/train_049/mmhc50_25.tif
1233,ad1247fe56cb90c7cefdf1fa533bff59,train,049,TUMMHCD-TEST-TRAIN/TUMMHCDtrain/train_049/mmhc50_742.tif
1234,ae3226513303e234e281d028a6372208,train,049,TUMMHCD-TEST-TRAIN/TUMMHCDtrain/train_049/mmhc50_26.tif
1234,ae3226513303e234e281d028a6372208,train,049,TUMMHCD-TEST-TRAIN/TUMMHCDtrain/train_049/mmhc50_1060.tif
1235,1094b767df7d8e75591af4aab74f70f0,train,049,TUMMHCD-TEST-TRAIN/TUMMHCDtrain/train_049/mmhc50_30.tif
1235,1094b767df7d8e75591af4aab74f70f0,train,049,TUMMHCD-TEST-TRAIN/TUMMHCDtrain/train_049/mmhc50_1095.tif
1236,ea2f1e663f0184dd0957974ab9c9a16c,train,049,TUMMHCD-TEST-TRAIN/TUMMHCDtrain/train_049/mmhc50_33.tif
1236,ea2f1e663f0184dd0957974ab9c9a16c,train,049,TUMMHCD-TEST-TRAIN/TUMMHCDtrain/train_049/mmhc50_1068.tif
1237,0c725b279d30583b945e75c4d9cfa00f,train,049,TUMMHCD-TEST-TRAIN/TUMMHCDtrain/train_049/mmhc50_36.tif
1237,0c725b279d30583b945e75c4d9cfa00f,train,049,TUMMHCD-TEST-TRAIN/TUMMHCDtrain/train_049/mmhc50_1137.tif
1238,2d9de931608fff67e6895cff3c478e79,train,049,TUMMHCD-TEST-TRAIN/TUMMHCDtrain/train_049/mmhc50_54.tif
1238,2d9de931608fff67e6895cff3c478e79,train,049,TUMMHCD-TEST-TRAIN/TUMMHCDtrain/train_049/mmhc50_1257.tif
1239,dfbd76dec59ec5d6d4c7096fdd1ef6ce,train,049,TUMMHCD-TEST-TRAIN/TUMMHCDtrain/train_049/mmhc50_55.tif
1239,dfbd76dec59ec5d6d4c7096fdd1ef6ce,train,049,TUMMHCD-TEST-TRAIN/TUMMHCDtrain/train_049/mmhc50_813.tif
1240,5e3c5625a7eb2bbb6323747b15e7e370,train,049,TUMMHCD-TEST-TRAIN/TUMMHCDtrain/train_049/mmhc50_65.tif
1240,5e3c5625a7eb2bbb6323747b15e7e370,train,049,TUMMHCD-TEST-TRAIN/TUMMHCDtrain/train_049/mmhc50_1120.tif
1241,0c43e9953085bd5c4e82cb596d7cd03f,train,049,TUMMHCD-TEST-TRAIN/TUMMHCDtrain/train_049/mmhc50_66.tif
1241,0c43e9953085bd5c4e82cb596d7cd03f,train,049,TUMMHCD-TEST-TRAIN/TUMMHCDtrain/train_049/mmhc50_511.tif
1242,b7e97460374507f1a52fd0631ad6b279,train,049,TUMMHCD-TEST-TRAIN/TUMMHCDtrain/train_049/mmhc50_70.tif
1242,b7e97460374507f1a52fd0631ad6b279,train,049,TUMMHCD-TEST-TRAIN/TUMMHCDtrain/train_049/mmhc50_779.tif
1243,6c78f4a5a22df2790c1f8f511e8249bc,train,049,TUMMHCD-TEST-TRAIN/TUMMHCDtrain/train_049/mmhc50_76.tif
1243,6c78f4a5a22df2790c1f8f511e8249bc,train,049,TUMMHCD-TEST-TRAIN/TUMMHCDtrain/train_049/mmhc50_765.tif
1244,e8c8640b07ed52eb8c334b238d9e9127,train,049,TUMMHCD-TEST-TRAIN/TUMMHCDtrain/train_049/mmhc50_79.tif
1244,e8c8640b07ed52eb8c334b238d9e9127,train,049,TUMMHCD-TEST-TRAIN/TUMMHCDtrain/train_049/mmhc50_977.tif
1245,c919d377044573f1b35158a481c3f671,train,049,TUMMHCD-TEST-TRAIN/TUMMHCDtrain/train_049/mmhc50_80.tif
1245,c919d377044573f1b35158a481c3f671,train,049,TUMMHCD-TEST-TRAIN/TUMMHCDtrain/train_049/mmhc50_328.tif
1246,ac3eec526925723118d752e18907a245,train,049,TUMMHCD-TEST-TRAIN/TUMMHCDtrain/train_049/mmhc50_85.tif
1246,ac3eec526925723118d752e18907a245,train,049,TUMMHCD-TEST-TRAIN/TUMMHCDtrain/train_049/mmhc50_858.tif
1247,da2d163c225ccea7ee11be1a863580ec,train,049,TUMMHCD-TEST-TRAIN/TUMMHCDtrain/train_049/mmhc50_86.tif
1247,da2d163c225ccea7ee11be1a863580ec,train,049,TUMMHCD-TEST-TRAIN/TUMMHCDtrain/train_049/mmhc50_711.tif
1248,2563cde1953cf947658688427412874b,train,049,TUMMHCD-TEST-TRAIN/TUMMHCDtrain/train_049/mmhc50_88.tif
1248,2563cde1953cf947658688427412874b,train,049,TUMMHCD-TEST-TRAIN/TUMMHCDtrain/train_049/mmhc50_1108.tif
1249,33781d4adda1952e0a9c7e7d36257861,train,049,TUMMHCD-TEST-TRAIN/TUMMHCDtrain/train_049/mmhc50_89.tif
1249,33781d4adda1952e0a9c7e7d36257861,train,049,TUMMHCD-TEST-TRAIN/TUMMHCDtrain/train_049/mmhc50_525.tif
1250,efa008dd3bff81a4eddf7e6d2ab44732,train,049,TUMMHCD-TEST-TRAIN/TUMMHCDtrain/train_049/mmhc50_90.tif
1250,efa008dd3bff81a4eddf7e6d2ab44732,train,049,TUMMHCD-TEST-TRAIN/TUMMHCDtrain/train_049/mmhc50_296.tif
1251,6426497e915a929caaecc3c556000dd6,train,049,TUMMHCD-TEST-TRAIN/TUMMHCDtrain/train_049/mmhc50_93.tif
1251,6426497e915a929caaecc3c556000dd6,train,049,TUMMHCD-TEST-TRAIN/TUMMHCDtrain/train_049/mmhc50_943.tif
1252,a3554d4c79c5e6d2250002a492610978,train,049,TUMMHCD-TEST-TRAIN/TUMMHCDtrain/train_049/mmhc50_95.tif
1252,a3554d4c79c5e6d2250002a492610978,train,049,TUMMHCD-TEST-TRAIN/TUMMHCDtrain/train_049/mmhc50_113.tif
1253,b6034eeb55cf78efe79459c966bba133,train,049,TUMMHCD-TEST-TRAIN/TUMMHCDtrain/train_049/mmhc50_96.tif
1253,b6034eeb55cf78efe79459c966bba133,train,049,TUMMHCD-TEST-TRAIN/TUMMHCDtrain/train_049/mmhc50_361.tif
1254,7198c216cc46082eec920aaa3b7a8b63,train,049,TUMMHCD-TEST-TRAIN/TUMMHCDtrain/train_049/mmhc50_99.tif
1254,7198c216cc46082eec920aaa3b7a8b63,train,049,TUMMHCD-TEST-TRAIN/TUMMHCDtrain/train_049/mmhc50_334.tif
1255,559eb90a933665e75e6eced5821adb22,train,049,TUMMHCD-TEST-TRAIN/TUMMHCDtrain/train_049/mmhc50_104.tif
1255,559eb90a933665e75e6eced5821adb22,train,049,TUMMHCD-TEST-TRAIN/TUMMHCDtrain/train_049/mmhc50_353.tif
1256,cf29b5731f217e83e73c22cc6a3c2d2e,train,049,TUMMHCD-TEST-TRAIN/TUMMHCDtrain/train_049/mmhc50_106.tif
1256,cf29b5731f217e83e73c22cc6a3c2d2e,train,049,TUMMHCD-TEST-TRAIN/TUMMHCDtrain/train_049/mmhc50_881.tif
1257,2be600c34f8ba51f3216c3dfc1474156,train,049,TUMMHCD-TEST-TRAIN/TUMMHCDtrain/train_049/mmhc50_114.tif
1257,2be600c34f8ba51f3216c3dfc1474156,train,049,TUMMHCD-TEST-TRAIN/TUMMHCDtrain/train_049/mmhc50_1149.tif
1258,d7ff3da9752bcc16c5a60176667193ea,train,049,TUMMHCD-TEST-TRAIN/TUMMHCDtrain/train_049/mmhc50_116.tif
1258,d7ff3da9752bcc16c5a60176667193ea,train,049,TUMMHCD-TEST-TRAIN/TUMMHCDtrain/train_049/mmhc50_290.tif
1259,e0aed21d61dc8eec0e92bb181cdd8612,train,049,TUMMHCD-TEST-TRAIN/TUMMHCDtrain/train_049/mmhc50_123.tif
1259,e0aed21d61dc8eec0e92bb181cdd8612,train,049,TUMMHCD-TEST-TRAIN/TUMMHCDtrain/train_049/mmhc50_718.tif
1260,39728b6089d93a1b818c073f6f589442,train,049,TUMMHCD-TEST-TRAIN/TUMMHCDtrain/train_049/mmhc50_125.tif
1260,39728b6089d93a1b818c073f6f589442,train,049,TUMMHCD-TEST-TRAIN/TUMMHCDtrain/train_049/mmhc50_867.tif
1261,bbd7ab2401f423479ad40794c98def45,train,049,TUMMHCD-TEST-TRAIN/TUMMHCDtrain/train_049/mmhc50_128.tif
1261,bbd7ab2401f423479ad40794c98def45,train,049,TUMMHCD-TEST-TRAIN/TUMMHCDtrain/train_049/mmhc50_761.tif
1262,5a7963411289a90c27a6784cf534d7ed,train,049,TUMMHCD-TEST-TRAIN/TUMMHCDtrain/train_049/mmhc50_129.tif
1262,5a7963411289a90c27a6784cf534d7ed,train,049,TUMMHCD-TEST-TRAIN/TUMMHCDtrain/train_049/mmhc50_760.tif
1263,306cd10d9fb52bc0dd9e2e1ce47bbbb9,train,049,TUMMHCD-TEST-TRAIN/TUMMHCDtrain/train_049/mmhc50_130.tif
1263,306cd10d9fb52bc0dd9e2e1ce47bbbb9,train,049,TUMMHCD-TEST-TRAIN/TUMMHCDtrain/train_049/mmhc50_1271.tif
1264,24ad6c0704b621a9a2b12cfbfccf11fd,train,049,TUMMHCD-TEST-TRAIN/TUMMHCDtrain/train_049/mmhc50_143.tif
1264,24ad6c0704b621a9a2b12cfbfccf11fd,train,049,TUMMHCD-TEST-TRAIN/TUMMHCDtrain/train_049/mmhc50_670.tif
1265,ec00c371787a99aa4a8f4885c637ad3f,train,049,TUMMHCD-TEST-TRAIN/TUMMHCDtrain/train_049/mmhc50_145.tif
1265,ec00c371787a99aa4a8f4885c637ad3f,train,049,TUMMHCD-TEST-TRAIN/TUMMHCDtrain/train_049/mmhc50_564.tif
1266,7c17aa4dd2d31ae7761bce73b6efaa82,train,049,TUMMHCD-TEST-TRAIN/TUMMHCDtrain/train_049/mmhc50_151.tif
1266,7c17aa4dd2d31ae7761bce73b6efaa82,train,049,TUMMHCD-TEST-TRAIN/TUMMHCDtrain/train_049/mmhc50_637.tif
1267,e8f396f8647d9de4d1877fde34731ece,train,049,TUMMHCD-TEST-TRAIN/TUMMHCDtrain/train_049/mmhc50_152.tif
1267,e8f396f8647d9de4d1877fde34731ece,train,049,TUMMHCD-TEST-TRAIN/TUMMHCDtrain/train_049/mmhc50_410.tif
1268,f52b371f2038ff23479a75024fe06209,train,049,TUMMHCD-TEST-TRAIN/TUMMHCDtrain/train_049/mmhc50_153.tif
1268,f52b371f2038ff23479a75024fe06209,train,049,TUMMHCD-TEST-TRAIN/TUMMHCDtrain/train_049/mmhc50_341.tif
1269,f9d8057ca46bfc0f93fc5274432b1192,train,049,TUMMHCD-TEST-TRAIN/TUMMHCDtrain/train_049/mmhc50_156.tif
1269,f9d8057ca46bfc0f93fc5274432b1192,train,049,TUMMHCD-TEST-TRAIN/TUMMHCDtrain/train_049/mmhc50_909.tif
1270,77cf0156ceeafb97a1585d1a48335437,train,049,TUMMHCD-TEST-TRAIN/TUMMHCDtrain/train_049/mmhc50_159.tif
1270,77cf0156ceeafb97a1585d1a48335437,train,049,TUMMHCD-TEST-TRAIN/TUMMHCDtrain/train_049/mmhc50_1057.tif
1271,2b367fb3987469f47d60fc84eb21bd97,train,049,TUMMHCD-TEST-TRAIN/TUMMHCDtrain/train_049/mmhc50_162.tif
1271,2b367fb3987469f47d60fc84eb21bd97,train,049,TUMMHCD-TEST-TRAIN/TUMMHCDtrain/train_049/mmhc50_1084.tif
1272,20bc32675e2ddeaadab856a0368a3042,train,049,TUMMHCD-TEST-TRAIN/TUMMHCDtrain/train_049/mmhc50_165.tif
1272,20bc32675e2ddeaadab856a0368a3042,train,049,TUMMHCD-TEST-TRAIN/TUMMHCDtrain/train_049/mmhc50_497.tif
1273,8b806f46bdd67d77c5286d4a88848179,train,049,TUMMHCD-TEST-TRAIN/TUMMHCDtrain/train_049/mmhc50_171.tif
1273,8b806f46bdd67d77c5286d4a88848179,train,049,TUMMHCD-TEST-TRAIN/TUMMHCDtrain/train_049/mmhc50_347.tif
1274,0041c2752ef7eeada2eeac023287bf19,train,049,TUMMHCD-TEST-TRAIN/TUMMHCDtrain/train_049/mmhc50_176.tif
1274,0041c2752ef7eeada2eeac023287bf19,train,049,TUMMHCD-TEST-TRAIN/TUMMHCDtrain/train_049/mmhc50_484.tif
1275,d29296ee728608f5da70b11fab24185f,train,049,TUMMHCD-TEST-TRAIN/TUMMHCDtrain/train_049/mmhc50_179.tif
1275,d29296ee728608f5da70b11fab24185f,train,049,TUMMHCD-TEST-TRAIN/TUMMHCDtrain/train_049/mmhc50_766.tif
1276,94074addce38f5731e004f5b6221ca2a,train,049,TUMMHCD-TEST-TRAIN/TUMMHCDtrain/train_049/mmhc50_180.tif
1276,94074addce38f5731e004f5b6221ca2a,train,049,TUMMHCD-TEST-TRAIN/TUMMHCDtrain/train_049/mmhc50_369.tif
1277,73b028ead0b28a2c23a8f57c4d4c9224,train,049,TUMMHCD-TEST-TRAIN/TUMMHCDtrain/train_049/mmhc50_181.tif
1277,73b028ead0b28a2c23a8f57c4d4c9224,train,049,TUMMHCD-TEST-TRAIN/TUMMHCDtrain/train_049/mmhc50_261.tif
1278,e538569db49ca9a1e59f5e871f4789ac,train,049,TUMMHCD-TEST-TRAIN/TUMMHCDtrain/train_049/mmhc50_183.tif
1278,e538569db49ca9a1e59f5e871f4789ac,train,049,TUMMHCD-TEST-TRAIN/TUMMHCDtrain/train_049/mmhc50_1221.tif
1279,a071a4052980479dc4968f8573ec56ef,train,049,TUMMHCD-TEST-TRAIN/TUMMHCDtrain/train_049/mmhc50_184.tif
1279,a071a4052980479dc4968f8573ec56ef,train,049,TUMMHCD-TEST-TRAIN/TUMMHCDtrain/train_049/mmhc50_788.tif
1280,1ed5d7618801eb43d3df39baa53be9df,train,049,TUMMHCD-TEST-TRAIN/TUMMHCDtrain/train_049/mmhc50_190.tif
1280,1ed5d7618801eb43d3df39baa53be9df,train,049,TUMMHCD-TEST-TRAIN/TUMMHCDtrain/train_049/mmhc50_263.tif
1281,69f38e383bc26df77077421baf4039b5,train,049,TUMMHCD-TEST-TRAIN/TUMMHCDtrain/train_049/mmhc50_194.tif
1281,69f38e383bc26df77077421baf4039b5,train,049,TUMMHCD-TEST-TRAIN/TUMMHCDtrain/train_049/mmhc50_598.tif
1282,958d88f5bfd54a703ffe7368c3f4c223,train,049,TUMMHCD-TEST-TRAIN/TUMMHCDtrain/train_049/mmhc50_197.tif
1282,958d88f5bfd54a703ffe7368c3f4c223,train,049,TUMMHCD-TEST-TRAIN/TUMMHCDtrain/train_049/mmhc50_307.tif
1283,a304774203fc3aad6b80786181b6aebb,train,049,TUMMHCD-TEST-TRAIN/TUMMHCDtrain/train_049/mmhc50_201.tif
1283,a304774203fc3aad6b80786181b6aebb,train,049,TUMMHCD-TEST-TRAIN/TUMMHCDtrain/train_049/mmhc50_481.tif
1284,a38bb03c9b8b844dcab5f3c0f4828fdc,train,049,TUMMHCD-TEST-TRAIN/TUMMHCDtrain/train_049/mmhc50_220.tif
1284,a38bb03c9b8b844dcab5f3c0f4828fdc,train,049,TUMMHCD-TEST-TRAIN/TUMMHCDtrain/train_049/mmhc50_877.tif
1285,479a6d2b7b5c8fce952b2da44a094ada,train,049,TUMMHCD-TEST-TRAIN/TUMMHCDtrain/train_049/mmhc50_230.tif
1285,479a6d2b7b5c8fce952b2da44a094ada,train,049,TUMMHCD-TEST-TRAIN/TUMMHCDtrain/train_049/mmhc50_243.tif
1286,f056a587f5e83803f379ee6bf65de032,train,049,TUMMHCD-TEST-TRAIN/TUMMHCDtrain/train_049/mmhc50_231.tif
1286,f056a587f5e83803f379ee6bf65de032,train,049,TUMMHCD-TEST-TRAIN/TUMMHCDtrain/train_049/mmhc50_1280.tif
1287,f90f2ac02f27d42a25d6d8e8925dde47,train,049,TUMMHCD-TEST-TRAIN/TUMMHCDtrain/train_049/mmhc50_232.tif
1287,f90f2ac02f27d42a25d6d8e8925dde47,train,049,TUMMHCD-TEST-TRAIN/TUMMHCDtrain/train_049/mmhc50_265.tif
1288,c10982381354035e34ac36ff4c6e719d,train,049,TUMMHCD-TEST-TRAIN/TUMMHCDtrain/train_049/mmhc50_233.tif
1288,c10982381354035e34ac36ff4c6e719d,train,049,TUMMHCD-TEST-TRAIN/TUMMHCDtrain/train_049/mmhc50_367.tif
1289,72d5b68c15cc57b4d9821266a5b46854,train,049,TUMMHCD-TEST-TRAIN/TUMMHCDtrain/train_049/mmhc50_236.tif
1289,72d5b68c15cc57b4d9821266a5b46854,train,049,TUMMHCD-TEST-TRAIN/TUMMHCDtrain/train_049/mmhc50_713.tif
1290,5417ccb5aa476b55d42142aeb7ec27b9,train,049,TUMMHCD-TEST-TRAIN/TUMMHCDtrain/train_049/mmhc50_239.tif
1290,5417ccb5aa476b55d42142aeb7ec27b9,train,049,TUMMHCD-TEST-TRAIN/TUMMHCDtrain/train_049/mmhc50_557.tif
1291,d795aa7c8eb63949ef5aa0ad3e1576c8,train,049,TUMMHCD-TEST-TRAIN/TUMMHCDtrain/train_049/mmhc50_240.tif
1291,d795aa7c8eb63949ef5aa0ad3e1576c8,train,049,TUMMHCD-TEST-TRAIN/TUMMHCDtrain/train_049/mmhc50_540.tif
1292,3eef3ffaee9e1b67c51676cfb663d7a5,train,049,TUMMHCD-TEST-TRAIN/TUMMHCDtrain/train_049/mmhc50_245.tif
1292,3eef3ffaee9e1b67c51676cfb663d7a5,train,049,TUMMHCD-TEST-TRAIN/TUMMHCDtrain/train_049/mmhc50_872.tif
1292,3eef3ffaee9e1b67c51676cfb663d7a5,train,049,TUMMHCD-TEST-TRAIN/TUMMHCDtrain/train_049/mmhc50_1019.tif
1293,a1647cd42a38bd67930b237bd770cb53,train,049,TUMMHCD-TEST-TRAIN/TUMMHCDtrain/train_049/mmhc50_257.tif
1293,a1647cd42a38bd67930b237bd770cb53,train,049,TUMMHCD-TEST-TRAIN/TUMMHCDtrain/train_049/mmhc50_453.tif
1294,99d36f574c133c82ad4f5d571f09fd92,train,049,TUMMHCD-TEST-TRAIN/TUMMHCDtrain/train_049/mmhc50_258.tif
1294,99d36f574c133c82ad4f5d571f09fd92,train,049,TUMMHCD-TEST-TRAIN/TUMMHCDtrain/train_049/mmhc50_621.tif
1295,fa85570527fc9ad7095bb84a026707fe,train,049,TUMMHCD-TEST-TRAIN/TUMMHCDtrain/train_049/mmhc50_264.tif
1295,fa85570527fc9ad7095bb84a026707fe,train,049,TUMMHCD-TEST-TRAIN/TUMMHCDtrain/train_049/mmhc50_736.tif
1296,6239124cabfc23b27094ead32c613138,train,049,TUMMHCD-TEST-TRAIN/TUMMHCDtrain/train_049/mmhc50_271.tif
1296,6239124cabfc23b27094ead32c613138,train,049,TUMMHCD-TEST-TRAIN/TUMMHCDtrain/train_049/mmhc50_456.tif
1297,d176884bc2fa286e1d510cf93fb38e8e,train,049,TUMMHCD-TEST-TRAIN/TUMMHCDtrain/train_049/mmhc50_284.tif
1297,d176884bc2fa286e1d510cf93fb38e8e,train,049,TUMMHCD-TEST-TRAIN/TUMMHCDtrain/train_049/mmhc50_329.tif
1298,2a31c0b300c9cbbe668bb543514f3995,train,049,TUMMHCD-TEST-TRAIN/TUMMHCDtrain/train_049/mmhc50_289.tif
1298,2a31c0b300c9cbbe668bb543514f3995,train,049,TUMMHCD-TEST-TRAIN/TUMMHCDtrain/train_049/mmhc50_1104.tif
1299,774ecb756e04b9d120bd99d3d5a2c06f,train,049,TUMMHCD-TEST-TRAIN/TUMMHCDtrain/train_049/mmhc50_292.tif
1299,774ecb756e04b9d120bd99d3d5a2c06f,train,049,TUMMHCD-TEST-TRAIN/TUMMHCDtrain/train_049/mmhc50_392.tif
1300,ccd5b84677e8ea0160fe5c46fe220ce8,train,049,TUMMHCD-TEST-TRAIN/TUMMHCDtrain/train_049/mmhc50_293.tif
1300,ccd5b84677e8ea0160fe5c46fe220ce8,train,049,TUMMHCD-TEST-TRAIN/TUMMHCDtrain/train_049/mmhc50_508.tif
1301,87f496eaa0aa9f3f3213004ed4047442,train,049,TUMMHCD-TEST-TRAIN/TUMMHCDtrain/train_049/mmhc50_301.tif
1301,87f496eaa0aa9f3f3213004ed4047442,train,049,TUMMHCD-TEST-TRAIN/TUMMHCDtrain/train_049/mmhc50_1216.tif
1302,b4de92b63e36b64bed9ad777fc51b840,train,049,TUMMHCD-TEST-TRAIN/TUMMHCDtrain/train_049/mmhc50_310.tif
1302,b4de92b63e36b64bed9ad777fc51b840,train,049,TUMMHCD-TEST-TRAIN/TUMMHCDtrain/train_049/mmhc50_1141.tif
1303,6c5d73813d159906b8da3f4fd2ec3b3b,train,049,TUMMHCD-TEST-TRAIN/TUMMHCDtrain/train_049/mmhc50_311.tif
1303,6c5d73813d159906b8da3f4fd2ec3b3b,train,049,TUMMHCD-TEST-TRAIN/TUMMHCDtrain/train_049/mmhc50_728.tif
1304,1fa98953a4b3a881b6694b5cf19d2025,train,049,TUMMHCD-TEST-TRAIN/TUMMHCDtrain/train_049/mmhc50_317.tif
1304,1fa98953a4b3a881b6694b5cf19d2025,train,049,TUMMHCD-TEST-TRAIN/TUMMHCDtrain/train_049/mmhc50_1008.tif
1305,c5c0620b2ae0f2af758d064804917a67,train,049,TUMMHCD-TEST-TRAIN/TUMMHCDtrain/train_049/mmhc50_335.tif
1305,c5c0620b2ae0f2af758d064804917a67,train,049,TUMMHCD-TEST-TRAIN/TUMMHCDtrain/train_049/mmhc50_1024.tif
1306,0835e505c7eabb5b2b26dd4b10a4554f,train,049,TUMMHCD-TEST-TRAIN/TUMMHCDtrain/train_049/mmhc50_342.tif
1306,0835e505c7eabb5b2b26dd4b10a4554f,train,049,TUMMHCD-TEST-TRAIN/TUMMHCDtrain/train_049/mmhc50_1035.tif
1307,fe916f6a7efacc8da85c6bf641873b8c,train,049,TUMMHCD-TEST-TRAIN/TUMMHCDtrain/train_049/mmhc50_344.tif
1307,fe916f6a7efacc8da85c6bf641873b8c,train,049,TUMMHCD-TEST-TRAIN/TUMMHCDtrain/train_049/mmhc50_1073.tif
1308,4f47b0c924d7bffe8706821079720e15,train,049,TUMMHCD-TEST-TRAIN/TUMMHCDtrain/train_049/mmhc50_350.tif
1308,4f47b0c924d7bffe8706821079720e15,train,049,TUMMHCD-TEST-TRAIN/TUMMHCDtrain/train_049/mmhc50_1146.tif
1309,e6bd586660c01c5884dc889c7b7aed9a,train,049,TUMMHCD-TEST-TRAIN/TUMMHCDtrain/train_049/mmhc50_356.tif
1309,e6bd586660c01c5884dc889c7b7aed9a,train,049,TUMMHCD-TEST-TRAIN/TUMMHCDtrain/train_049/mmhc50_1249.tif
1310,e668ea5ae7b6a7149f9b13cfbfd018a6,train,049,TUMMHCD-TEST-TRAIN/TUMMHCDtrain/train_049/mmhc50_357.tif
1310,e668ea5ae7b6a7149f9b13cfbfd018a6,train,049,TUMMHCD-TEST-TRAIN/TUMMHCDtrain/train_049/mmhc50_979.tif
1311,a4db05b9159d4b2eaae1163645307c42,train,049,TUMMHCD-TEST-TRAIN/TUMMHCDtrain/train_049/mmhc50_368.tif
1311,a4db05b9159d4b2eaae1163645307c42,train,049,TUMMHCD-TEST-TRAIN/TUMMHCDtrain/train_049/mmhc50_756.tif
1312,68751fe3febd78f36e2c30b87b95df09,train,049,TUMMHCD-TEST-TRAIN/TUMMHCDtrain/train_049/mmhc50_370.tif
1312,68751fe3febd78f36e2c30b87b95df09,train,049,TUMMHCD-TEST-TRAIN/TUMMHCDtrain/train_049/mmhc50_624.tif
1313,1fc6d72dbba42a0644fea89061b4c58b,train,049,TUMMHCD-TEST-TRAIN/TUMMHCDtrain/train_049/mmhc50_386.tif
1313,1fc6d72dbba42a0644fea89061b4c58b,train,049,TUMMHCD-TEST-TRAIN/TUMMHCDtrain/train_049/mmhc50_560.tif
1314,25bb8a55b2e4c78de616d8a203fb73c6,train,049,TUMMHCD-TEST-TRAIN/TUMMHCDtrain/train_049/mmhc50_389.tif
1314,25bb8a55b2e4c78de616d8a203fb73c6,train,049,TUMMHCD-TEST-TRAIN/TUMMHCDtrain/train_049/mmhc50_578.tif
1315,e0713f1f9729bce0d3105d46532d8104,train,049,TUMMHCD-TEST-TRAIN/TUMMHCDtrain/train_049/mmhc50_391.tif
1315,e0713f1f9729bce0d3105d46532d8104,train,049,TUMMHCD-TEST-TRAIN/TUMMHCDtrain/train_049/mmhc50_1206.tif
1316,9cefaa1ed168bee1f5ec517fd63b93b4,train,049,TUMMHCD-TEST-TRAIN/TUMMHCDtrain/train_049/mmhc50_399.tif
1316,9cefaa1ed168bee1f5ec517fd63b93b4,train,049,TUMMHCD-TEST-TRAIN/TUMMHCDtrain/train_049/mmhc50_1192.tif
1317,1afaebae278394416d5b84246f3d658c,train,049,TUMMHCD-TEST-TRAIN/TUMMHCDtrain/train_049/mmhc50_402.tif
1317,1afaebae278394416d5b84246f3d658c,train,049,TUMMHCD-TEST-TRAIN/TUMMHCDtrain/train_049/mmhc50_1198.tif
1318,22ce32d62d00c7d8c7596bf056cf9a20,train,049,TUMMHCD-TEST-TRAIN/TUMMHCDtrain/train_049/mmhc50_415.tif
1318,22ce32d62d00c7d8c7596bf056cf9a20,train,049,TUMMHCD-TEST-TRAIN/TUMMHCDtrain/train_049/mmhc50_1126.tif
1319,5a5e0f984a6b4d7291d177e510e4bb37,train,049,TUMMHCD-TEST-TRAIN/TUMMHCDtrain/train_049/mmhc50_427.tif
1319,5a5e0f984a6b4d7291d177e510e4bb37,train,049,TUMMHCD-TEST-TRAIN/TUMMHCDtrain/train_049/mmhc50_776.tif
1320,11d964fbd3e17484bedac8b7a937f392,train,049,TUMMHCD-TEST-TRAIN/TUMMHCDtrain/train_049/mmhc50_435.tif
1320,11d964fbd3e17484bedac8b7a937f392,train,049,TUMMHCD-TEST-TRAIN/TUMMHCDtrain/train_049/mmhc50_692.tif
1321,8f4a0f7be07daff9ddd1515332bfec1c,train,049,TUMMHCD-TEST-TRAIN/TUMMHCDtrain/train_049/mmhc50_436.tif
1321,8f4a0f7be07daff9ddd1515332bfec1c,train,049,TUMMHCD-TEST-TRAIN/TUMMHCDtrain/train_049/mmhc50_477.tif
1322,97939d9bf29a0609908803d215dee001,train,049,TUMMHCD-TEST-TRAIN/TUMMHCDtrain/train_049/mmhc50_438.tif
1322,97939d9bf29a0609908803d215dee001,train,049,TUMMHCD-TEST-TRAIN/TUMMHCDtrain/train_049/mmhc50_1009.tif
1323,7a9ae910ae576321a7f57e40a8e252cb,train,049,TUMMHCD-TEST-TRAIN/TUMMHCDtrain/train_049/mmhc50_442.tif
1323,7a9ae910ae576321a7f57e40a8e252cb,train,049,TUMMHCD-TEST-TRAIN/TUMMHCDtrain/train_049/mmhc50_958.tif
1324,5e92a0ae95450cbf5658f61928e804c5,train,049,TUMMHCD-TEST-TRAIN/TUMMHCDtrain/train_049/mmhc50_455.tif
1324,5e92a0ae95450cbf5658f61928e804c5,train,049,TUMMHCD-TEST-TRAIN/TUMMHCDtrain/train_049/mmhc50_759.tif
1325,64747fa90a6e7e76f3b89e2c25c39d16,train,049,TUMMHCD-TEST-TRAIN/TUMMHCDtrain/train_049/mmhc50_459.tif
1325,64747fa90a6e7e76f3b89e2c25c39d16,train,049,TUMMHCD-TEST-TRAIN/TUMMHCDtrain/train_049/mmhc50_851.tif
1326,41c8aaff8674b5bb525420f63f6a358a,train,049,TUMMHCD-TEST-TRAIN/TUMMHCDtrain/train_049/mmhc50_463.tif
1326,41c8aaff8674b5bb525420f63f6a358a,train,049,TUMMHCD-TEST-TRAIN/TUMMHCDtrain/train_049/mmhc50_762.tif
1327,349412bc2898d8fe38511e1858be2b77,train,049,TUMMHCD-TEST-TRAIN/TUMMHCDtrain/train_049/mmhc50_464.tif
1327,349412bc2898d8fe38511e1858be2b77,train,049,TUMMHCD-TEST-TRAIN/TUMMHCDtrain/train_049/mmhc50_488.tif
1328,0ae14b8100ebb1f9f435cef92605c806,train,049,TUMMHCD-TEST-TRAIN/TUMMHCDtrain/train_049/mmhc50_467.tif
1328,0ae14b8100ebb1f9f435cef92605c806,train,049,TUMMHCD-TEST-TRAIN/TUMMHCDtrain/train_049/mmhc50_1038.tif
1329,486c1a2e01c5bbd2767b7564f2592160,train,049,TUMMHCD-TEST-TRAIN/TUMMHCDtrain/train_049/mmhc50_474.tif
1329,486c1a2e01c5bbd2767b7564f2592160,train,049,TUMMHCD-TEST-TRAIN/TUMMHCDtrain/train_049/mmhc50_517.tif
1330,5c33e660587e24370c5098746140ae17,train,049,TUMMHCD-TEST-TRAIN/TUMMHCDtrain/train_049/mmhc50_478.tif
1330,5c33e660587e24370c5098746140ae17,train,049,TUMMHCD-TEST-TRAIN/TUMMHCDtrain/train_049/mmhc50_585.tif
1331,b5c2178fa8321c809cec7c850f01e641,train,049,TUMMHCD-TEST-TRAIN/TUMMHCDtrain/train_049/mmhc50_494.tif
1331,b5c2178fa8321c809cec7c850f01e641,train,049,TUMMHCD-TEST-TRAIN/TUMMHCDtrain/train_049/mmhc50_503.tif
1332,e8fe77c14bf7716691a473de5e0472d5,train,049,TUMMHCD-TEST-TRAIN/TUMMHCDtrain/train_049/mmhc50_507.tif
1332,e8fe77c14bf7716691a473de5e0472d5,train,049,TUMMHCD-TEST-TRAIN/TUMMHCDtrain/train_049/mmhc50_516.tif
1333,4a786bb64bd827027a7760ba6919dc21,train,049,TUMMHCD-TEST-TRAIN/TUMMHCDtrain/train_049/mmhc50_509.tif
1333,4a786bb64bd827027a7760ba6919dc21,train,049,TUMMHCD-TEST-TRAIN/TUMMHCDtrain/train_049/mmhc50_575.tif
1334,32b37ca76117248ca2aa053bbb5c7084,train,049,TUMMHCD-TEST-TRAIN/TUMMHCDtrain/train_049/mmhc50_526.tif
1334,32b37ca76117248ca2aa053bbb5c7084,train,049,TUMMHCD-TEST-TRAIN/TUMMHCDtrain/train_049/mmhc50_616.tif
1335,54076fab7ed31af5ae51ed1adfd5eb99,train,049,TUMMHCD-TEST-TRAIN/TUMMHCDtrain/train_049/mmhc50_527.tif
1335,54076fab7ed31af5ae51ed1adfd5eb99,train,049,TUMMHCD-TEST-TRAIN/TUMMHCDtrain/train_049/mmhc50_1178.tif
1336,8ea332e66b3ee1a31e585d2ca8f9df63,train,049,TUMMHCD-TEST-TRAIN/TUMMHCDtrain/train_049/mmhc50_530.tif
1336,8ea332e66b3ee1a31e585d2ca8f9df63,train,049,TUMMHCD-TEST-TRAIN/TUMMHCDtrain/train_049/mmhc50_852.tif
1337,bf95f3b305e3854a2309748bba6c41d3,train,049,TUMMHCD-TEST-TRAIN/TUMMHCDtrain/train_049/mmhc50_532.tif
1337,bf95f3b305e3854a2309748bba6c41d3,train,049,TUMMHCD-TEST-TRAIN/TUMMHCDtrain/train_049/mmhc50_1220.tif
1338,0e0d45af57e8fff830c93ea91f3e4e64,train,049,TUMMHCD-TEST-TRAIN/TUMMHCDtrain/train_049/mmhc50_534.tif
1338,0e0d45af57e8fff830c93ea91f3e4e64,train,049,TUMMHCD-TEST-TRAIN/TUMMHCDtrain/train_049/mmhc50_1210.tif
1339,c44d0b09ac06af970d4e7e5330984e50,train,049,TUMMHCD-TEST-TRAIN/TUMMHCDtrain/train_049/mmhc50_536.tif
1339,c44d0b09ac06af970d4e7e5330984e50,train,049,TUMMHCD-TEST-TRAIN/TUMMHCDtrain/train_049/mmhc50_786.tif
1340,bc10b7f5443b2afa6703a215e8262a52,train,049,TUMMHCD-TEST-TRAIN/TUMMHCDtrain/train_049/mmhc50_546.tif
1340,bc10b7f5443b2afa6703a215e8262a52,train,049,TUMMHCD-TEST-TRAIN/TUMMHCDtrain/train_049/mmhc50_628.tif
1341,b1b2d121e27b31d4ab294bafcf0e772a,train,049,TUMMHCD-TEST-TRAIN/TUMMHCDtrain/train_049/mmhc50_549.tif
1341,b1b2d121e27b31d4ab294bafcf0e772a,train,049,TUMMHCD-TEST-TRAIN/TUMMHCDtrain/train_049/mmhc50_1010.tif
1342,cf9d23f38b67a17f1164e0c8fc825711,train,049,TUMMHCD-TEST-TRAIN/TUMMHCDtrain/train_049/mmhc50_550.tif
1342,cf9d23f38b67a17f1164e0c8fc825711,train,049,TUMMHCD-TEST-TRAIN/TUMMHCDtrain/train_049/mmhc50_615.tif
1343,7b2b1628cfaebb12ae84de8b83f856e6,train,049,TUMMHCD-TEST-TRAIN/TUMMHCDtrain/train_049/mmhc50_555.tif
1343,7b2b1628cfaebb12ae84de8b83f856e6,train,049,TUMMHCD-TEST-TRAIN/TUMMHCDtrain/train_049/mmhc50_1177.tif
1344,40fd5787a2552199d85e83a3341fe0de,train,049,TUMMHCD-TEST-TRAIN/TUMMHCDtrain/train_049/mmhc50_562.tif
1344,40fd5787a2552199d85e83a3341fe0de,train,049,TUMMHCD-TEST-TRAIN/TUMMHCDtrain/train_049/mmhc50_835.tif
1345,42165d2f08f1582a09353fd83ee61361,train,049,TUMMHCD-TEST-TRAIN/TUMMHCDtrain/train_049/mmhc50_573.tif
1345,42165d2f08f1582a09353fd83ee61361,train,049,TUMMHCD-TEST-TRAIN/TUMMHCDtrain/train_049/mmhc50_1136.tif
1346,27ddfe4215219d65d1f0b55f0e3990d2,train,049,TUMMHCD-TEST-TRAIN/TUMMHCDtrain/train_049/mmhc50_581.tif
1346,27ddfe4215219d65d1f0b55f0e3990d2,train,049,TUMMHCD-TEST-TRAIN/TUMMHCDtrain/train_049/mmhc50_981.tif
1347,9562c68bcb0aeca83239508d63188726,train,049,TUMMHCD-TEST-TRAIN/TUMMHCDtrain/train_049/mmhc50_590.tif
1347,9562c68bcb0aeca83239508d63188726,train,049,TUMMHCD-TEST-TRAIN/TUMMHCDtrain/train_049/mmhc50_656.tif
1348,83252a8233a0ce5b5a47c35ea606b324,train,049,TUMMHCD-TEST-TRAIN/TUMMHCDtrain/train_049/mmhc50_592.tif
1348,83252a8233a0ce5b5a47c35ea606b324,train,049,TUMMHCD-TEST-TRAIN/TUMMHCDtrain/train_049/mmhc50_601.tif
1349,3a17e0c582eeec88bd1a66911e9c7065,train,049,TUMMHCD-TEST-TRAIN/TUMMHCDtrain/train_049/mmhc50_595.tif
1349,3a17e0c582eeec88bd1a66911e9c7065,train,049,TUMMHCD-TEST-TRAIN/TUMMHCDtrain/train_049/mmhc50_931.tif
1350,6f1ec4beabfd35101587caada1e73a8d,train,049,TUMMHCD-TEST-TRAIN/TUMMHCDtrain/train_049/mmhc50_599.tif
1350,6f1ec4beabfd35101587caada1e73a8d,train,049,TUMMHCD-TEST-TRAIN/TUMMHCDtrain/train_049/mmhc50_1112.tif
1351,8c577de721343c35fc479b85ea5a0e00,train,049,TUMMHCD-TEST-TRAIN/TUMMHCDtrain/train_049/mmhc50_603.tif
1351,8c577de721343c35fc479b85ea5a0e00,train,049,TUMMHCD-TEST-TRAIN/TUMMHCDtrain/train_049/mmhc50_612.tif
1352,0fec5a7ac6991fc3c730764e0e5c886c,train,049,TUMMHCD-TEST-TRAIN/TUMMHCDtrain/train_049/mmhc50_604.tif
1352,0fec5a7ac6991fc3c730764e0e5c886c,train,049,TUMMHCD-TEST-TRAIN/TUMMHCDtrain/train_049/mmhc50_770.tif
1353,15e0c014ce7650710bda9a42d7394378,train,049,TUMMHCD-TEST-TRAIN/TUMMHCDtrain/train_049/mmhc50_606.tif
1353,15e0c014ce7650710bda9a42d7394378,train,049,TUMMHCD-TEST-TRAIN/TUMMHCDtrain/train_049/mmhc50_1207.tif
1354,6cecbc3422e655f7b2202bab8f1d13bf,train,049,TUMMHCD-TEST-TRAIN/TUMMHCDtrain/train_049/mmhc50_607.tif
1354,6cecbc3422e655f7b2202bab8f1d13bf,train,049,TUMMHCD-TEST-TRAIN/TUMMHCDtrain/train_049/mmhc50_1155.tif
1355,7796ab837c7be30bed72ac328e4af2c4,train,049,TUMMHCD-TEST-TRAIN/TUMMHCDtrain/train_049/mmhc50_614.tif
1355,7796ab837c7be30bed72ac328e4af2c4,train,049,TUMMHCD-TEST-TRAIN/TUMMHCDtrain/train_049/mmhc50_1055.tif
1356,164aa385a03cfa2e7703e6dc16242b16,train,049,TUMMHCD-TEST-TRAIN/TUMMHCDtrain/train_049/mmhc50_617.tif
1356,164aa385a03cfa2e7703e6dc16242b16,train,049,TUMMHCD-TEST-TRAIN/TUMMHCDtrain/train_049/mmhc50_698.tif
1357,a3f2694095b57ad4ebbcbdc44cbf08c1,train,049,TUMMHCD-TEST-TRAIN/TUMMHCDtrain/train_049/mmhc50_620.tif
1357,a3f2694095b57ad4ebbcbdc44cbf08c1,train,049,TUMMHCD-TEST-TRAIN/TUMMHCDtrain/train_049/mmhc50_675.tif
1358,f252da46b28eff33d31e467438b335f8,train,049,TUMMHCD-TEST-TRAIN/TUMMHCDtrain/train_049/mmhc50_622.tif
1358,f252da46b28eff33d31e467438b335f8,train,049,TUMMHCD-TEST-TRAIN/TUMMHCDtrain/train_049/mmhc50_1041.tif
1359,9f4fa0b0167d5d9d940bfffd1d71353b,train,049,TUMMHCD-TEST-TRAIN/TUMMHCDtrain/train_049/mmhc50_625.tif
1359,9f4fa0b0167d5d9d940bfffd1d71353b,train,049,TUMMHCD-TEST-TRAIN/TUMMHCDtrain/train_049/mmhc50_643.tif
1360,bd46e2d3781752c522700bbaece14905,train,049,TUMMHCD-TEST-TRAIN/TUMMHCDtrain/train_049/mmhc50_631.tif
1360,bd46e2d3781752c522700bbaece14905,train,049,TUMMHCD-TEST-TRAIN/TUMMHCDtrain/train_049/mmhc50_706.tif
1361,04a61640bfc1e5643e0ef510bfa7b740,train,049,TUMMHCD-TEST-TRAIN/TUMMHCDtrain/train_049/mmhc50_635.tif
1361,04a61640bfc1e5643e0ef510bfa7b740,train,049,TUMMHCD-TEST-TRAIN/TUMMHCDtrain/train_049/mmhc50_777.tif
1362,3078f114d6a5ad5b017cf584325fb84e,train,049,TUMMHCD-TEST-TRAIN/TUMMHCDtrain/train_049/mmhc50_645.tif
1362,3078f114d6a5ad5b017cf584325fb84e,train,049,TUMMHCD-TEST-TRAIN/TUMMHCDtrain/train_049/mmhc50_1204.tif
1363,ff11bdc8a74f14c8cc50bb331593dbc1,train,049,TUMMHCD-TEST-TRAIN/TUMMHCDtrain/train_049/mmhc50_660.tif
1363,ff11bdc8a74f14c8cc50bb331593dbc1,train,049,TUMMHCD-TEST-TRAIN/TUMMHCDtrain/train_049/mmhc50_774.tif
1364,c5825f17ebd7160f60bed3862efe039b,train,049,TUMMHCD-TEST-TRAIN/TUMMHCDtrain/train_049/mmhc50_663.tif
1364,c5825f17ebd7160f60bed3862efe039b,train,049,TUMMHCD-TEST-TRAIN/TUMMHCDtrain/train_049/mmhc50_834.tif
1365,82c12828588e70c0279527f387e7c8cd,train,049,TUMMHCD-TEST-TRAIN/TUMMHCDtrain/train_049/mmhc50_664.tif
1365,82c12828588e70c0279527f387e7c8cd,train,049,TUMMHCD-TEST-TRAIN/TUMMHCDtrain/train_049/mmhc50_831.tif
1366,f49daa21bf6d8933610fe3af9a974cbe,train,049,TUMMHCD-TEST-TRAIN/TUMMHCDtrain/train_049/mmhc50_672.tif
1366,f49daa21bf6d8933610fe3af9a974cbe,train,049,TUMMHCD-TEST-TRAIN/TUMMHCDtrain/train_049/mmhc50_833.tif
1367,a68c53e2759af6c4c776648ba23b2722,train,049,TUMMHCD-TEST-TRAIN/TUMMHCDtrain/train_049/mmhc50_679.tif
1367,a68c53e2759af6c4c776648ba23b2722,train,049,TUMMHCD-TEST-TRAIN/TUMMHCDtrain/train_049/mmhc50_989.tif
1368,4820f60113fa8d496c412b29e0ca1f8e,train,049,TUMMHCD-TEST-TRAIN/TUMMHCDtrain/train_049/mmhc50_687.tif
1368,4820f60113fa8d496c412b29e0ca1f8e,train,049,TUMMHCD-TEST-TRAIN/TUMMHCDtrain/train_049/mmhc50_1140.tif
1369,59835a5a402ea6fa152add7a134d09f1,train,049,TUMMHCD-TEST-TRAIN/TUMMHCDtrain/train_049/mmhc50_688.tif
1369,59835a5a402ea6fa152add7a134d09f1,train,049,TUMMHCD-TEST-TRAIN/TUMMHCDtrain/train_049/mmhc50_892.tif
1370,483ae5c99e3bea4cbf27ab44210c7880,train,049,TUMMHCD-TEST-TRAIN/TUMMHCDtrain/train_049/mmhc50_697.tif
1370,483ae5c99e3bea4cbf27ab44210c7880,train,049,TUMMHCD-TEST-TRAIN/TUMMHCDtrain/train_049/mmhc50_924.tif
1371,bbd76dc767f0ae14b8f0aab3ed5c994f,train,049,TUMMHCD-TEST-TRAIN/TUMMHCDtrain/train_049/mmhc50_700.tif
1371,bbd76dc767f0ae14b8f0aab3ed5c994f,train,049,TUMMHCD-TEST-TRAIN/TUMMHCDtrain/train_049/mmhc50_747.tif
1372,c6549eeec8a21c90e2b754a2511dfa65,train,049,TUMMHCD-TEST-TRAIN/TUMMHCDtrain/train_049/mmhc50_710.tif
1372,c6549eeec8a21c90e2b754a2511dfa65,train,049,TUMMHCD-TEST-TRAIN/TUMMHCDtrain/train_049/mmhc50_1245.tif
1373,0fb2c66ecd1fd456cf04cec6e48ce389,train,049,TUMMHCD-TEST-TRAIN/TUMMHCDtrain/train_049/mmhc50_716.tif
1373,0fb2c66ecd1fd456cf04cec6e48ce389,train,049,TUMMHCD-TEST-TRAIN/TUMMHCDtrain/train_049/mmhc50_840.tif
1374,963d7c58d030b58b9c112b1d0d2f519a,train,049,TUMMHCD-TEST-TRAIN/TUMMHCDtrain/train_049/mmhc50_717.tif
1374,963d7c58d030b58b9c112b1d0d2f519a,train,049,TUMMHCD-TEST-TRAIN/TUMMHCDtrain/train_049/mmhc50_908.tif
1375,e01817855d9d378319e311e2f80b72b6,train,049,TUMMHCD-TEST-TRAIN/TUMMHCDtrain/train_049/mmhc50_735.tif
1375,e01817855d9d378319e311e2f80b72b6,train,049,TUMMHCD-TEST-TRAIN/TUMMHCDtrain/train_049/mmhc50_895.tif
1376,71f38539715d97f101f90cc0e9fd0a0a,train,049,TUMMHCD-TEST-TRAIN/TUMMHCDtrain/train_049/mmhc50_740.tif
1376,71f38539715d97f101f90cc0e9fd0a0a,train,049,TUMMHCD-TEST-TRAIN/TUMMHCDtrain/train_049/mmhc50_855.tif
1377,36e38882a8880cdc34496b2000723b5e,train,049,TUMMHCD-TEST-TRAIN/TUMMHCDtrain/train_049/mmhc50_741.tif
1377,36e38882a8880cdc34496b2000723b5e,train,049,TUMMHCD-TEST-TRAIN/TUMMHCDtrain/train_049/mmhc50_919.tif
1378,5dc489141f6df0c18c06924fe353c4d1,train,049,TUMMHCD-TEST-TRAIN/TUMMHCDtrain/train_049/mmhc50_744.tif
1378,5dc489141f6df0c18c06924fe353c4d1,train,049,TUMMHCD-TEST-TRAIN/TUMMHCDtrain/train_049/mmhc50_856.tif
1379,d113c0123f8f98d577cb7599b1e80980,train,049,TUMMHCD-TEST-TRAIN/TUMMHCDtrain/train_049/mmhc50_763.tif
1379,d113c0123f8f98d577cb7599b1e80980,train,049,TUMMHCD-TEST-TRAIN/TUMMHCDtrain/train_049/mmhc50_819.tif
1380,c8c750bee72abffa97adbf27e69b3fb3,train,049,TUMMHCD-TEST-TRAIN/TUMMHCDtrain/train_049/mmhc50_772.tif
1380,c8c750bee72abffa97adbf27e69b3fb3,train,049,TUMMHCD-TEST-TRAIN/TUMMHCDtrain/train_049/mmhc50_821.tif
1381,3c3280f0f9077feb189a022aa48d829f,train,049,TUMMHCD-TEST-TRAIN/TUMMHCDtrain/train_049/mmhc50_791.tif
1381,3c3280f0f9077feb189a022aa48d829f,train,049,TUMMHCD-TEST-TRAIN/TUMMHCDtrain/train_049/mmhc50_930.tif
1382,0e74dfdd504998cb273f3ada34097720,train,049,TUMMHCD-TEST-TRAIN/TUMMHCDtrain/train_049/mmhc50_794.tif
1382,0e74dfdd504998cb273f3ada34097720,train,049,TUMMHCD-TEST-TRAIN/TUMMHCDtrain/train_049/mmhc50_978.tif
1383,1f3c5bab77d9dcf464dbc247601e8a15,train,049,TUMMHCD-TEST-TRAIN/TUMMHCDtrain/train_049/mmhc50_798.tif
1383,1f3c5bab77d9dcf464dbc247601e8a15,train,049,TUMMHCD-TEST-TRAIN/TUMMHCDtrain/train_049/mmhc50_960.tif
1384,1813229eec6b508a36e8f0ff98a9d885,train,049,TUMMHCD-TEST-TRAIN/TUMMHCDtrain/train_049/mmhc50_804.tif
1384,1813229eec6b508a36e8f0ff98a9d885,train,049,TUMMHCD-TEST-TRAIN/TUMMHCDtrain/train_049/mmhc50_983.tif
1385,803febea00436db01aa63d489d0d14cd,train,049,TUMMHCD-TEST-TRAIN/TUMMHCDtrain/train_049/mmhc50_805.tif
1385,803febea00436db01aa63d489d0d14cd,train,049,TUMMHCD-TEST-TRAIN/TUMMHCDtrain/train_049/mmhc50_1122.tif
1386,9d3c67c15ffc4ab0ef550d7e3c0d8821,train,049,TUMMHCD-TEST-TRAIN/TUMMHCDtrain/train_049/mmhc50_807.tif
1386,9d3c67c15ffc4ab0ef550d7e3c0d8821,train,049,TUMMHCD-TEST-TRAIN/TUMMHCDtrain/train_049/mmhc50_850.tif
1387,dfe8b94f545b1fb1b860e710d4ac6160,train,049,TUMMHCD-TEST-TRAIN/TUMMHCDtrain/train_049/mmhc50_832.tif
1387,dfe8b94f545b1fb1b860e710d4ac6160,train,049,TUMMHCD-TEST-TRAIN/TUMMHCDtrain/train_049/mmhc50_1025.tif
1388,13cc54a04fbf14012579f9d6bc433054,train,049,TUMMHCD-TEST-TRAIN/TUMMHCDtrain/train_049/mmhc50_854.tif
1388,13cc54a04fbf14012579f9d6bc433054,train,049,TUMMHCD-TEST-TRAIN/TUMMHCDtrain/train_049/mmhc50_1232.tif
1389,e56bcfc2dc50c3042946f252b0434c16,train,049,TUMMHCD-TEST-TRAIN/TUMMHCDtrain/train_049/mmhc50_887.tif
1389,e56bcfc2dc50c3042946f252b0434c16,train,049,TUMMHCD-TEST-TRAIN/TUMMHCDtrain/train_049/mmhc50_1273.tif
1390,075ec85861ccd7221049ebb3604f5330,train,049,TUMMHCD-TEST-TRAIN/TUMMHCDtrain/train_049/mmhc50_903.tif
1390,075ec85861ccd7221049ebb3604f5330,train,049,TUMMHCD-TEST-TRAIN/TUMMHCDtrain/train_049/mmhc50_1164.tif
1391,5904fe0e34204df56274f0a1ad004d00,train,049,TUMMHCD-TEST-TRAIN/TUMMHCDtrain/train_049/mmhc50_923.tif
1391,5904fe0e34204df56274f0a1ad004d00,train,049,TUMMHCD-TEST-TRAIN/TUMMHCDtrain/train_049/mmhc50_1197.tif
1392,a3186a894723929aa1a2a773fed06c97,train,049,TUMMHCD-TEST-TRAIN/TUMMHCDtrain/train_049/mmhc50_929.tif
1392,a3186a894723929aa1a2a773fed06c97,train,049,TUMMHCD-TEST-TRAIN/TUMMHCDtrain/train_049/mmhc50_982.tif
1392,a3186a894723929aa1a2a773fed06c97,train,049,TUMMHCD-TEST-TRAIN/TUMMHCDtrain/train_049/mmhc50_1227.tif
1393,70496708f5cf81903a4857a1829e3167,train,049,TUMMHCD-TEST-TRAIN/TUMMHCDtrain/train_049/mmhc50_935.tif
1393,70496708f5cf81903a4857a1829e3167,train,049,TUMMHCD-TEST-TRAIN/TUMMHCDtrain/train_049/mmhc50_1254.tif
1394,5d96ca9ba8ce2f07e3e59941259fecc4,train,049,TUMMHCD-TEST-TRAIN/TUMMHCDtrain/train_049/mmhc50_937.tif
1394,5d96ca9ba8ce2f07e3e59941259fecc4,train,049,TUMMHCD-TEST-TRAIN/TUMMHCDtrain/train_049/mmhc50_1116.tif
1395,d46ecfdf3fb242a61852dcb32497b537,train,049,TUMMHCD-TEST-TRAIN/TUMMHCDtrain/train_049/mmhc50_962.tif
1395,d46ecfdf3fb242a61852dcb32497b537,train,049,TUMMHCD-TEST-TRAIN/TUMMHCDtrain/train_049/mmhc50_1250.tif
1396,27c8f0fd06810e95aa744d56f4a63606,train,049,TUMMHCD-TEST-TRAIN/TUMMHCDtrain/train_049/mmhc50_987.tif
1396,27c8f0fd06810e95aa744d56f4a63606,train,049,TUMMHCD-TEST-TRAIN/TUMMHCDtrain/train_049/mmhc50_1133.tif
1397,17344b10f0630ff15a8f19ccea953ef1,train,049,TUMMHCD-TEST-TRAIN/TUMMHCDtrain/train_049/mmhc50_1018.tif
1397,17344b10f0630ff15a8f19ccea953ef1,train,049,TUMMHCD-TEST-TRAIN/TUMMHCDtrain/train_049/mmhc50_1243.tif
1398,c7c37e37c76203f50be9b03ed5b54a03,train,049,TUMMHCD-TEST-TRAIN/TUMMHCDtrain/train_049/mmhc50_1020.tif
1398,c7c37e37c76203f50be9b03ed5b54a03,train,049,TUMMHCD-TEST-TRAIN/TUMMHCDtrain/train_049/mmhc50_1067.tif
1399,78a5562bc947fc4ec02fe6d17cf353ad,train,049,TUMMHCD-TEST-TRAIN/TUMMHCDtrain/train_049/mmhc50_1062.tif
1399,78a5562bc947fc4ec02fe6d17cf353ad,train,049,TUMMHCD-TEST-TRAIN/TUMMHCDtrain/train_049/mmhc50_1188.tif
1400,48259d9e622aada3a1ab40312aa7d9bf,train,049,TUMMHCD-TEST-TRAIN/TUMMHCDtrain/train_049/mmhc50_1065.tif
1400,48259d9e622aada3a1ab40312aa7d9bf,train,049,TUMMHCD-TEST-TRAIN/TUMMHCDtrain/train_049/mmhc50_1185.tif
1401,20a17b14d8c3df56293b5878adc35fcc,train,049,TUMMHCD-TEST-TRAIN/TUMMHCDtrain/train_049/mmhc50_1081.tif
1401,20a17b14d8c3df56293b5878adc35fcc,train,049,TUMMHCD-TEST-TRAIN/TUMMHCDtrain/train_049/mmhc50_1235.tif
1402,ec0df3e80c3c1e9f1fee7055cec87bb1,train,049,TUMMHCD-TEST-TRAIN/TUMMHCDtrain/train_049/mmhc50_1118.tif
1402,ec0df3e80c3c1e9f1fee7055cec87bb1,train,049,TUMMHCD-TEST-TRAIN/TUMMHCDtrain/train_049/mmhc50_1184.tif
1403,fb676d50bc7664e3f406853a8ea6c987,train,049,TUMMHCD-TEST-TRAIN/TUMMHCDtrain/train_049/mmhc50_1119.tif
1403,fb676d50bc7664e3f406853a8ea6c987,train,049,TUMMHCD-TEST-TRAIN/TUMMHCDtrain/train_049/mmhc50_1180.tif
1404,ec85857152d80abd2a307470228818f1,train,049,TUMMHCD-TEST-TRAIN/TUMMHCDtrain/train_049/mmhc50_1134.tif
1404,ec85857152d80abd2a307470228818f1,train,049,TUMMHCD-TEST-TRAIN/TUMMHCDtrain/train_049/mmhc50_1265.tif
1405,dd01edb17ce0cf98569d3e13a3655cc3,train,050,TUMMHCD-TEST-TRAIN/TUMMHCDtrain/train_050/mmhc51_5.tif
1405,dd01edb17ce0cf98569d3e13a3655cc3,train,050,TUMMHCD-TEST-TRAIN/TUMMHCDtrain/train_050/mmhc51_454.tif
1406,cad9c5a7f8f7cdd40f348f38de19f6e7,train,050,TUMMHCD-TEST-TRAIN/TUMMHCDtrain/train_050/mmhc51_69.tif
1406,cad9c5a7f8f7cdd40f348f38de19f6e7,train,050,TUMMHCD-TEST-TRAIN/TUMMHCDtrain/train_050/mmhc51_1208.tif
1407,c0b68331dfea3cac506d68a0c4f8bc6b,train,050,TUMMHCD-TEST-TRAIN/TUMMHCDtrain/train_050/mmhc51_119.tif
1407,c0b68331dfea3cac506d68a0c4f8bc6b,train,050,TUMMHCD-TEST-TRAIN/TUMMHCDtrain/train_050/mmhc51_430.tif
1408,99f0b0f98626da73fb99540bb240b55c,train,050,TUMMHCD-TEST-TRAIN/TUMMHCDtrain/train_050/mmhc51_121.tif
1408,99f0b0f98626da73fb99540bb240b55c,train,050,TUMMHCD-TEST-TRAIN/TUMMHCDtrain/train_050/mmhc51_184.tif
1409,d161d2b4c326e50480e3edb605ed34e8,train,050,TUMMHCD-TEST-TRAIN/TUMMHCDtrain/train_050/mmhc51_132.tif
1409,d161d2b4c326e50480e3edb605ed34e8,train,050,TUMMHCD-TEST-TRAIN/TUMMHCDtrain/train_050/mmhc51_1203.tif
1410,e1aecfbbdfb113bf9d54cf540d8500a4,train,050,TUMMHCD-TEST-TRAIN/TUMMHCDtrain/train_050/mmhc51_149.tif
1410,e1aecfbbdfb113bf9d54cf540d8500a4,train,050,TUMMHCD-TEST-TRAIN/TUMMHCDtrain/train_050/mmhc51_627.tif
1411,c9a1f09951de05893251c9f1f0c6aa11,train,050,TUMMHCD-TEST-TRAIN/TUMMHCDtrain/train_050/mmhc51_219.tif
1411,c9a1f09951de05893251c9f1f0c6aa11,train,050,TUMMHCD-TEST-TRAIN/TUMMHCDtrain/train_050/mmhc51_282.tif
1412,e078d6a1c5964da3a0b9d8ff6f8fa2ee,train,050,TUMMHCD-TEST-TRAIN/TUMMHCDtrain/train_050/mmhc51_228.tif
1412,e078d6a1c5964da3a0b9d8ff6f8fa2ee,train,050,TUMMHCD-TEST-TRAIN/TUMMHCDtrain/train_050/mmhc51_793.tif
1413,1637fd4b2b1083ffa40a77ff0ad6a21d,train,050,TUMMHCD-TEST-TRAIN/TUMMHCDtrain/train_050/mmhc51_248.tif
1413,1637fd4b2b1083ffa40a77ff0ad6a21d,train,050,TUMMHCD-TEST-TRAIN/TUMMHCDtrain/train_050/mmhc51_740.tif
1414,66c43f8f0ec3f7ed0a08eccebb5d1e32,train,050,TUMMHCD-TEST-TRAIN/TUMMHCDtrain/train_050/mmhc51_315.tif
1414,66c43f8f0ec3f7ed0a08eccebb5d1e32,train,050,TUMMHCD-TEST-TRAIN/TUMMHCDtrain/train_050/mmhc51_994.tif
1415,7d0a05d9d33643766c840240c0dc2463,train,050,TUMMHCD-TEST-TRAIN/TUMMHCDtrain/train_050/mmhc51_319.tif
1415,7d0a05d9d33643766c840240c0dc2463,train,050,TUMMHCD-TEST-TRAIN/TUMMHCDtrain/train_050/mmhc51_1146.tif
1416,1b5ec1ee2b2ec2ad568eb0d78591d975,train,050,TUMMHCD-TEST-TRAIN/TUMMHCDtrain/train_050/mmhc51_493.tif
1416,1b5ec1ee2b2ec2ad568eb0d78591d975,train,050,TUMMHCD-TEST-TRAIN/TUMMHCDtrain/train_050/mmhc51_575.tif
1417,ccb9fad35f924b061a5b574519ebda00,train,050,TUMMHCD-TEST-TRAIN/TUMMHCDtrain/train_050/mmhc51_498.tif
1417,ccb9fad35f924b061a5b574519ebda00,train,050,TUMMHCD-TEST-TRAIN/TUMMHCDtrain/train_050/mmhc51_1105.tif
1418,541bdeefe12464c6a8600d9bb043da69,train,050,TUMMHCD-TEST-TRAIN/TUMMHCDtrain/train_050/mmhc51_548.tif
1418,541bdeefe12464c6a8600d9bb043da69,train,050,TUMMHCD-TEST-TRAIN/TUMMHCDtrain/train_050/mmhc51_742.tif
1419,1361238bf36500af235b9e441daa8608,train,050,TUMMHCD-TEST-TRAIN/TUMMHCDtrain/train_050/mmhc51_611.tif
1419,1361238bf36500af235b9e441daa8608,train,050,TUMMHCD-TEST-TRAIN/TUMMHCDtrain/train_050/mmhc51_868.tif
1420,78cca54d6acddabb0448432cc2e04052,train,050,TUMMHCD-TEST-TRAIN/TUMMHCDtrain/train_050/mmhc51_633.tif
1420,78cca54d6acddabb0448432cc2e04052,train,050,TUMMHCD-TEST-TRAIN/TUMMHCDtrain/train_050/mmhc51_1264.tif
1421,a8d37607f69b35f9e491e09e4cb72336,train,050,TUMMHCD-TEST-TRAIN/TUMMHCDtrain/train_050/mmhc51_652.tif
1421,a8d37607f69b35f9e491e09e4cb72336,train,050,TUMMHCD-TEST-TRAIN/TUMMHCDtrain/train_050/mmhc51_976.tif
1422,841382bb8cf81de4df2e888f5e032a74,train,050,TUMMHCD-TEST-TRAIN/TUMMHCDtrain/train_050/mmhc51_696.tif
1422,841382bb8cf81de4df2e888f5e032a74,train,050,TUMMHCD-TEST-TRAIN/TUMMHCDtrain/train_050/mmhc51_1035.tif
1423,980f603ef31b0f5664876d0b676d7f2b,train,050,TUMMHCD-TEST-TRAIN/TUMMHCDtrain/train_050/mmhc51_714.tif
1423,980f603ef31b0f5664876d0b676d7f2b,train,050,TUMMHCD-TEST-TRAIN/TUMMHCDtrain/train_050/mmhc51_999.tif
1424,38ff6faf57b4b810fb27d1ee67758383,train,050,TUMMHCD-TEST-TRAIN/TUMMHCDtrain/train_050/mmhc51_718.tif
1424,38ff6faf57b4b810fb27d1ee67758383,train,050,TUMMHCD-TEST-TRAIN/TUMMHCDtrain/train_050/mmhc51_1024.tif
1425,84d5bf69ccc8021b55aa487b5d80c680,train,050,TUMMHCD-TEST-TRAIN/TUMMHCDtrain/train_050/mmhc51_867.tif
1425,84d5bf69ccc8021b55aa487b5d80c680,train,050,TUMMHCD-TEST-TRAIN/TUMMHCDtrain/train_050/mmhc51_1029.tif
1426,ae9196802a6c2a5f13638aa880d54624,train,050,TUMMHCD-TEST-TRAIN/TUMMHCDtrain/train_050/mmhc51_911.tif
1426,ae9196802a6c2a5f13638aa880d54624,train,050,TUMMHCD-TEST-TRAIN/TUMMHCDtrain/train_050/mmhc51_958.tif
1427,20eef72683b1e01ffc983ad199ab246e,train,050,TUMMHCD-TEST-TRAIN/TUMMHCDtrain/train_050/mmhc51_975.tif
1427,20eef72683b1e01ffc983ad199ab246e,train,050,TUMMHCD-TEST-TRAIN/TUMMHCDtrain/train_050/mmhc51_1036.tif
1428,d07456054f2caa61eeb0921532407a24,train,050,TUMMHCD-TEST-TRAIN/TUMMHCDtrain/train_050/mmhc51_1050.tif
1428,d07456054f2caa61eeb0921532407a24,train,050,TUMMHCD-TEST-TRAIN/TUMMHCDtrain/train_050/mmhc51_1108.tif
1429,daafca5ed0e20eb642c67489d9ff9ccd,train,051,TUMMHCD-TEST-TRAIN/TUMMHCDtrain/train_051/mmhc52_2.tif
1429,daafca5ed0e20eb642c67489d9ff9ccd,train,051,TUMMHCD-TEST-TRAIN/TUMMHCDtrain/train_051/mmhc52_623.tif
1430,43bfcde95d0e0e363d1fa6bbdc9a1768,train,051,TUMMHCD-TEST-TRAIN/TUMMHCDtrain/train_051/mmhc52_4.tif
1430,43bfcde95d0e0e363d1fa6bbdc9a1768,train,051,TUMMHCD-TEST-TRAIN/TUMMHCDtrain/train_051/mmhc52_508.tif
1431,f853bb4d0ba1e93d4edcc30cf35cbef9,train,051,TUMMHCD-TEST-TRAIN/TUMMHCDtrain/train_051/mmhc52_5.tif
1431,f853bb4d0ba1e93d4edcc30cf35cbef9,train,051,TUMMHCD-TEST-TRAIN/TUMMHCDtrain/train_051/mmhc52_343.tif
1432,dbfaf904764ffb6eed5c7d3de823d4c1,train,051,TUMMHCD-TEST-TRAIN/TUMMHCDtrain/train_051/mmhc52_6.tif
1432,dbfaf904764ffb6eed5c7d3de823d4c1,train,051,TUMMHCD-TEST-TRAIN/TUMMHCDtrain/train_051/mmhc52_678.tif
1433,5b369a532e893ab67f85fd33f20c3939,train,051,TUMMHCD-TEST-TRAIN/TUMMHCDtrain/train_051/mmhc52_10.tif
1433,5b369a532e893ab67f85fd33f20c3939,train,051,TUMMHCD-TEST-TRAIN/TUMMHCDtrain/train_051/mmhc52_988.tif
1434,f487c59c7823c2187c7b29142cf2697f,train,051,TUMMHCD-TEST-TRAIN/TUMMHCDtrain/train_051/mmhc52_18.tif
1434,f487c59c7823c2187c7b29142cf2697f,train,051,TUMMHCD-TEST-TRAIN/TUMMHCDtrain/train_051/mmhc52_302.tif
1435,60f730c16e0af80c48d6d78bbad7208a,train,051,TUMMHCD-TEST-TRAIN/TUMMHCDtrain/train_051/mmhc52_20.tif
1435,60f730c16e0af80c48d6d78bbad7208a,train,051,TUMMHCD-TEST-TRAIN/TUMMHCDtrain/train_051/mmhc52_422.tif
1436,5f0a02f52266a69b93e7565f256d1fae,train,051,TUMMHCD-TEST-TRAIN/TUMMHCDtrain/train_051/mmhc52_22.tif
1436,5f0a02f52266a69b93e7565f256d1fae,train,051,TUMMHCD-TEST-TRAIN/TUMMHCDtrain/train_051/mmhc52_917.tif
1437,21a54916edfa8c73ab7a20a714241ebb,train,051,TUMMHCD-TEST-TRAIN/TUMMHCDtrain/train_051/mmhc52_23.tif
1437,21a54916edfa8c73ab7a20a714241ebb,train,051,TUMMHCD-TEST-TRAIN/TUMMHCDtrain/train_051/mmhc52_432.tif
1438,63f189bbf0ede477f46b8b615fec8d04,train,051,TUMMHCD-TEST-TRAIN/TUMMHCDtrain/train_051/mmhc52_26.tif
1438,63f189bbf0ede477f46b8b615fec8d04,train,051,TUMMHCD-TEST-TRAIN/TUMMHCDtrain/train_051/mmhc52_1164.tif
1439,de7f5303aeeae72ed294ce149c3454d5,train,051,TUMMHCD-TEST-TRAIN/TUMMHCDtrain/train_051/mmhc52_32.tif
1439,de7f5303aeeae72ed294ce149c3454d5,train,051,TUMMHCD-TEST-TRAIN/TUMMHCDtrain/train_051/mmhc52_431.tif
1440,1e92db0c34fde9988aa510152c10bae6,train,051,TUMMHCD-TEST-TRAIN/TUMMHCDtrain/train_051/mmhc52_33.tif
1440,1e92db0c34fde9988aa510152c10bae6,train,051,TUMMHCD-TEST-TRAIN/TUMMHCDtrain/train_051/mmhc52_554.tif
1441,c9d9e04485736d0a40f2793523abd3bf,train,051,TUMMHCD-TEST-TRAIN/TUMMHCDtrain/train_051/mmhc52_35.tif
1441,c9d9e04485736d0a40f2793523abd3bf,train,051,TUMMHCD-TEST-TRAIN/TUMMHCDtrain/train_051/mmhc52_134.tif
1442,ee20e10200944888e0aed77c736c0228,train,051,TUMMHCD-TEST-TRAIN/TUMMHCDtrain/train_051/mmhc52_44.tif
1442,ee20e10200944888e0aed77c736c0228,train,051,TUMMHCD-TEST-TRAIN/TUMMHCDtrain/train_051/mmhc52_707.tif
1443,195c5233e26a3bbc2a4827751699e4c4,train,051,TUMMHCD-TEST-TRAIN/TUMMHCDtrain/train_051/mmhc52_47.tif
1443,195c5233e26a3bbc2a4827751699e4c4,train,051,TUMMHCD-TEST-TRAIN/TUMMHCDtrain/train_051/mmhc52_660.tif
1444,536795d1cc877700a9c7c2a4324fc406,train,051,TUMMHCD-TEST-TRAIN/TUMMHCDtrain/train_051/mmhc52_48.tif
1444,536795d1cc877700a9c7c2a4324fc406,train,051,TUMMHCD-TEST-TRAIN/TUMMHCDtrain/train_051/mmhc52_979.tif
1445,f0c8508257d8704f5dd3e549b603e142,train,051,TUMMHCD-TEST-TRAIN/TUMMHCDtrain/train_051/mmhc52_49.tif
1445,f0c8508257d8704f5dd3e549b603e142,train,051,TUMMHCD-TEST-TRAIN/TUMMHCDtrain/train_051/mmhc52_430.tif
1446,c22561d1bb9a5c43c56d7f83bcf49027,train,051,TUMMHCD-TEST-TRAIN/TUMMHCDtrain/train_051/mmhc52_51.tif
1446,c22561d1bb9a5c43c56d7f83bcf49027,train,051,TUMMHCD-TEST-TRAIN/TUMMHCDtrain/train_051/mmhc52_1089.tif
1447,e808f44078d6d0e6a18d3307ff71d650,train,051,TUMMHCD-TEST-TRAIN/TUMMHCDtrain/train_051/mmhc52_67.tif
1447,e808f44078d6d0e6a18d3307ff71d650,train,051,TUMMHCD-TEST-TRAIN/TUMMHCDtrain/train_051/mmhc52_167.tif
1448,31bcc7d5331de2e28fcdeda0f717324e,train,051,TUMMHCD-TEST-TRAIN/TUMMHCDtrain/train_051/mmhc52_74.tif
1448,31bcc7d5331de2e28fcdeda0f717324e,train,051,TUMMHCD-TEST-TRAIN/TUMMHCDtrain/train_051/mmhc52_222.tif
1449,51f2fb17dd038066e867e31ff326da04,train,051,TUMMHCD-TEST-TRAIN/TUMMHCDtrain/train_051/mmhc52_77.tif
1449,51f2fb17dd038066e867e31ff326da04,train,051,TUMMHCD-TEST-TRAIN/TUMMHCDtrain/train_051/mmhc52_513.tif
1450,c4a62baa203c12365df0a6aebb38f12a,train,051,TUMMHCD-TEST-TRAIN/TUMMHCDtrain/train_051/mmhc52_79.tif
1450,c4a62baa203c12365df0a6aebb38f12a,train,051,TUMMHCD-TEST-TRAIN/TUMMHCDtrain/train_051/mmhc52_1122.tif
1451,2b730cfbd2b62298b364cd6c1bae1d96,train,051,TUMMHCD-TEST-TRAIN/TUMMHCDtrain/train_051/mmhc52_82.tif
1451,2b730cfbd2b62298b364cd6c1bae1d96,train,051,TUMMHCD-TEST-TRAIN/TUMMHCDtrain/train_051/mmhc52_91.tif
1452,3d33af80af43717c536e89c1167e3d7d,train,051,TUMMHCD-TEST-TRAIN/TUMMHCDtrain/train_051/mmhc52_84.tif
1452,3d33af80af43717c536e89c1167e3d7d,train,051,TUMMHCD-TEST-TRAIN/TUMMHCDtrain/train_051/mmhc52_852.tif
1453,40bf14c06641a43babb1ca2cfc4f7656,train,051,TUMMHCD-TEST-TRAIN/TUMMHCDtrain/train_051/mmhc52_86.tif
1453,40bf14c06641a43babb1ca2cfc4f7656,train,051,TUMMHCD-TEST-TRAIN/TUMMHCDtrain/train_051/mmhc52_468.tif
1454,70b4d5a88d9a03528114cfd09c37b8e5,train,051,TUMMHCD-TEST-TRAIN/TUMMHCDtrain/train_051/mmhc52_87.tif
1454,70b4d5a88d9a03528114cfd09c37b8e5,train,051,TUMMHCD-TEST-TRAIN/TUMMHCDtrain/train_051/mmhc52_214.tif
1455,6d61d4d8cd9ec303e52a595a49274913,train,051,TUMMHCD-TEST-TRAIN/TUMMHCDtrain/train_051/mmhc52_89.tif
1455,6d61d4d8cd9ec303e52a595a49274913,train,051,TUMMHCD-TEST-TRAIN/TUMMHCDtrain/train_051/mmhc52_528.tif
1456,3576d691c88fa807e4a697baa7eb5361,train,051,TUMMHCD-TEST-TRAIN/TUMMHCDtrain/train_051/mmhc52_95.tif
1456,3576d691c88fa807e4a697baa7eb5361,train,051,TUMMHCD-TEST-TRAIN/TUMMHCDtrain/train_051/mmhc52_750.tif
1457,50e31de4765f0b92eb303cafb6093acf,train,051,TUMMHCD-TEST-TRAIN/TUMMHCDtrain/train_051/mmhc52_100.tif
1457,50e31de4765f0b92eb303cafb6093acf,train,051,TUMMHCD-TEST-TRAIN/TUMMHCDtrain/train_051/mmhc52_224.tif
1458,bda341bb2829b2ddb68920653c3fda91,train,051,TUMMHCD-TEST-TRAIN/TUMMHCDtrain/train_051/mmhc52_107.tif
1458,bda341bb2829b2ddb68920653c3fda91,train,051,TUMMHCD-TEST-TRAIN/TUMMHCDtrain/train_051/mmhc52_930.tif
1459,823a84692491c00cb20eb1f886b9b74b,train,051,TUMMHCD-TEST-TRAIN/TUMMHCDtrain/train_051/mmhc52_109.tif
1459,823a84692491c00cb20eb1f886b9b74b,train,051,TUMMHCD-TEST-TRAIN/TUMMHCDtrain/train_051/mmhc52_955.tif
1460,c0e90852b0ac2c9809a30ad4c35f5c57,train,051,TUMMHCD-TEST-TRAIN/TUMMHCDtrain/train_051/mmhc52_110.tif
1460,c0e90852b0ac2c9809a30ad4c35f5c57,train,051,TUMMHCD-TEST-TRAIN/TUMMHCDtrain/train_051/mmhc52_454.tif
1461,c0a688a290dcb760ae781aa1f31a6c2d,train,051,TUMMHCD-TEST-TRAIN/TUMMHCDtrain/train_051/mmhc52_113.tif
1461,c0a688a290dcb760ae781aa1f31a6c2d,train,051,TUMMHCD-TEST-TRAIN/TUMMHCDtrain/train_051/mmhc52_311.tif
1462,5045aea17cc1b37982da08c3cf8533de,train,051,TUMMHCD-TEST-TRAIN/TUMMHCDtrain/train_051/mmhc52_124.tif
1462,5045aea17cc1b37982da08c3cf8533de,train,051,TUMMHCD-TEST-TRAIN/TUMMHCDtrain/train_051/mmhc52_986.tif
1463,2cecd4ff89e426943e16f68bc2072383,train,051,TUMMHCD-TEST-TRAIN/TUMMHCDtrain/train_051/mmhc52_125.tif
1463,2cecd4ff89e426943e16f68bc2072383,train,051,TUMMHCD-TEST-TRAIN/TUMMHCDtrain/train_051/mmhc52_789.tif
1464,682d88889a432b1bfb5139bf187be1b5,train,051,TUMMHCD-TEST-TRAIN/TUMMHCDtrain/train_051/mmhc52_129.tif
1464,682d88889a432b1bfb5139bf187be1b5,train,051,TUMMHCD-TEST-TRAIN/TUMMHCDtrain/train_051/mmhc52_579.tif
1465,5238c7dde6ddb089dc9d4b5be266d350,train,051,TUMMHCD-TEST-TRAIN/TUMMHCDtrain/train_051/mmhc52_135.tif
1465,5238c7dde6ddb089dc9d4b5be266d350,train,051,TUMMHCD-TEST-TRAIN/TUMMHCDtrain/train_051/mmhc52_956.tif
1466,60d6b4a0955b1e44c087530174f99678,train,051,TUMMHCD-TEST-TRAIN/TUMMHCDtrain/train_051/mmhc52_136.tif
1466,60d6b4a0955b1e44c087530174f99678,train,051,TUMMHCD-TEST-TRAIN/TUMMHCDtrain/train_051/mmhc52_317.tif
1467,dc90d5e088ae066d96d23490334a6bc2,train,051,TUMMHCD-TEST-TRAIN/TUMMHCDtrain/train_051/mmhc52_141.tif
1467,dc90d5e088ae066d96d23490334a6bc2,train,051,TUMMHCD-TEST-TRAIN/TUMMHCDtrain/train_051/mmhc52_594.tif
1468,e51888b9003190fe88ed7897c87870fa,train,051,TUMMHCD-TEST-TRAIN/TUMMHCDtrain/train_051/mmhc52_142.tif
1468,e51888b9003190fe88ed7897c87870fa,train,051,TUMMHCD-TEST-TRAIN/TUMMHCDtrain/train_051/mmhc52_881.tif
1469,f2a1d58c4f320145dba0bf27308aad12,train,051,TUMMHCD-TEST-TRAIN/TUMMHCDtrain/train_051/mmhc52_146.tif
1469,f2a1d58c4f320145dba0bf27308aad12,train,051,TUMMHCD-TEST-TRAIN/TUMMHCDtrain/train_051/mmhc52_772.tif
1470,7124729de980e9be97f38137bbb54bf4,train,051,TUMMHCD-TEST-TRAIN/TUMMHCDtrain/train_051/mmhc52_148.tif
1470,7124729de980e9be97f38137bbb54bf4,train,051,TUMMHCD-TEST-TRAIN/TUMMHCDtrain/train_051/mmhc52_1116.tif
1471,fc7288496af218c53d7519fca9e4d628,train,051,TUMMHCD-TEST-TRAIN/TUMMHCDtrain/train_051/mmhc52_150.tif
1471,fc7288496af218c53d7519fca9e4d628,train,051,TUMMHCD-TEST-TRAIN/TUMMHCDtrain/train_051/mmhc52_1075.tif
1472,c0b903f0318fd05b43a98e178319ee19,train,051,TUMMHCD-TEST-TRAIN/TUMMHCDtrain/train_051/mmhc52_152.tif
1472,c0b903f0318fd05b43a98e178319ee19,train,051,TUMMHCD-TEST-TRAIN/TUMMHCDtrain/train_051/mmhc52_196.tif
1473,e5e2087807b9a2df2a5f67e15f5dde76,train,051,TUMMHCD-TEST-TRAIN/TUMMHCDtrain/train_051/mmhc52_153.tif
1473,e5e2087807b9a2df2a5f67e15f5dde76,train,051,TUMMHCD-TEST-TRAIN/TUMMHCDtrain/train_051/mmhc52_1180.tif
1474,0e10d27a840e30ec6f4188664d058a04,train,051,TUMMHCD-TEST-TRAIN/TUMMHCDtrain/train_051/mmhc52_163.tif
1474,0e10d27a840e30ec6f4188664d058a04,train,051,TUMMHCD-TEST-TRAIN/TUMMHCDtrain/train_051/mmhc52_342.tif
1475,138de65d5ea5bf32ccd32ed42d0285d5,train,051,TUMMHCD-TEST-TRAIN/TUMMHCDtrain/train_051/mmhc52_168.tif
1475,138de65d5ea5bf32ccd32ed42d0285d5,train,051,TUMMHCD-TEST-TRAIN/TUMMHCDtrain/train_051/mmhc52_858.tif
1476,de87221178504e395b5c08076befbe84,train,051,TUMMHCD-TEST-TRAIN/TUMMHCDtrain/train_051/mmhc52_173.tif
1476,de87221178504e395b5c08076befbe84,train,051,TUMMHCD-TEST-TRAIN/TUMMHCDtrain/train_051/mmhc52_340.tif
1477,91cc48b99e2f3386970c4b8bf6cf42b7,train,051,TUMMHCD-TEST-TRAIN/TUMMHCDtrain/train_051/mmhc52_183.tif
1477,91cc48b99e2f3386970c4b8bf6cf42b7,train,051,TUMMHCD-TEST-TRAIN/TUMMHCDtrain/train_051/mmhc52_455.tif
1478,5ddffa5df554f5f422cecb40420847e4,train,051,TUMMHCD-TEST-TRAIN/TUMMHCDtrain/train_051/mmhc52_193.tif
1478,5ddffa5df554f5f422cecb40420847e4,train,051,TUMMHCD-TEST-TRAIN/TUMMHCDtrain/train_051/mmhc52_646.tif
1479,7187492777b2de91997ba060851fb11f,train,051,TUMMHCD-TEST-TRAIN/TUMMHCDtrain/train_051/mmhc52_194.tif
1479,7187492777b2de91997ba060851fb11f,train,051,TUMMHCD-TEST-TRAIN/TUMMHCDtrain/train_051/mmhc52_225.tif
1480,e264da40625a012ff0859ac9708c74ea,train,051,TUMMHCD-TEST-TRAIN/TUMMHCDtrain/train_051/mmhc52_197.tif
1480,e264da40625a012ff0859ac9708c74ea,train,051,TUMMHCD-TEST-TRAIN/TUMMHCDtrain/train_051/mmhc52_1055.tif
1481,3bec0386aa450850e201ccad9042b31e,train,051,TUMMHCD-TEST-TRAIN/TUMMHCDtrain/train_051/mmhc52_202.tif
1481,3bec0386aa450850e201ccad9042b31e,train,051,TUMMHCD-TEST-TRAIN/TUMMHCDtrain/train_051/mmhc52_1160.tif
1482,4798e1b1ead6a68b826dc3aad8c608ea,train,051,TUMMHCD-TEST-TRAIN/TUMMHCDtrain/train_051/mmhc52_207.tif
1482,4798e1b1ead6a68b826dc3aad8c608ea,train,051,TUMMHCD-TEST-TRAIN/TUMMHCDtrain/train_051/mmhc52_526.tif
1483,ef60e07ad900ed71a58e9fb67c0b1c45,train,051,TUMMHCD-TEST-TRAIN/TUMMHCDtrain/train_051/mmhc52_210.tif
1483,ef60e07ad900ed71a58e9fb67c0b1c45,train,051,TUMMHCD-TEST-TRAIN/TUMMHCDtrain/train_051/mmhc52_1165.tif
1484,948ca2a04a3bfe556bcc9fac90bb810a,train,051,TUMMHCD-TEST-TRAIN/TUMMHCDtrain/train_051/mmhc52_211.tif
1484,948ca2a04a3bfe556bcc9fac90bb810a,train,051,TUMMHCD-TEST-TRAIN/TUMMHCDtrain/train_051/mmhc52_1108.tif
1485,6f4c5c8b4930d472c27b695de0dcb97d,train,051,TUMMHCD-TEST-TRAIN/TUMMHCDtrain/train_051/mmhc52_217.tif
1485,6f4c5c8b4930d472c27b695de0dcb97d,train,051,TUMMHCD-TEST-TRAIN/TUMMHCDtrain/train_051/mmhc52_373.tif
1486,455d03bfeba738d088d9cebb16871662,train,051,TUMMHCD-TEST-TRAIN/TUMMHCDtrain/train_051/mmhc52_220.tif
1486,455d03bfeba738d088d9cebb16871662,train,051,TUMMHCD-TEST-TRAIN/TUMMHCDtrain/train_051/mmhc52_910.tif
1487,70fedc219c581ba112c4b226437b1604,train,051,TUMMHCD-TEST-TRAIN/TUMMHCDtrain/train_051/mmhc52_223.tif
1487,70fedc219c581ba112c4b226437b1604,train,051,TUMMHCD-TEST-TRAIN/TUMMHCDtrain/train_051/mmhc52_613.tif
1488,124cf972f7d0bc89fce57aeba2941ceb,train,051,TUMMHCD-TEST-TRAIN/TUMMHCDtrain/train_051/mmhc52_230.tif
1488,124cf972f7d0bc89fce57aeba2941ceb,train,051,TUMMHCD-TEST-TRAIN/TUMMHCDtrain/train_051/mmhc52_1009.tif
1489,ead34c6d96896016526d40601248f770,train,051,TUMMHCD-TEST-TRAIN/TUMMHCDtrain/train_051/mmhc52_232.tif
1489,ead34c6d96896016526d40601248f770,train,051,TUMMHCD-TEST-TRAIN/TUMMHCDtrain/train_051/mmhc52_683.tif
1490,e1849d395440074254b69f4000479896,train,051,TUMMHCD-TEST-TRAIN/TUMMHCDtrain/train_051/mmhc52_242.tif
1490,e1849d395440074254b69f4000479896,train,051,TUMMHCD-TEST-TRAIN/TUMMHCDtrain/train_051/mmhc52_341.tif
1491,3c61e78b3f073bf37bba6968d1c8b808,train,051,TUMMHCD-TEST-TRAIN/TUMMHCDtrain/train_051/mmhc52_246.tif
1491,3c61e78b3f073bf37bba6968d1c8b808,train,051,TUMMHCD-TEST-TRAIN/TUMMHCDtrain/train_051/mmhc52_808.tif
1492,1f0cea7297684358468939c8ce5006e4,train,051,TUMMHCD-TEST-TRAIN/TUMMHCDtrain/train_051/mmhc52_248.tif
1492,1f0cea7297684358468939c8ce5006e4,train,051,TUMMHCD-TEST-TRAIN/TUMMHCDtrain/train_051/mmhc52_625.tif
1493,e8d70cd8b4ff405fcbde31450ff3ab8e,train,051,TUMMHCD-TEST-TRAIN/TUMMHCDtrain/train_051/mmhc52_251.tif
1493,e8d70cd8b4ff405fcbde31450ff3ab8e,train,051,TUMMHCD-TEST-TRAIN/TUMMHCDtrain/train_051/mmhc52_420.tif
1494,7e2ae023dd673fb76f7779a92b5f0f2a,train,051,TUMMHCD-TEST-TRAIN/TUMMHCDtrain/train_051/mmhc52_252.tif
1494,7e2ae023dd673fb76f7779a92b5f0f2a,train,051,TUMMHCD-TEST-TRAIN/TUMMHCDtrain/train_051/mmhc52_987.tif
1495,66722f2ae95e2c6f5b5e322c2f195cb3,train,051,TUMMHCD-TEST-TRAIN/TUMMHCDtrain/train_051/mmhc52_262.tif
1495,66722f2ae95e2c6f5b5e322c2f195cb3,train,051,TUMMHCD-TEST-TRAIN/TUMMHCDtrain/train_051/mmhc52_344.tif
1496,b42d29790773ae48cbf16d1a0a0b177c,train,051,TUMMHCD-TEST-TRAIN/TUMMHCDtrain/train_051/mmhc52_266.tif
1496,b42d29790773ae48cbf16d1a0a0b177c,train,051,TUMMHCD-TEST-TRAIN/TUMMHCDtrain/train_051/mmhc52_748.tif
1497,526042da22851a938861be5e0f67304a,train,051,TUMMHCD-TEST-TRAIN/TUMMHCDtrain/train_051/mmhc52_268.tif
1497,526042da22851a938861be5e0f67304a,train,051,TUMMHCD-TEST-TRAIN/TUMMHCDtrain/train_051/mmhc52_1097.tif
1498,f220fe571d61f44cdce65f5634f3e323,train,051,TUMMHCD-TEST-TRAIN/TUMMHCDtrain/train_051/mmhc52_269.tif
1498,f220fe571d61f44cdce65f5634f3e323,train,051,TUMMHCD-TEST-TRAIN/TUMMHCDtrain/train_051/mmhc52_740.tif
1499,84e9812dec5aae4baf20a9ad0d21cbe5,train,051,TUMMHCD-TEST-TRAIN/TUMMHCDtrain/train_051/mmhc52_278.tif
1499,84e9812dec5aae4baf20a9ad0d21cbe5,train,051,TUMMHCD-TEST-TRAIN/TUMMHCDtrain/train_051/mmhc52_996.tif
1500,a53643f3904988837d009d6eb55a16d6,train,051,TUMMHCD-TEST-TRAIN/TUMMHCDtrain/train_051/mmhc52_282.tif
1500,a53643f3904988837d009d6eb55a16d6,train,051,TUMMHCD-TEST-TRAIN/TUMMHCDtrain/train_051/mmhc52_603.tif
1501,0c79fb7a11b548ed9cb4b7e527a95802,train,051,TUMMHCD-TEST-TRAIN/TUMMHCDtrain/train_051/mmhc52_289.tif
1501,0c79fb7a11b548ed9cb4b7e527a95802,train,051,TUMMHCD-TEST-TRAIN/TUMMHCDtrain/train_051/mmhc52_681.tif
1502,78c0a5634120a2b337a5ba1bf970e03f,train,051,TUMMHCD-TEST-TRAIN/TUMMHCDtrain/train_051/mmhc52_314.tif
1502,78c0a5634120a2b337a5ba1bf970e03f,train,051,TUMMHCD-TEST-TRAIN/TUMMHCDtrain/train_051/mmhc52_803.tif
1503,c4df841ff57bdc6ba9ca5768762d4a51,train,051,TUMMHCD-TEST-TRAIN/TUMMHCDtrain/train_051/mmhc52_318.tif
1503,c4df841ff57bdc6ba9ca5768762d4a51,train,051,TUMMHCD-TEST-TRAIN/TUMMHCDtrain/train_051/mmhc52_1048.tif
1504,61da5cda0d8ead500aaba94126271209,train,051,TUMMHCD-TEST-TRAIN/TUMMHCDtrain/train_051/mmhc52_319.tif
1504,61da5cda0d8ead500aaba94126271209,train,051,TUMMHCD-TEST-TRAIN/TUMMHCDtrain/train_051/mmhc52_557.tif
1505,649735bf63367af3cdf20cf822b68f1e,train,051,TUMMHCD-TEST-TRAIN/TUMMHCDtrain/train_051/mmhc52_331.tif
1505,649735bf63367af3cdf20cf822b68f1e,train,051,TUMMHCD-TEST-TRAIN/TUMMHCDtrain/train_051/mmhc52_1034.tif
1506,12f0fce6b41b25e7b09d5b8003367725,train,051,TUMMHCD-TEST-TRAIN/TUMMHCDtrain/train_051/mmhc52_348.tif
1506,12f0fce6b41b25e7b09d5b8003367725,train,051,TUMMHCD-TEST-TRAIN/TUMMHCDtrain/train_051/mmhc52_780.tif
1507,e0ad5e3a233fd5670bf7e2542fde3f65,train,051,TUMMHCD-TEST-TRAIN/TUMMHCDtrain/train_051/mmhc52_355.tif
1507,e0ad5e3a233fd5670bf7e2542fde3f65,train,051,TUMMHCD-TEST-TRAIN/TUMMHCDtrain/train_051/mmhc52_1042.tif
1508,9f650b2f434e11393be8992546b184ac,train,051,TUMMHCD-TEST-TRAIN/TUMMHCDtrain/train_051/mmhc52_362.tif
1508,9f650b2f434e11393be8992546b184ac,train,051,TUMMHCD-TEST-TRAIN/TUMMHCDtrain/train_051/mmhc52_1007.tif
1509,8c0efa2c0e8aece1c91885ab9dd740fc,train,051,TUMMHCD-TEST-TRAIN/TUMMHCDtrain/train_051/mmhc52_363.tif
1509,8c0efa2c0e8aece1c91885ab9dd740fc,train,051,TUMMHCD-TEST-TRAIN/TUMMHCDtrain/train_051/mmhc52_412.tif
1510,bd064407ce0bd200d7d1a164cc646210,train,051,TUMMHCD-TEST-TRAIN/TUMMHCDtrain/train_051/mmhc52_365.tif
1510,bd064407ce0bd200d7d1a164cc646210,train,051,TUMMHCD-TEST-TRAIN/TUMMHCDtrain/train_051/mmhc52_1037.tif
1511,fc53a8b42e201ff8d86b083122f44989,train,051,TUMMHCD-TEST-TRAIN/TUMMHCDtrain/train_051/mmhc52_375.tif
1511,fc53a8b42e201ff8d86b083122f44989,train,051,TUMMHCD-TEST-TRAIN/TUMMHCDtrain/train_051/mmhc52_1179.tif
1512,1d7493d38b8e74a015f52c8eb8f5b4a6,train,051,TUMMHCD-TEST-TRAIN/TUMMHCDtrain/train_051/mmhc52_385.tif
1512,1d7493d38b8e74a015f52c8eb8f5b4a6,train,051,TUMMHCD-TEST-TRAIN/TUMMHCDtrain/train_051/mmhc52_668.tif
1513,8be0a8db53cc801b4b08f6a828f04b35,train,051,TUMMHCD-TEST-TRAIN/TUMMHCDtrain/train_051/mmhc52_390.tif
1513,8be0a8db53cc801b4b08f6a828f04b35,train,051,TUMMHCD-TEST-TRAIN/TUMMHCDtrain/train_051/mmhc52_503.tif
1514,6c5121c245c718e6d7d297971a021754,train,051,TUMMHCD-TEST-TRAIN/TUMMHCDtrain/train_051/mmhc52_393.tif
1514,6c5121c245c718e6d7d297971a021754,train,051,TUMMHCD-TEST-TRAIN/TUMMHCDtrain/train_051/mmhc52_563.tif
1515,babbfb3ac6abf5a12d4557b7d0b3a69e,train,051,TUMMHCD-TEST-TRAIN/TUMMHCDtrain/train_051/mmhc52_397.tif
1515,babbfb3ac6abf5a12d4557b7d0b3a69e,train,051,TUMMHCD-TEST-TRAIN/TUMMHCDtrain/train_051/mmhc52_671.tif
1516,4576e7510be813936dea634e9294c079,train,051,TUMMHCD-TEST-TRAIN/TUMMHCDtrain/train_051/mmhc52_400.tif
1516,4576e7510be813936dea634e9294c079,train,051,TUMMHCD-TEST-TRAIN/TUMMHCDtrain/train_051/mmhc52_598.tif
1517,9ae2297edd0017c19eda89e63f6ef134,train,051,TUMMHCD-TEST-TRAIN/TUMMHCDtrain/train_051/mmhc52_401.tif
1517,9ae2297edd0017c19eda89e63f6ef134,train,051,TUMMHCD-TEST-TRAIN/TUMMHCDtrain/train_051/mmhc52_1144.tif
1518,089465eeb3178b46e175e491684365a4,train,051,TUMMHCD-TEST-TRAIN/TUMMHCDtrain/train_051/mmhc52_402.tif
1518,089465eeb3178b46e175e491684365a4,train,051,TUMMHCD-TEST-TRAIN/TUMMHCDtrain/train_051/mmhc52_551.tif
1519,dd0d076f9005758d64add12d20fd8378,train,051,TUMMHCD-TEST-TRAIN/TUMMHCDtrain/train_051/mmhc52_405.tif
1519,dd0d076f9005758d64add12d20fd8378,train,051,TUMMHCD-TEST-TRAIN/TUMMHCDtrain/train_051/mmhc52_1045.tif
1520,fa6e7b3e608a1023563f67dccac2ebb8,train,051,TUMMHCD-TEST-TRAIN/TUMMHCDtrain/train_051/mmhc52_409.tif
1520,fa6e7b3e608a1023563f67dccac2ebb8,train,051,TUMMHCD-TEST-TRAIN/TUMMHCDtrain/train_051/mmhc52_914.tif
1521,84f176616d2666deef3465e8ee35340f,train,051,TUMMHCD-TEST-TRAIN/TUMMHCDtrain/train_051/mmhc52_425.tif
1521,84f176616d2666deef3465e8ee35340f,train,051,TUMMHCD-TEST-TRAIN/TUMMHCDtrain/train_051/mmhc52_693.tif
1522,5e35ac8a0aef21c2b8cd1651f360bebe,train,051,TUMMHCD-TEST-TRAIN/TUMMHCDtrain/train_051/mmhc52_436.tif
1522,5e35ac8a0aef21c2b8cd1651f360bebe,train,051,TUMMHCD-TEST-TRAIN/TUMMHCDtrain/train_051/mmhc52_1227.tif
1523,3605551c2116c605692e4b4bb6871667,train,051,TUMMHCD-TEST-TRAIN/TUMMHCDtrain/train_051/mmhc52_452.tif
1523,3605551c2116c605692e4b4bb6871667,train,051,TUMMHCD-TEST-TRAIN/TUMMHCDtrain/train_051/mmhc52_809.tif
1524,334d5f488acf21e36544afa954a9ffe4,train,051,TUMMHCD-TEST-TRAIN/TUMMHCDtrain/train_051/mmhc52_463.tif
1524,334d5f488acf21e36544afa954a9ffe4,train,051,TUMMHCD-TEST-TRAIN/TUMMHCDtrain/train_051/mmhc52_610.tif
1525,5b8985d4edec1effccb2adfbf5cd10e3,train,051,TUMMHCD-TEST-TRAIN/TUMMHCDtrain/train_051/mmhc52_479.tif
1525,5b8985d4edec1effccb2adfbf5cd10e3,train,051,TUMMHCD-TEST-TRAIN/TUMMHCDtrain/train_051/mmhc52_1112.tif
1526,a047732e12265e3702b0e460bcc6aa1a,train,051,TUMMHCD-TEST-TRAIN/TUMMHCDtrain/train_051/mmhc52_485.tif
1526,a047732e12265e3702b0e460bcc6aa1a,train,051,TUMMHCD-TEST-TRAIN/TUMMHCDtrain/train_051/mmhc52_710.tif
1527,df1196e5275ec85afd635d46603f1eb4,train,051,TUMMHCD-TEST-TRAIN/TUMMHCDtrain/train_051/mmhc52_486.tif
1527,df1196e5275ec85afd635d46603f1eb4,train,051,TUMMHCD-TEST-TRAIN/TUMMHCDtrain/train_051/mmhc52_1043.tif
1528,349428fbd95f526805699508c61db648,train,051,TUMMHCD-TEST-TRAIN/TUMMHCDtrain/train_051/mmhc52_487.tif
1528,349428fbd95f526805699508c61db648,train,051,TUMMHCD-TEST-TRAIN/TUMMHCDtrain/train_051/mmhc52_684.tif
1529,2463b4e87c6342d049db977046f7c5e1,train,051,TUMMHCD-TEST-TRAIN/TUMMHCDtrain/train_051/mmhc52_489.tif
1529,2463b4e87c6342d049db977046f7c5e1,train,051,TUMMHCD-TEST-TRAIN/TUMMHCDtrain/train_051/mmhc52_1218.tif
1530,da0656d7e37be99e19685630d330fb25,train,051,TUMMHCD-TEST-TRAIN/TUMMHCDtrain/train_051/mmhc52_490.tif
1530,da0656d7e37be99e19685630d330fb25,train,051,TUMMHCD-TEST-TRAIN/TUMMHCDtrain/train_051/mmhc52_511.tif
1531,6de472bdba36b8e138b4852962c5f9c0,train,051,TUMMHCD-TEST-TRAIN/TUMMHCDtrain/train_051/mmhc52_497.tif
1531,6de472bdba36b8e138b4852962c5f9c0,train,051,TUMMHCD-TEST-TRAIN/TUMMHCDtrain/train_051/mmhc52_541.tif
1532,c5c79b0a666ca5dc5f5f030904b997fb,train,051,TUMMHCD-TEST-TRAIN/TUMMHCDtrain/train_051/mmhc52_515.tif
1532,c5c79b0a666ca5dc5f5f030904b997fb,train,051,TUMMHCD-TEST-TRAIN/TUMMHCDtrain/train_051/mmhc52_1237.tif
1533,403c3a95d645f0a262949a169e5fe4c3,train,051,TUMMHCD-TEST-TRAIN/TUMMHCDtrain/train_051/mmhc52_521.tif
1533,403c3a95d645f0a262949a169e5fe4c3,train,051,TUMMHCD-TEST-TRAIN/TUMMHCDtrain/train_051/mmhc52_810.tif
1534,6b142a89c463ab7df5805f72b5d80ede,train,051,TUMMHCD-TEST-TRAIN/TUMMHCDtrain/train_051/mmhc52_539.tif
1534,6b142a89c463ab7df5805f72b5d80ede,train,051,TUMMHCD-TEST-TRAIN/TUMMHCDtrain/train_051/mmhc52_729.tif
1535,f6f118486fc1d3ba4ea47e1a8e50dc96,train,051,TUMMHCD-TEST-TRAIN/TUMMHCDtrain/train_051/mmhc52_543.tif
1535,f6f118486fc1d3ba4ea47e1a8e50dc96,train,051,TUMMHCD-TEST-TRAIN/TUMMHCDtrain/train_051/mmhc52_575.tif
1536,10c13e54cff1a96dcf0d1d7e7887260e,train,051,TUMMHCD-TEST-TRAIN/TUMMHCDtrain/train_051/mmhc52_545.tif
1536,10c13e54cff1a96dcf0d1d7e7887260e,train,051,TUMMHCD-TEST-TRAIN/TUMMHCDtrain/train_051/mmhc52_1020.tif
1537,e4520cde9f7b7e50ed6cb2e6412d1b26,train,051,TUMMHCD-TEST-TRAIN/TUMMHCDtrain/train_051/mmhc52_546.tif
1537,e4520cde9f7b7e50ed6cb2e6412d1b26,train,051,TUMMHCD-TEST-TRAIN/TUMMHCDtrain/train_051/mmhc52_1154.tif
1538,8329a00a9dbe97697ff7e2ea92195e1a,train,051,TUMMHCD-TEST-TRAIN/TUMMHCDtrain/train_051/mmhc52_549.tif
1538,8329a00a9dbe97697ff7e2ea92195e1a,train,051,TUMMHCD-TEST-TRAIN/TUMMHCDtrain/train_051/mmhc52_864.tif
1539,5d46d91ccbf237d620d75eaf4cc17364,train,051,TUMMHCD-TEST-TRAIN/TUMMHCDtrain/train_051/mmhc52_565.tif
1539,5d46d91ccbf237d620d75eaf4cc17364,train,051,TUMMHCD-TEST-TRAIN/TUMMHCDtrain/train_051/mmhc52_970.tif
1540,815b0ee1cafd6804b3ed8707a13ad279,train,051,TUMMHCD-TEST-TRAIN/TUMMHCDtrain/train_051/mmhc52_574.tif
1540,815b0ee1cafd6804b3ed8707a13ad279,train,051,TUMMHCD-TEST-TRAIN/TUMMHCDtrain/train_051/mmhc52_857.tif
1541,a0e4b9c3ce748606a72f1ecf7047b952,train,051,TUMMHCD-TEST-TRAIN/TUMMHCDtrain/train_051/mmhc52_581.tif
1541,a0e4b9c3ce748606a72f1ecf7047b952,train,051,TUMMHCD-TEST-TRAIN/TUMMHCDtrain/train_051/mmhc52_675.tif
1542,30dfffe43eae1c48d5a8366027b67fcd,train,051,TUMMHCD-TEST-TRAIN/TUMMHCDtrain/train_051/mmhc52_588.tif
1542,30dfffe43eae1c48d5a8366027b67fcd,train,051,TUMMHCD-TEST-TRAIN/TUMMHCDtrain/train_051/mmhc52_994.tif
1543,4c2da367e303d9841c8bc57d2b6fe199,train,051,TUMMHCD-TEST-TRAIN/TUMMHCDtrain/train_051/mmhc52_605.tif
1543,4c2da367e303d9841c8bc57d2b6fe199,train,051,TUMMHCD-TEST-TRAIN/TUMMHCDtrain/train_051/mmhc52_1216.tif
1544,e011c1edfd2e7e51f297fce5324b8d0d,train,051,TUMMHCD-TEST-TRAIN/TUMMHCDtrain/train_051/mmhc52_607.tif
1544,e011c1edfd2e7e51f297fce5324b8d0d,train,051,TUMMHCD-TEST-TRAIN/TUMMHCDtrain/train_051/mmhc52_738.tif
1545,d30042795e66ed801faa0358dfb5d169,train,051,TUMMHCD-TEST-TRAIN/TUMMHCDtrain/train_051/mmhc52_609.tif
1545,d30042795e66ed801faa0358dfb5d169,train,051,TUMMHCD-TEST-TRAIN/TUMMHCDtrain/train_051/mmhc52_1235.tif
1546,aa00b3880bec06c48b8606a54fd4d39f,train,051,TUMMHCD-TEST-TRAIN/TUMMHCDtrain/train_051/mmhc52_621.tif
1546,aa00b3880bec06c48b8606a54fd4d39f,train,051,TUMMHCD-TEST-TRAIN/TUMMHCDtrain/train_051/mmhc52_828.tif
1547,bf81827794bcce1e9e2b3278efc996d6,train,051,TUMMHCD-TEST-TRAIN/TUMMHCDtrain/train_051/mmhc52_627.tif
1547,bf81827794bcce1e9e2b3278efc996d6,train,051,TUMMHCD-TEST-TRAIN/TUMMHCDtrain/train_051/mmhc52_703.tif
1548,452e6cc9baa414d3c8b592efaba5f375,train,051,TUMMHCD-TEST-TRAIN/TUMMHCDtrain/train_051/mmhc52_640.tif
1548,452e6cc9baa414d3c8b592efaba5f375,train,051,TUMMHCD-TEST-TRAIN/TUMMHCDtrain/train_051/mmhc52_872.tif
1549,899cd28eb272469be54d1c4c38951c32,train,051,TUMMHCD-TEST-TRAIN/TUMMHCDtrain/train_051/mmhc52_647.tif
1549,899cd28eb272469be54d1c4c38951c32,train,051,TUMMHCD-TEST-TRAIN/TUMMHCDtrain/train_051/mmhc52_669.tif
1550,3eb89896c45f23dc47b03fb295d41a14,train,051,TUMMHCD-TEST-TRAIN/TUMMHCDtrain/train_051/mmhc52_653.tif
1550,3eb89896c45f23dc47b03fb295d41a14,train,051,TUMMHCD-TEST-TRAIN/TUMMHCDtrain/train_051/mmhc52_702.tif
1551,96bb3fb37a41ff4ee52310f778cec7d5,train,051,TUMMHCD-TEST-TRAIN/TUMMHCDtrain/train_051/mmhc52_659.tif
1551,96bb3fb37a41ff4ee52310f778cec7d5,train,051,TUMMHCD-TEST-TRAIN/TUMMHCDtrain/train_051/mmhc52_889.tif
1552,55dc3e86130b69058641d7e22fd19de4,train,051,TUMMHCD-TEST-TRAIN/TUMMHCDtrain/train_051/mmhc52_666.tif
1552,55dc3e86130b69058641d7e22fd19de4,train,051,TUMMHCD-TEST-TRAIN/TUMMHCDtrain/train_051/mmhc52_1212.tif
1553,dea6d7b2760ad4f46b4c690c46d3646f,train,051,TUMMHCD-TEST-TRAIN/TUMMHCDtrain/train_051/mmhc52_677.tif
1553,dea6d7b2760ad4f46b4c690c46d3646f,train,051,TUMMHCD-TEST-TRAIN/TUMMHCDtrain/train_051/mmhc52_679.tif
1554,c64e70f3f480775052e8e030eea28a05,train,051,TUMMHCD-TEST-TRAIN/TUMMHCDtrain/train_051/mmhc52_688.tif
1554,c64e70f3f480775052e8e030eea28a05,train,051,TUMMHCD-TEST-TRAIN/TUMMHCDtrain/train_051/mmhc52_1225.tif
1555,4c3f5c8108ed11b5d81235f5b9eeacd5,train,051,TUMMHCD-TEST-TRAIN/TUMMHCDtrain/train_051/mmhc52_697.tif
1555,4c3f5c8108ed11b5d81235f5b9eeacd5,train,051,TUMMHCD-TEST-TRAIN/TUMMHCDtrain/train_051/mmhc52_1106.tif
1556,de7da4f14f86498a3c122d2d3f47851b,train,051,TUMMHCD-TEST-TRAIN/TUMMHCDtrain/train_051/mmhc52_716.tif
1556,de7da4f14f86498a3c122d2d3f47851b,train,051,TUMMHCD-TEST-TRAIN/TUMMHCDtrain/train_051/mmhc52_1192.tif
1557,99de4cb3486f659d6f62e3779d5383cb,train,051,TUMMHCD-TEST-TRAIN/TUMMHCDtrain/train_051/mmhc52_723.tif
1557,99de4cb3486f659d6f62e3779d5383cb,train,051,TUMMHCD-TEST-TRAIN/TUMMHCDtrain/train_051/mmhc52_777.tif
1558,b7bd0e1cccd453825926aa42305a41b1,train,051,TUMMHCD-TEST-TRAIN/TUMMHCDtrain/train_051/mmhc52_726.tif
1558,b7bd0e1cccd453825926aa42305a41b1,train,051,TUMMHCD-TEST-TRAIN/TUMMHCDtrain/train_051/mmhc52_1114.tif
1559,9d8b5e5752091d67fc8d7d85dd5afa0b,train,051,TUMMHCD-TEST-TRAIN/TUMMHCDtrain/train_051/mmhc52_745.tif
1559,9d8b5e5752091d67fc8d7d85dd5afa0b,train,051,TUMMHCD-TEST-TRAIN/TUMMHCDtrain/train_051/mmhc52_854.tif
1560,f53bca9dd6825d5eab4a723113182f87,train,051,TUMMHCD-TEST-TRAIN/TUMMHCDtrain/train_051/mmhc52_747.tif
1560,f53bca9dd6825d5eab4a723113182f87,train,051,TUMMHCD-TEST-TRAIN/TUMMHCDtrain/train_051/mmhc52_1193.tif
1561,593bee5a53a31212e18afa3295de78d5,train,051,TUMMHCD-TEST-TRAIN/TUMMHCDtrain/train_051/mmhc52_767.tif
1561,593bee5a53a31212e18afa3295de78d5,train,051,TUMMHCD-TEST-TRAIN/TUMMHCDtrain/train_051/mmhc52_1120.tif
1562,7575adf1e828e228a2c679c0997d7b90,train,051,TUMMHCD-TEST-TRAIN/TUMMHCDtrain/train_051/mmhc52_782.tif
1562,7575adf1e828e228a2c679c0997d7b90,train,051,TUMMHCD-TEST-TRAIN/TUMMHCDtrain/train_051/mmhc52_1137.tif
1563,50c42a6dce1f3c359ddef5aed52b6ada,train,051,TUMMHCD-TEST-TRAIN/TUMMHCDtrain/train_051/mmhc52_784.tif
1563,50c42a6dce1f3c359ddef5aed52b6ada,train,051,TUMMHCD-TEST-TRAIN/TUMMHCDtrain/train_051/mmhc52_863.tif
1564,390987474e388a5b3379ff9c3a2a0ca3,train,051,TUMMHCD-TEST-TRAIN/TUMMHCDtrain/train_051/mmhc52_786.tif
1564,390987474e388a5b3379ff9c3a2a0ca3,train,051,TUMMHCD-TEST-TRAIN/TUMMHCDtrain/train_051/mmhc52_1090.tif
1565,56f5cde93ebebabda15834d285412724,train,051,TUMMHCD-TEST-TRAIN/TUMMHCDtrain/train_051/mmhc52_790.tif
1565,56f5cde93ebebabda15834d285412724,train,051,TUMMHCD-TEST-TRAIN/TUMMHCDtrain/train_051/mmhc52_1152.tif
1566,c009c44bd8de18a69152a5f3cd24acef,train,051,TUMMHCD-TEST-TRAIN/TUMMHCDtrain/train_051/mmhc52_812.tif
1566,c009c44bd8de18a69152a5f3cd24acef,train,051,TUMMHCD-TEST-TRAIN/TUMMHCDtrain/train_051/mmhc52_909.tif
1567,e3ab954ca3de41708d5b9549c443e475,train,051,TUMMHCD-TEST-TRAIN/TUMMHCDtrain/train_051/mmhc52_815.tif
1567,e3ab954ca3de41708d5b9549c443e475,train,051,TUMMHCD-TEST-TRAIN/TUMMHCDtrain/train_051/mmhc52_1032.tif
1568,22449515be2b5de512ea35827f37b053,train,051,TUMMHCD-TEST-TRAIN/TUMMHCDtrain/train_051/mmhc52_818.tif
1568,22449515be2b5de512ea35827f37b053,train,051,TUMMHCD-TEST-TRAIN/TUMMHCDtrain/train_051/mmhc52_1199.tif
1569,5d42ebb349cf3d17abbb71d6f9b864ab,train,051,TUMMHCD-TEST-TRAIN/TUMMHCDtrain/train_051/mmhc52_829.tif
1569,5d42ebb349cf3d17abbb71d6f9b864ab,train,051,TUMMHCD-TEST-TRAIN/TUMMHCDtrain/train_051/mmhc52_1064.tif
1570,634defd6dc284e24521eab97d1e18465,train,051,TUMMHCD-TEST-TRAIN/TUMMHCDtrain/train_051/mmhc52_840.tif
1570,634defd6dc284e24521eab97d1e18465,train,051,TUMMHCD-TEST-TRAIN/TUMMHCDtrain/train_051/mmhc52_1038.tif
1571,45ecb75e5d2badda4209e44d238646f3,train,051,TUMMHCD-TEST-TRAIN/TUMMHCDtrain/train_051/mmhc52_844.tif
1571,45ecb75e5d2badda4209e44d238646f3,train,051,TUMMHCD-TEST-TRAIN/TUMMHCDtrain/train_051/mmhc52_1074.tif
1572,6dc024e2f76d2ec8a5dd7f5fdbe6fad2,train,051,TUMMHCD-TEST-TRAIN/TUMMHCDtrain/train_051/mmhc52_862.tif
1572,6dc024e2f76d2ec8a5dd7f5fdbe6fad2,train,051,TUMMHCD-TEST-TRAIN/TUMMHCDtrain/train_051/mmhc52_1201.tif
1573,c19cda7dd06e46695c517e04d47556c8,train,051,TUMMHCD-TEST-TRAIN/TUMMHCDtrain/train_051/mmhc52_874.tif
1573,c19cda7dd06e46695c517e04d47556c8,train,051,TUMMHCD-TEST-TRAIN/TUMMHCDtrain/train_051/mmhc52_912.tif
1574,027be42fb531dac53d4e687539091154,train,051,TUMMHCD-TEST-TRAIN/TUMMHCDtrain/train_051/mmhc52_892.tif
1574,027be42fb531dac53d4e687539091154,train,051,TUMMHCD-TEST-TRAIN/TUMMHCDtrain/train_051/mmhc52_1207.tif
1575,a0af6ea59005dc2a168ac462258a1c5d,train,051,TUMMHCD-TEST-TRAIN/TUMMHCDtrain/train_051/mmhc52_901.tif
1575,a0af6ea59005dc2a168ac462258a1c5d,train,051,TUMMHCD-TEST-TRAIN/TUMMHCDtrain/train_051/mmhc52_1031.tif
1576,12c8671f3908ebfa7cb5fbb92c20ae31,train,051,TUMMHCD-TEST-TRAIN/TUMMHCDtrain/train_051/mmhc52_907.tif
1576,12c8671f3908ebfa7cb5fbb92c20ae31,train,051,TUMMHCD-TEST-TRAIN/TUMMHCDtrain/train_051/mmhc52_947.tif
1577,6b76eee61cf11d539d985cf1f188a8bb,train,051,TUMMHCD-TEST-TRAIN/TUMMHCDtrain/train_051/mmhc52_908.tif
1577,6b76eee61cf11d539d985cf1f188a8bb,train,051,TUMMHCD-TEST-TRAIN/TUMMHCDtrain/train_051/mmhc52_1184.tif
1578,c18f466a14e020688fdc8b0bc01a1212,train,051,TUMMHCD-TEST-TRAIN/TUMMHCDtrain/train_051/mmhc52_915.tif
1578,c18f466a14e020688fdc8b0bc01a1212,train,051,TUMMHCD-TEST-TRAIN/TUMMHCDtrain/train_051/mmhc52_1091.tif
1579,aa44fc8aa43b897bdb602f0abf73d622,train,051,TUMMHCD-TEST-TRAIN/TUMMHCDtrain/train_051/mmhc52_931.tif
1579,aa44fc8aa43b897bdb602f0abf73d622,train,051,TUMMHCD-TEST-TRAIN/TUMMHCDtrain/train_051/mmhc52_957.tif
1580,0b3d8dbb8fda9689bb9ee43ba8cc2b28,train,051,TUMMHCD-TEST-TRAIN/TUMMHCDtrain/train_051/mmhc52_940.tif
1580,0b3d8dbb8fda9689bb9ee43ba8cc2b28,train,051,TUMMHCD-TEST-TRAIN/TUMMHCDtrain/train_051/mmhc52_959.tif
1581,1efccf3532f838d5cffe7b123b59eafb,train,051,TUMMHCD-TEST-TRAIN/TUMMHCDtrain/train_051/mmhc52_978.tif
1581,1efccf3532f838d5cffe7b123b59eafb,train,051,TUMMHCD-TEST-TRAIN/TUMMHCDtrain/train_051/mmhc52_1145.tif
1582,1b334722ecc48c49f18e0317315c6b37,train,051,TUMMHCD-TEST-TRAIN/TUMMHCDtrain/train_051/mmhc52_983.tif
1582,1b334722ecc48c49f18e0317315c6b37,train,051,TUMMHCD-TEST-TRAIN/TUMMHCDtrain/train_051/mmhc52_1233.tif
1583,0758ba5f4176b53d1d72859b1dd182ee,train,051,TUMMHCD-TEST-TRAIN/TUMMHCDtrain/train_051/mmhc52_992.tif
1583,0758ba5f4176b53d1d72859b1dd182ee,train,051,TUMMHCD-TEST-TRAIN/TUMMHCDtrain/train_051/mmhc52_1206.tif
1584,cf1f0aba4d41bb30c1d74cd2a0a58135,train,051,TUMMHCD-TEST-TRAIN/TUMMHCDtrain/train_051/mmhc52_1013.tif
1584,cf1f0aba4d41bb30c1d74cd2a0a58135,train,051,TUMMHCD-TEST-TRAIN/TUMMHCDtrain/train_051/mmhc52_1197.tif
1585,69a51abcdb65092aced7e62157593a81,train,051,TUMMHCD-TEST-TRAIN/TUMMHCDtrain/train_051/mmhc52_1015.tif
1585,69a51abcdb65092aced7e62157593a81,train,051,TUMMHCD-TEST-TRAIN/TUMMHCDtrain/train_051/mmhc52_1211.tif
1586,795bfb9604c60895706a54f329ea735f,train,051,TUMMHCD-TEST-TRAIN/TUMMHCDtrain/train_051/mmhc52_1104.tif
1586,795bfb9604c60895706a54f329ea735f,train,051,TUMMHCD-TEST-TRAIN/TUMMHCDtrain/train_051/mmhc52_1125.tif
1587,9f30c06619b22ed06636e8b89c075c10,train,052,TUMMHCD-TEST-TRAIN/TUMMHCDtrain/train_052/mmhc53_24.tif
1587,9f30c06619b22ed06636e8b89c075c10,train,052,TUMMHCD-TEST-TRAIN/TUMMHCDtrain/train_052/mmhc53_425.tif
1588,abc236c45bd52fe4772248e30d7598de,train,052,TUMMHCD-TEST-TRAIN/TUMMHCDtrain/train_052/mmhc53_261.tif
1588,abc236c45bd52fe4772248e30d7598de,train,052,TUMMHCD-TEST-TRAIN/TUMMHCDtrain/train_052/mmhc53_890.tif
1589,2e00059fb329164e619916ff08d7d8fb,train,053,TUMMHCD-TEST-TRAIN/TUMMHCDtrain/train_053/mmhc54_214.tif
1589,2e00059fb329164e619916ff08d7d8fb,train,053,TUMMHCD-TEST-TRAIN/TUMMHCDtrain/train_053/mmhc54_383.tif
1590,6964fc2aa5dc0848eda31d39990e4566,train,054,TUMMHCD-TEST-TRAIN/TUMMHCDtrain/train_054/mmhc55_4.tif
1590,6964fc2aa5dc0848eda31d39990e4566,train,054,TUMMHCD-TEST-TRAIN/TUMMHCDtrain/train_054/mmhc55_921.tif
1591,51f5ed66c918ce4a92231b26ad10972f,train,054,TUMMHCD-TEST-TRAIN/TUMMHCDtrain/train_054/mmhc55_11.tif
1591,51f5ed66c918ce4a92231b26ad10972f,train,054,TUMMHCD-TEST-TRAIN/TUMMHCDtrain/train_054/mmhc55_1050.tif
1592,0a36c68dbb585c9cc287ffc095ac7526,train,054,TUMMHCD-TEST-TRAIN/TUMMHCDtrain/train_054/mmhc55_12.tif
1592,0a36c68dbb585c9cc287ffc095ac7526,train,054,TUMMHCD-TEST-TRAIN/TUMMHCDtrain/train_054/mmhc55_1159.tif
1593,a7cfc4fbb293ce044e8100d891714a2a,train,054,TUMMHCD-TEST-TRAIN/TUMMHCDtrain/train_054/mmhc55_18.tif
1593,a7cfc4fbb293ce044e8100d891714a2a,train,054,TUMMHCD-TEST-TRAIN/TUMMHCDtrain/train_054/mmhc55_435.tif
1594,9b6a3857ad667a7ca539785ba2e7c72e,train,054,TUMMHCD-TEST-TRAIN/TUMMHCDtrain/train_054/mmhc55_20.tif
1594,9b6a3857ad667a7ca539785ba2e7c72e,train,054,TUMMHCD-TEST-TRAIN/TUMMHCDtrain/train_054/mmhc55_585.tif
1595,81e350c4dc3f547f435b1cbaabe5760e,train,054,TUMMHCD-TEST-TRAIN/TUMMHCDtrain/train_054/mmhc55_26.tif
1595,81e350c4dc3f547f435b1cbaabe5760e,train,054,TUMMHCD-TEST-TRAIN/TUMMHCDtrain/train_054/mmhc55_479.tif
1596,6c457025024685891ee197769ae210cd,train,054,TUMMHCD-TEST-TRAIN/TUMMHCDtrain/train_054/mmhc55_34.tif
1596,6c457025024685891ee197769ae210cd,train,054,TUMMHCD-TEST-TRAIN/TUMMHCDtrain/train_054/mmhc55_1132.tif
1597,f8a4748127e0e5354b382901db7f1680,train,054,TUMMHCD-TEST-TRAIN/TUMMHCDtrain/train_054/mmhc55_38.tif
1597,f8a4748127e0e5354b382901db7f1680,train,054,TUMMHCD-TEST-TRAIN/TUMMHCDtrain/train_054/mmhc55_384.tif
1598,49840d4e691eda4a0152bcf594680e66,train,054,TUMMHCD-TEST-TRAIN/TUMMHCDtrain/train_054/mmhc55_41.tif
1598,49840d4e691eda4a0152bcf594680e66,train,054,TUMMHCD-TEST-TRAIN/TUMMHCDtrain/train_054/mmhc55_986.tif
1599,b9fcb44b706ed830b403dba238dddb38,train,054,TUMMHCD-TEST-TRAIN/TUMMHCDtrain/train_054/mmhc55_42.tif
1599,b9fcb44b706ed830b403dba238dddb38,train,054,TUMMHCD-TEST-TRAIN/TUMMHCDtrain/train_054/mmhc55_607.tif
1600,981984a220b9f5b250eff09cd85f65f9,train,054,TUMMHCD-TEST-TRAIN/TUMMHCDtrain/train_054/mmhc55_43.tif
1600,981984a220b9f5b250eff09cd85f65f9,train,054,TUMMHCD-TEST-TRAIN/TUMMHCDtrain/train_054/mmhc55_789.tif
1601,d86607ce186ddb12c691a76e0c60bd35,train,054,TUMMHCD-TEST-TRAIN/TUMMHCDtrain/train_054/mmhc55_51.tif
1601,d86607ce186ddb12c691a76e0c60bd35,train,054,TUMMHCD-TEST-TRAIN/TUMMHCDtrain/train_054/mmhc55_1133.tif
1602,f01ceb1da5f5de3c8d60c577b89fb1a2,train,054,TUMMHCD-TEST-TRAIN/TUMMHCDtrain/train_054/mmhc55_54.tif
1602,f01ceb1da5f5de3c8d60c577b89fb1a2,train,054,TUMMHCD-TEST-TRAIN/TUMMHCDtrain/train_054/mmhc55_740.tif
1603,0860d02d4209ac8463c36d93845fd3ba,train,054,TUMMHCD-TEST-TRAIN/TUMMHCDtrain/train_054/mmhc55_56.tif
1603,0860d02d4209ac8463c36d93845fd3ba,train,054,TUMMHCD-TEST-TRAIN/TUMMHCDtrain/train_054/mmhc55_931.tif
1604,793f15d1539edc6b8d1835df7d058486,train,054,TUMMHCD-TEST-TRAIN/TUMMHCDtrain/train_054/mmhc55_58.tif
1604,793f15d1539edc6b8d1835df7d058486,train,054,TUMMHCD-TEST-TRAIN/TUMMHCDtrain/train_054/mmhc55_1069.tif
1605,36e8b597f650293c7e2c16442787cf65,train,054,TUMMHCD-TEST-TRAIN/TUMMHCDtrain/train_054/mmhc55_59.tif
1605,36e8b597f650293c7e2c16442787cf65,train,054,TUMMHCD-TEST-TRAIN/TUMMHCDtrain/train_054/mmhc55_597.tif
1606,ed5333766ccf164e2e8e33f4931a2a4c,train,054,TUMMHCD-TEST-TRAIN/TUMMHCDtrain/train_054/mmhc55_64.tif
1606,ed5333766ccf164e2e8e33f4931a2a4c,train,054,TUMMHCD-TEST-TRAIN/TUMMHCDtrain/train_054/mmhc55_289.tif
1607,ab5e64ff14996741044f5625184c72ed,train,054,TUMMHCD-TEST-TRAIN/TUMMHCDtrain/train_054/mmhc55_68.tif
1607,ab5e64ff14996741044f5625184c72ed,train,054,TUMMHCD-TEST-TRAIN/TUMMHCDtrain/train_054/mmhc55_683.tif
1608,cd3b6c740588239ab72c2e9d4e18174e,train,054,TUMMHCD-TEST-TRAIN/TUMMHCDtrain/train_054/mmhc55_71.tif
1608,cd3b6c740588239ab72c2e9d4e18174e,train,054,TUMMHCD-TEST-TRAIN/TUMMHCDtrain/train_054/mmhc55_303.tif
1609,95a9fe95632353cba0a1699c78d03dd5,train,054,TUMMHCD-TEST-TRAIN/TUMMHCDtrain/train_054/mmhc55_75.tif
1609,95a9fe95632353cba0a1699c78d03dd5,train,054,TUMMHCD-TEST-TRAIN/TUMMHCDtrain/train_054/mmhc55_853.tif
1610,c5b1c531f2e5d868573d622806442571,train,054,TUMMHCD-TEST-TRAIN/TUMMHCDtrain/train_054/mmhc55_77.tif
1610,c5b1c531f2e5d868573d622806442571,train,054,TUMMHCD-TEST-TRAIN/TUMMHCDtrain/train_054/mmhc55_1030.tif
1611,3680854fd34cb12e56d75e83871588a1,train,054,TUMMHCD-TEST-TRAIN/TUMMHCDtrain/train_054/mmhc55_86.tif
1611,3680854fd34cb12e56d75e83871588a1,train,054,TUMMHCD-TEST-TRAIN/TUMMHCDtrain/train_054/mmhc55_458.tif
1612,6ceea430ba00e285d347b050a9fe7e37,train,054,TUMMHCD-TEST-TRAIN/TUMMHCDtrain/train_054/mmhc55_87.tif
1612,6ceea430ba00e285d347b050a9fe7e37,train,054,TUMMHCD-TEST-TRAIN/TUMMHCDtrain/train_054/mmhc55_472.tif
1613,83a361e1568e8ac74f9a538c49ff780a,train,054,TUMMHCD-TEST-TRAIN/TUMMHCDtrain/train_054/mmhc55_94.tif
1613,83a361e1568e8ac74f9a538c49ff780a,train,054,TUMMHCD-TEST-TRAIN/TUMMHCDtrain/train_054/mmhc55_539.tif
1614,eb74f48cf1093039b9fc9839db7e9299,train,054,TUMMHCD-TEST-TRAIN/TUMMHCDtrain/train_054/mmhc55_98.tif
1614,eb74f48cf1093039b9fc9839db7e9299,train,054,TUMMHCD-TEST-TRAIN/TUMMHCDtrain/train_054/mmhc55_379.tif
1615,69436db5e87e1f65f23efd4f43825e71,train,054,TUMMHCD-TEST-TRAIN/TUMMHCDtrain/train_054/mmhc55_101.tif
1615,69436db5e87e1f65f23efd4f43825e71,train,054,TUMMHCD-TEST-TRAIN/TUMMHCDtrain/train_054/mmhc55_474.tif
1616,c446c2491586115c8755f77ea49a4243,train,054,TUMMHCD-TEST-TRAIN/TUMMHCDtrain/train_054/mmhc55_103.tif
1616,c446c2491586115c8755f77ea49a4243,train,054,TUMMHCD-TEST-TRAIN/TUMMHCDtrain/train_054/mmhc55_614.tif
1617,b51e3b14fcfd39d185a5f9ad0dd6cc25,train,054,TUMMHCD-TEST-TRAIN/TUMMHCDtrain/train_054/mmhc55_110.tif
1617,b51e3b14fcfd39d185a5f9ad0dd6cc25,train,054,TUMMHCD-TEST-TRAIN/TUMMHCDtrain/train_054/mmhc55_257.tif
1618,c15404d70a060f0ab0597d4563c2211a,train,054,TUMMHCD-TEST-TRAIN/TUMMHCDtrain/train_054/mmhc55_113.tif
1618,c15404d70a060f0ab0597d4563c2211a,train,054,TUMMHCD-TEST-TRAIN/TUMMHCDtrain/train_054/mmhc55_410.tif
1619,27e26133ead494e424bf9426938a33c0,train,054,TUMMHCD-TEST-TRAIN/TUMMHCDtrain/train_054/mmhc55_114.tif
1619,27e26133ead494e424bf9426938a33c0,train,054,TUMMHCD-TEST-TRAIN/TUMMHCDtrain/train_054/mmhc55_533.tif
1620,59e0a8f8008bea0458193b7062487fe3,train,054,TUMMHCD-TEST-TRAIN/TUMMHCDtrain/train_054/mmhc55_117.tif
1620,59e0a8f8008bea0458193b7062487fe3,train,054,TUMMHCD-TEST-TRAIN/TUMMHCDtrain/train_054/mmhc55_1051.tif
1621,79f7a3f1e2bc1ba63116984c4a82eb95,train,054,TUMMHCD-TEST-TRAIN/TUMMHCDtrain/train_054/mmhc55_137.tif
1621,79f7a3f1e2bc1ba63116984c4a82eb95,train,054,TUMMHCD-TEST-TRAIN/TUMMHCDtrain/train_054/mmhc55_168.tif
1622,cbea0366e6f302bba572e6fce0381833,train,054,TUMMHCD-TEST-TRAIN/TUMMHCDtrain/train_054/mmhc55_141.tif
1622,cbea0366e6f302bba572e6fce0381833,train,054,TUMMHCD-TEST-TRAIN/TUMMHCDtrain/train_054/mmhc55_838.tif
1623,567044a607aacba54f927429006d43ff,train,054,TUMMHCD-TEST-TRAIN/TUMMHCDtrain/train_054/mmhc55_142.tif
1623,567044a607aacba54f927429006d43ff,train,054,TUMMHCD-TEST-TRAIN/TUMMHCDtrain/train_054/mmhc55_590.tif
1624,3db43eee6997a4e72d00b1b777479f36,train,054,TUMMHCD-TEST-TRAIN/TUMMHCDtrain/train_054/mmhc55_144.tif
1624,3db43eee6997a4e72d00b1b777479f36,train,054,TUMMHCD-TEST-TRAIN/TUMMHCDtrain/train_054/mmhc55_483.tif
1625,b8bb19270d99c05c5fffd78f15511f0a,train,054,TUMMHCD-TEST-TRAIN/TUMMHCDtrain/train_054/mmhc55_152.tif
1625,b8bb19270d99c05c5fffd78f15511f0a,train,054,TUMMHCD-TEST-TRAIN/TUMMHCDtrain/train_054/mmhc55_670.tif
1626,78e0c35b37736c1d0b7053946b53ce5b,train,054,TUMMHCD-TEST-TRAIN/TUMMHCDtrain/train_054/mmhc55_155.tif
1626,78e0c35b37736c1d0b7053946b53ce5b,train,054,TUMMHCD-TEST-TRAIN/TUMMHCDtrain/train_054/mmhc55_169.tif
1626,78e0c35b37736c1d0b7053946b53ce5b,train,054,TUMMHCD-TEST-TRAIN/TUMMHCDtrain/train_054/mmhc55_260.tif
1627,3abdc623fb4f6bf18d44bc1baa119389,train,054,TUMMHCD-TEST-TRAIN/TUMMHCDtrain/train_054/mmhc55_157.tif
1627,3abdc623fb4f6bf18d44bc1baa119389,train,054,TUMMHCD-TEST-TRAIN/TUMMHCDtrain/train_054/mmhc55_836.tif
1628,7883b49791932241ba24b5173d18da02,train,054,TUMMHCD-TEST-TRAIN/TUMMHCDtrain/train_054/mmhc55_160.tif
1628,7883b49791932241ba24b5173d18da02,train,054,TUMMHCD-TEST-TRAIN/TUMMHCDtrain/train_054/mmhc55_1084.tif
1629,b0493b3e5acb81862a8d350c39d46ca6,train,054,TUMMHCD-TEST-TRAIN/TUMMHCDtrain/train_054/mmhc55_162.tif
1629,b0493b3e5acb81862a8d350c39d46ca6,train,054,TUMMHCD-TEST-TRAIN/TUMMHCDtrain/train_054/mmhc55_425.tif
1630,8e5f3166eaa5b07c1743b1bd62f41f87,train,054,TUMMHCD-TEST-TRAIN/TUMMHCDtrain/train_054/mmhc55_164.tif
1630,8e5f3166eaa5b07c1743b1bd62f41f87,train,054,TUMMHCD-TEST-TRAIN/TUMMHCDtrain/train_054/mmhc55_166.tif
1631,e3e9a192641b3e03d4df20067c02fccf,train,054,TUMMHCD-TEST-TRAIN/TUMMHCDtrain/train_054/mmhc55_165.tif
1631,e3e9a192641b3e03d4df20067c02fccf,train,054,TUMMHCD-TEST-TRAIN/TUMMHCDtrain/train_054/mmhc55_372.tif
1632,0efe5d9004a06f3e2e330ec79adb47f9,train,054,TUMMHCD-TEST-TRAIN/TUMMHCDtrain/train_054/mmhc55_171.tif
1632,0efe5d9004a06f3e2e330ec79adb47f9,train,054,TUMMHCD-TEST-TRAIN/TUMMHCDtrain/train_054/mmhc55_846.tif
1633,2c05f511d2aa21b4202739833b2cef54,train,054,TUMMHCD-TEST-TRAIN/TUMMHCDtrain/train_054/mmhc55_184.tif
1633,2c05f511d2aa21b4202739833b2cef54,train,054,TUMMHCD-TEST-TRAIN/TUMMHCDtrain/train_054/mmhc55_708.tif
1634,ea678dd8fad728bd2ae02694ba4cb7d3,train,054,TUMMHCD-TEST-TRAIN/TUMMHCDtrain/train_054/mmhc55_190.tif
1634,ea678dd8fad728bd2ae02694ba4cb7d3,train,054,TUMMHCD-TEST-TRAIN/TUMMHCDtrain/train_054/mmhc55_778.tif
1635,c5c2ed3f680cbf8492e8478efbe7aa65,train,054,TUMMHCD-TEST-TRAIN/TUMMHCDtrain/train_054/mmhc55_194.tif
1635,c5c2ed3f680cbf8492e8478efbe7aa65,train,054,TUMMHCD-TEST-TRAIN/TUMMHCDtrain/train_054/mmhc55_1048.tif
1636,05284fbe33d84fbe0fd3683942742a63,train,054,TUMMHCD-TEST-TRAIN/TUMMHCDtrain/train_054/mmhc55_196.tif
1636,05284fbe33d84fbe0fd3683942742a63,train,054,TUMMHCD-TEST-TRAIN/TUMMHCDtrain/train_054/mmhc55_564.tif
1637,3c1e344bc9cf658591225c7fbf69e509,train,054,TUMMHCD-TEST-TRAIN/TUMMHCDtrain/train_054/mmhc55_199.tif
1637,3c1e344bc9cf658591225c7fbf69e509,train,054,TUMMHCD-TEST-TRAIN/TUMMHCDtrain/train_054/mmhc55_1044.tif
1638,40a4d348f5724e5246b61b009b264237,train,054,TUMMHCD-TEST-TRAIN/TUMMHCDtrain/train_054/mmhc55_204.tif
1638,40a4d348f5724e5246b61b009b264237,train,054,TUMMHCD-TEST-TRAIN/TUMMHCDtrain/train_054/mmhc55_526.tif
1638,40a4d348f5724e5246b61b009b264237,train,054,TUMMHCD-TEST-TRAIN/TUMMHCDtrain/train_054/mmhc55_549.tif
1639,d85498707022a77e2c557142f57fdd99,train,054,TUMMHCD-TEST-TRAIN/TUMMHCDtrain/train_054/mmhc55_214.tif
1639,d85498707022a77e2c557142f57fdd99,train,054,TUMMHCD-TEST-TRAIN/TUMMHCDtrain/train_054/mmhc55_569.tif
1640,229e3f35de2fab9a8677bf9ec8ee086f,train,054,TUMMHCD-TEST-TRAIN/TUMMHCDtrain/train_054/mmhc55_215.tif
1640,229e3f35de2fab9a8677bf9ec8ee086f,train,054,TUMMHCD-TEST-TRAIN/TUMMHCDtrain/train_054/mmhc55_1038.tif
1641,bc11d429bd2dfccc4390df0098c85ad2,train,054,TUMMHCD-TEST-TRAIN/TUMMHCDtrain/train_054/mmhc55_217.tif
1641,bc11d429bd2dfccc4390df0098c85ad2,train,054,TUMMHCD-TEST-TRAIN/TUMMHCDtrain/train_054/mmhc55_430.tif
1642,b9b7dd555afe2ef7b2e50ca28052c966,train,054,TUMMHCD-TEST-TRAIN/TUMMHCDtrain/train_054/mmhc55_219.tif
1642,b9b7dd555afe2ef7b2e50ca28052c966,train,054,TUMMHCD-TEST-TRAIN/TUMMHCDtrain/train_054/mmhc55_635.tif
1643,5d820977f9370216221dad21682d270c,train,054,TUMMHCD-TEST-TRAIN/TUMMHCDtrain/train_054/mmhc55_227.tif
1643,5d820977f9370216221dad21682d270c,train,054,TUMMHCD-TEST-TRAIN/TUMMHCDtrain/train_054/mmhc55_788.tif
1644,1a92e9467d6e0c7cac2f8d5e7df1ad41,train,054,TUMMHCD-TEST-TRAIN/TUMMHCDtrain/train_054/mmhc55_230.tif
1644,1a92e9467d6e0c7cac2f8d5e7df1ad41,train,054,TUMMHCD-TEST-TRAIN/TUMMHCDtrain/train_054/mmhc55_1163.tif
1645,fe9731ad13c1d6c29cd3779de02695fa,train,054,TUMMHCD-TEST-TRAIN/TUMMHCDtrain/train_054/mmhc55_234.tif
1645,fe9731ad13c1d6c29cd3779de02695fa,train,054,TUMMHCD-TEST-TRAIN/TUMMHCDtrain/train_054/mmhc55_476.tif
1646,bbc12b1d36b04dc22b86bfe53c4fbf3a,train,054,TUMMHCD-TEST-TRAIN/TUMMHCDtrain/train_054/mmhc55_242.tif
1646,bbc12b1d36b04dc22b86bfe53c4fbf3a,train,054,TUMMHCD-TEST-TRAIN/TUMMHCDtrain/train_054/mmhc55_517.tif
1647,b4b79284ce80486d69fd48c8e5c1ad97,train,054,TUMMHCD-TEST-TRAIN/TUMMHCDtrain/train_054/mmhc55_244.tif
1647,b4b79284ce80486d69fd48c8e5c1ad97,train,054,TUMMHCD-TEST-TRAIN/TUMMHCDtrain/train_054/mmhc55_507.tif
1647,b4b79284ce80486d69fd48c8e5c1ad97,train,054,TUMMHCD-TEST-TRAIN/TUMMHCDtrain/train_054/mmhc55_652.tif
1648,394316b7c22b201e9efcd072ec2afdde,train,054,TUMMHCD-TEST-TRAIN/TUMMHCDtrain/train_054/mmhc55_246.tif
1648,394316b7c22b201e9efcd072ec2afdde,train,054,TUMMHCD-TEST-TRAIN/TUMMHCDtrain/train_054/mmhc55_469.tif
1649,801a1cf52e2e8fa2d569ce4a3272d8b0,train,054,TUMMHCD-TEST-TRAIN/TUMMHCDtrain/train_054/mmhc55_248.tif
1649,801a1cf52e2e8fa2d569ce4a3272d8b0,train,054,TUMMHCD-TEST-TRAIN/TUMMHCDtrain/train_054/mmhc55_1127.tif
1650,6809b8aaf0a84f2b3081f591dc5afbce,train,054,TUMMHCD-TEST-TRAIN/TUMMHCDtrain/train_054/mmhc55_258.tif
1650,6809b8aaf0a84f2b3081f591dc5afbce,train,054,TUMMHCD-TEST-TRAIN/TUMMHCDtrain/train_054/mmhc55_733.tif
1651,a12741e2737fbbff9dce101cec9495a0,train,054,TUMMHCD-TEST-TRAIN/TUMMHCDtrain/train_054/mmhc55_263.tif
1651,a12741e2737fbbff9dce101cec9495a0,train,054,TUMMHCD-TEST-TRAIN/TUMMHCDtrain/train_054/mmhc55_487.tif
1652,60edd229c5ffb0b267e0f31393bf022c,train,054,TUMMHCD-TEST-TRAIN/TUMMHCDtrain/train_054/mmhc55_270.tif
1652,60edd229c5ffb0b267e0f31393bf022c,train,054,TUMMHCD-TEST-TRAIN/TUMMHCDtrain/train_054/mmhc55_311.tif
1653,780c225cc64e5f9ed28240889b155b7a,train,054,TUMMHCD-TEST-TRAIN/TUMMHCDtrain/train_054/mmhc55_272.tif
1653,780c225cc64e5f9ed28240889b155b7a,train,054,TUMMHCD-TEST-TRAIN/TUMMHCDtrain/train_054/mmhc55_621.tif
1654,c210e0b5e018170294608c327c6aa71a,train,054,TUMMHCD-TEST-TRAIN/TUMMHCDtrain/train_054/mmhc55_279.tif
1654,c210e0b5e018170294608c327c6aa71a,train,054,TUMMHCD-TEST-TRAIN/TUMMHCDtrain/train_054/mmhc55_891.tif
1655,acd07939a7b1c7f7b6b5dc8bd2feb84a,train,054,TUMMHCD-TEST-TRAIN/TUMMHCDtrain/train_054/mmhc55_285.tif
1655,acd07939a7b1c7f7b6b5dc8bd2feb84a,train,054,TUMMHCD-TEST-TRAIN/TUMMHCDtrain/train_054/mmhc55_965.tif
1656,84485f9b720c23b35350536c5373a7f3,train,054,TUMMHCD-TEST-TRAIN/TUMMHCDtrain/train_054/mmhc55_286.tif
1656,84485f9b720c23b35350536c5373a7f3,train,054,TUMMHCD-TEST-TRAIN/TUMMHCDtrain/train_054/mmhc55_320.tif
1657,418403d6dcb07e23def5deb5a451727e,train,054,TUMMHCD-TEST-TRAIN/TUMMHCDtrain/train_054/mmhc55_301.tif
1657,418403d6dcb07e23def5deb5a451727e,train,054,TUMMHCD-TEST-TRAIN/TUMMHCDtrain/train_054/mmhc55_783.tif
1658,f3ff3ddd31b7e1424eb6039ced8c145f,train,054,TUMMHCD-TEST-TRAIN/TUMMHCDtrain/train_054/mmhc55_304.tif
1658,f3ff3ddd31b7e1424eb6039ced8c145f,train,054,TUMMHCD-TEST-TRAIN/TUMMHCDtrain/train_054/mmhc55_779.tif
1658,f3ff3ddd31b7e1424eb6039ced8c145f,train,054,TUMMHCD-TEST-TRAIN/TUMMHCDtrain/train_054/mmhc55_933.tif
1659,ee3339608c04d5c93ed4b39cf969f19b,train,054,TUMMHCD-TEST-TRAIN/TUMMHCDtrain/train_054/mmhc55_305.tif
1659,ee3339608c04d5c93ed4b39cf969f19b,train,054,TUMMHCD-TEST-TRAIN/TUMMHCDtrain/train_054/mmhc55_307.tif
1660,153e258a8c26c0cd50bc224437952040,train,054,TUMMHCD-TEST-TRAIN/TUMMHCDtrain/train_054/mmhc55_313.tif
1660,153e258a8c26c0cd50bc224437952040,train,054,TUMMHCD-TEST-TRAIN/TUMMHCDtrain/train_054/mmhc55_992.tif
1661,467d616aa473d10d02dcafa658fb7bb7,train,054,TUMMHCD-TEST-TRAIN/TUMMHCDtrain/train_054/mmhc55_319.tif
1661,467d616aa473d10d02dcafa658fb7bb7,train,054,TUMMHCD-TEST-TRAIN/TUMMHCDtrain/train_054/mmhc55_832.tif
1662,745c72f7703cabf4820fa0e1bf1c0158,train,054,TUMMHCD-TEST-TRAIN/TUMMHCDtrain/train_054/mmhc55_322.tif
1662,745c72f7703cabf4820fa0e1bf1c0158,train,054,TUMMHCD-TEST-TRAIN/TUMMHCDtrain/train_054/mmhc55_1043.tif
1663,63a34f1f732b73af4bff52462e73554b,train,054,TUMMHCD-TEST-TRAIN/TUMMHCDtrain/train_054/mmhc55_324.tif
1663,63a34f1f732b73af4bff52462e73554b,train,054,TUMMHCD-TEST-TRAIN/TUMMHCDtrain/train_054/mmhc55_1196.tif
1664,1ce7a530154b609ce8f3f18be3e5cde8,train,054,TUMMHCD-TEST-TRAIN/TUMMHCDtrain/train_054/mmhc55_325.tif
1664,1ce7a530154b609ce8f3f18be3e5cde8,train,054,TUMMHCD-TEST-TRAIN/TUMMHCDtrain/train_054/mmhc55_1006.tif
1665,f9e56f1305f7edd19943735642e59670,train,054,TUMMHCD-TEST-TRAIN/TUMMHCDtrain/train_054/mmhc55_330.tif
1665,f9e56f1305f7edd19943735642e59670,train,054,TUMMHCD-TEST-TRAIN/TUMMHCDtrain/train_054/mmhc55_694.tif
1666,65dbea5fcf6122094d6cc1241b053f9c,train,054,TUMMHCD-TEST-TRAIN/TUMMHCDtrain/train_054/mmhc55_332.tif
1666,65dbea5fcf6122094d6cc1241b053f9c,train,054,TUMMHCD-TEST-TRAIN/TUMMHCDtrain/train_054/mmhc55_1037.tif
1667,cc735f52206b5af172a86126ac4a7121,train,054,TUMMHCD-TEST-TRAIN/TUMMHCDtrain/train_054/mmhc55_337.tif
1667,cc735f52206b5af172a86126ac4a7121,train,054,TUMMHCD-TEST-TRAIN/TUMMHCDtrain/train_054/mmhc55_606.tif
1668,498109db0d247fccdb15fa00f1dcf957,train,054,TUMMHCD-TEST-TRAIN/TUMMHCDtrain/train_054/mmhc55_339.tif
1668,498109db0d247fccdb15fa00f1dcf957,train,054,TUMMHCD-TEST-TRAIN/TUMMHCDtrain/train_054/mmhc55_399.tif
1669,86ea98b9120a5f8345d2667124acd3a5,train,054,TUMMHCD-TEST-TRAIN/TUMMHCDtrain/train_054/mmhc55_342.tif
1669,86ea98b9120a5f8345d2667124acd3a5,train,054,TUMMHCD-TEST-TRAIN/TUMMHCDtrain/train_054/mmhc55_432.tif
1670,67a42313c531078ed293dcb0ac8253db,train,054,TUMMHCD-TEST-TRAIN/TUMMHCDtrain/train_054/mmhc55_353.tif
1670,67a42313c531078ed293dcb0ac8253db,train,054,TUMMHCD-TEST-TRAIN/TUMMHCDtrain/train_054/mmhc55_1057.tif
1671,ac0949708d232e87dde59ed22cdb97fe,train,054,TUMMHCD-TEST-TRAIN/TUMMHCDtrain/train_054/mmhc55_354.tif
1671,ac0949708d232e87dde59ed22cdb97fe,train,054,TUMMHCD-TEST-TRAIN/TUMMHCDtrain/train_054/mmhc55_714.tif
1672,e07abc28f7f5943683aaf93485784d51,train,054,TUMMHCD-TEST-TRAIN/TUMMHCDtrain/train_054/mmhc55_359.tif
1672,e07abc28f7f5943683aaf93485784d51,train,054,TUMMHCD-TEST-TRAIN/TUMMHCDtrain/train_054/mmhc55_784.tif
1673,e676367308d31ebe6b1246f8a02a6d4d,train,054,TUMMHCD-TEST-TRAIN/TUMMHCDtrain/train_054/mmhc55_367.tif
1673,e676367308d31ebe6b1246f8a02a6d4d,train,054,TUMMHCD-TEST-TRAIN/TUMMHCDtrain/train_054/mmhc55_775.tif
1674,b1eb32ababe42731b23be51df489a25e,train,054,TUMMHCD-TEST-TRAIN/TUMMHCDtrain/train_054/mmhc55_378.tif
1674,b1eb32ababe42731b23be51df489a25e,train,054,TUMMHCD-TEST-TRAIN/TUMMHCDtrain/train_054/mmhc55_1115.tif
1675,e9e69f26a80b8a98cf4784d2692e07d7,train,054,TUMMHCD-TEST-TRAIN/TUMMHCDtrain/train_054/mmhc55_387.tif
1675,e9e69f26a80b8a98cf4784d2692e07d7,train,054,TUMMHCD-TEST-TRAIN/TUMMHCDtrain/train_054/mmhc55_1128.tif
1676,1373fb6b22983e7443a2e3420fb5d60d,train,054,TUMMHCD-TEST-TRAIN/TUMMHCDtrain/train_054/mmhc55_391.tif
1676,1373fb6b22983e7443a2e3420fb5d60d,train,054,TUMMHCD-TEST-TRAIN/TUMMHCDtrain/train_054/mmhc55_445.tif
1677,ea818dd0380fc43555be46658d0cd4fd,train,054,TUMMHCD-TEST-TRAIN/TUMMHCDtrain/train_054/mmhc55_393.tif
1677,ea818dd0380fc43555be46658d0cd4fd,train,054,TUMMHCD-TEST-TRAIN/TUMMHCDtrain/train_054/mmhc55_893.tif
1678,685fd005a8aeb70834010f5e68736c67,train,054,TUMMHCD-TEST-TRAIN/TUMMHCDtrain/train_054/mmhc55_404.tif
1678,685fd005a8aeb70834010f5e68736c67,train,054,TUMMHCD-TEST-TRAIN/TUMMHCDtrain/train_054/mmhc55_840.tif
1679,3c01ca6b91babcdc94bc7cc715ce68d1,train,054,TUMMHCD-TEST-TRAIN/TUMMHCDtrain/train_054/mmhc55_415.tif
1679,3c01ca6b91babcdc94bc7cc715ce68d1,train,054,TUMMHCD-TEST-TRAIN/TUMMHCDtrain/train_054/mmhc55_688.tif
1680,6444a0e35dd04461a79f7690c4e80fa8,train,054,TUMMHCD-TEST-TRAIN/TUMMHCDtrain/train_054/mmhc55_420.tif
1680,6444a0e35dd04461a79f7690c4e80fa8,train,054,TUMMHCD-TEST-TRAIN/TUMMHCDtrain/train_054/mmhc55_1002.tif
1681,b40bbb15286a29d937d7b1a9b7f7a1cd,train,054,TUMMHCD-TEST-TRAIN/TUMMHCDtrain/train_054/mmhc55_433.tif
1681,b40bbb15286a29d937d7b1a9b7f7a1cd,train,054,TUMMHCD-TEST-TRAIN/TUMMHCDtrain/train_054/mmhc55_583.tif
1682,3bc50bed023941be56fc126e507b21d0,train,054,TUMMHCD-TEST-TRAIN/TUMMHCDtrain/train_054/mmhc55_447.tif
1682,3bc50bed023941be56fc126e507b21d0,train,054,TUMMHCD-TEST-TRAIN/TUMMHCDtrain/train_054/mmhc55_675.tif
1683,a7025de72f8bf143d083e304b3d3e62f,train,054,TUMMHCD-TEST-TRAIN/TUMMHCDtrain/train_054/mmhc55_454.tif
1683,a7025de72f8bf143d083e304b3d3e62f,train,054,TUMMHCD-TEST-TRAIN/TUMMHCDtrain/train_054/mmhc55_974.tif
1684,0da2ae6b066f769075a9fe14b3544b62,train,054,TUMMHCD-TEST-TRAIN/TUMMHCDtrain/train_054/mmhc55_459.tif
1684,0da2ae6b066f769075a9fe14b3544b62,train,054,TUMMHCD-TEST-TRAIN/TUMMHCDtrain/train_054/mmhc55_660.tif
1685,766995586000802aabf8d65efaf45e0b,train,054,TUMMHCD-TEST-TRAIN/TUMMHCDtrain/train_054/mmhc55_464.tif
1685,766995586000802aabf8d65efaf45e0b,train,054,TUMMHCD-TEST-TRAIN/TUMMHCDtrain/train_054/mmhc55_782.tif
1686,641f11d016b42d69fa5fbe63afa292c4,train,054,TUMMHCD-TEST-TRAIN/TUMMHCDtrain/train_054/mmhc55_471.tif
1686,641f11d016b42d69fa5fbe63afa292c4,train,054,TUMMHCD-TEST-TRAIN/TUMMHCDtrain/train_054/mmhc55_645.tif
1687,68d21da065bc05e577bb82b8bd042fe5,train,054,TUMMHCD-TEST-TRAIN/TUMMHCDtrain/train_054/mmhc55_488.tif
1687,68d21da065bc05e577bb82b8bd042fe5,train,054,TUMMHCD-TEST-TRAIN/TUMMHCDtrain/train_054/mmhc55_556.tif
1688,20a04f1df81b61694ec6eab1a9fb12ab,train,054,TUMMHCD-TEST-TRAIN/TUMMHCDtrain/train_054/mmhc55_502.tif
1688,20a04f1df81b61694ec6eab1a9fb12ab,train,054,TUMMHCD-TEST-TRAIN/TUMMHCDtrain/train_054/mmhc55_1199.tif
1689,cd8077053a037c2f3d4421133ffeabde,train,054,TUMMHCD-TEST-TRAIN/TUMMHCDtrain/train_054/mmhc55_503.tif
1689,cd8077053a037c2f3d4421133ffeabde,train,054,TUMMHCD-TEST-TRAIN/TUMMHCDtrain/train_054/mmhc55_1010.tif
1690,35bd27e2fdca466b3b97390cb123acec,train,054,TUMMHCD-TEST-TRAIN/TUMMHCDtrain/train_054/mmhc55_505.tif
1690,35bd27e2fdca466b3b97390cb123acec,train,054,TUMMHCD-TEST-TRAIN/TUMMHCDtrain/train_054/mmhc55_578.tif
1691,ad15f1b8428565fb63ad08350d447058,train,054,TUMMHCD-TEST-TRAIN/TUMMHCDtrain/train_054/mmhc55_511.tif
1691,ad15f1b8428565fb63ad08350d447058,train,054,TUMMHCD-TEST-TRAIN/TUMMHCDtrain/train_054/mmhc55_899.tif
1692,a40336b89f393c5b1ca6fe9aebfb9456,train,054,TUMMHCD-TEST-TRAIN/TUMMHCDtrain/train_054/mmhc55_519.tif
1692,a40336b89f393c5b1ca6fe9aebfb9456,train,054,TUMMHCD-TEST-TRAIN/TUMMHCDtrain/train_054/mmhc55_800.tif
1693,b39f973dc887792a32140a35e4d464ee,train,054,TUMMHCD-TEST-TRAIN/TUMMHCDtrain/train_054/mmhc55_520.tif
1693,b39f973dc887792a32140a35e4d464ee,train,054,TUMMHCD-TEST-TRAIN/TUMMHCDtrain/train_054/mmhc55_848.tif
1694,522085613d5e77c00e94f07db9b22233,train,054,TUMMHCD-TEST-TRAIN/TUMMHCDtrain/train_054/mmhc55_523.tif
1694,522085613d5e77c00e94f07db9b22233,train,054,TUMMHCD-TEST-TRAIN/TUMMHCDtrain/train_054/mmhc55_989.tif
1695,bdcab200b7b6340303ba65ddf60a6d0c,train,054,TUMMHCD-TEST-TRAIN/TUMMHCDtrain/train_054/mmhc55_536.tif
1695,bdcab200b7b6340303ba65ddf60a6d0c,train,054,TUMMHCD-TEST-TRAIN/TUMMHCDtrain/train_054/mmhc55_1188.tif
1696,7a8d9414f8ab1a13a9b66d730e9da5a9,train,054,TUMMHCD-TEST-TRAIN/TUMMHCDtrain/train_054/mmhc55_540.tif
1696,7a8d9414f8ab1a13a9b66d730e9da5a9,train,054,TUMMHCD-TEST-TRAIN/TUMMHCDtrain/train_054/mmhc55_1001.tif
1697,e4d7eb199f2876ed05c61dcead294437,train,054,TUMMHCD-TEST-TRAIN/TUMMHCDtrain/train_054/mmhc55_541.tif
1697,e4d7eb199f2876ed05c61dcead294437,train,054,TUMMHCD-TEST-TRAIN/TUMMHCDtrain/train_054/mmhc55_658.tif
1698,6ef66cfdd0b18fc77ab06955f259b610,train,054,TUMMHCD-TEST-TRAIN/TUMMHCDtrain/train_054/mmhc55_542.tif
1698,6ef66cfdd0b18fc77ab06955f259b610,train,054,TUMMHCD-TEST-TRAIN/TUMMHCDtrain/train_054/mmhc55_1191.tif
1699,09f83dc827c2dedf6fe2851c093a999c,train,054,TUMMHCD-TEST-TRAIN/TUMMHCDtrain/train_054/mmhc55_544.tif
1699,09f83dc827c2dedf6fe2851c093a999c,train,054,TUMMHCD-TEST-TRAIN/TUMMHCDtrain/train_054/mmhc55_678.tif
1700,10cbf899daf2a00dc35762d5ac956dcd,train,054,TUMMHCD-TEST-TRAIN/TUMMHCDtrain/train_054/mmhc55_547.tif
1700,10cbf899daf2a00dc35762d5ac956dcd,train,054,TUMMHCD-TEST-TRAIN/TUMMHCDtrain/train_054/mmhc55_867.tif
1701,3b4a790c67ff20142c8983d4724f6815,train,054,TUMMHCD-TEST-TRAIN/TUMMHCDtrain/train_054/mmhc55_551.tif
1701,3b4a790c67ff20142c8983d4724f6815,train,054,TUMMHCD-TEST-TRAIN/TUMMHCDtrain/train_054/mmhc55_743.tif
1702,76e98628fd9e265ded1b17e625bf1823,train,054,TUMMHCD-TEST-TRAIN/TUMMHCDtrain/train_054/mmhc55_566.tif
1702,76e98628fd9e265ded1b17e625bf1823,train,054,TUMMHCD-TEST-TRAIN/TUMMHCDtrain/train_054/mmhc55_1088.tif
1703,9f65170f2d556106b7d62d24e8d045de,train,054,TUMMHCD-TEST-TRAIN/TUMMHCDtrain/train_054/mmhc55_570.tif
1703,9f65170f2d556106b7d62d24e8d045de,train,054,TUMMHCD-TEST-TRAIN/TUMMHCDtrain/train_054/mmhc55_604.tif
1704,7d8dea4bd82bfa8f91778ebcefafbc7c,train,054,TUMMHCD-TEST-TRAIN/TUMMHCDtrain/train_054/mmhc55_580.tif
1704,7d8dea4bd82bfa8f91778ebcefafbc7c,train,054,TUMMHCD-TEST-TRAIN/TUMMHCDtrain/train_054/mmhc55_677.tif
1705,2823c059781187525166b8701670bdc6,train,054,TUMMHCD-TEST-TRAIN/TUMMHCDtrain/train_054/mmhc55_598.tif
1705,2823c059781187525166b8701670bdc6,train,054,TUMMHCD-TEST-TRAIN/TUMMHCDtrain/train_054/mmhc55_998.tif
1706,8befcdbacebe937cc4c7d3cb27477536,train,054,TUMMHCD-TEST-TRAIN/TUMMHCDtrain/train_054/mmhc55_599.tif
1706,8befcdbacebe937cc4c7d3cb27477536,train,054,TUMMHCD-TEST-TRAIN/TUMMHCDtrain/train_054/mmhc55_831.tif
1707,c39d95639de48821b00efb583d499364,train,054,TUMMHCD-TEST-TRAIN/TUMMHCDtrain/train_054/mmhc55_602.tif
1707,c39d95639de48821b00efb583d499364,train,054,TUMMHCD-TEST-TRAIN/TUMMHCDtrain/train_054/mmhc55_1134.tif
1708,559a4ebf45f450f777609b4246553965,train,054,TUMMHCD-TEST-TRAIN/TUMMHCDtrain/train_054/mmhc55_619.tif
1708,559a4ebf45f450f777609b4246553965,train,054,TUMMHCD-TEST-TRAIN/TUMMHCDtrain/train_054/mmhc55_744.tif
1709,e97b78d85fec46fd3bb055927192e421,train,054,TUMMHCD-TEST-TRAIN/TUMMHCDtrain/train_054/mmhc55_626.tif
1709,e97b78d85fec46fd3bb055927192e421,train,054,TUMMHCD-TEST-TRAIN/TUMMHCDtrain/train_054/mmhc55_1146.tif
1710,5e88f0171557a48bf5ae053a4f44dc90,train,054,TUMMHCD-TEST-TRAIN/TUMMHCDtrain/train_054/mmhc55_629.tif
1710,5e88f0171557a48bf5ae053a4f44dc90,train,054,TUMMHCD-TEST-TRAIN/TUMMHCDtrain/train_054/mmhc55_897.tif
1711,cd5928d40c06e188ad6a87d44839ff53,train,054,TUMMHCD-TEST-TRAIN/TUMMHCDtrain/train_054/mmhc55_640.tif
1711,cd5928d40c06e188ad6a87d44839ff53,train,054,TUMMHCD-TEST-TRAIN/TUMMHCDtrain/train_054/mmhc55_796.tif
1712,63d33ed523bf550c2464ed403d5bdc54,train,054,TUMMHCD-TEST-TRAIN/TUMMHCDtrain/train_054/mmhc55_647.tif
1712,63d33ed523bf550c2464ed403d5bdc54,train,054,TUMMHCD-TEST-TRAIN/TUMMHCDtrain/train_054/mmhc55_785.tif
1713,4c883be06a50dea8ec9e054c3212ad25,train,054,TUMMHCD-TEST-TRAIN/TUMMHCDtrain/train_054/mmhc55_661.tif
1713,4c883be06a50dea8ec9e054c3212ad25,train,054,TUMMHCD-TEST-TRAIN/TUMMHCDtrain/train_054/mmhc55_691.tif
1714,e8bf9cb25a6ab6370b51081379b415ab,train,054,TUMMHCD-TEST-TRAIN/TUMMHCDtrain/train_054/mmhc55_667.tif
1714,e8bf9cb25a6ab6370b51081379b415ab,train,054,TUMMHCD-TEST-TRAIN/TUMMHCDtrain/train_054/mmhc55_739.tif
1715,ba281af60dd3fd58f3c2b9e87a5649a9,train,054,TUMMHCD-TEST-TRAIN/TUMMHCDtrain/train_054/mmhc55_681.tif
1715,ba281af60dd3fd58f3c2b9e87a5649a9,train,054,TUMMHCD-TEST-TRAIN/TUMMHCDtrain/train_054/mmhc55_971.tif
1715,ba281af60dd3fd58f3c2b9e87a5649a9,train,054,TUMMHCD-TEST-TRAIN/TUMMHCDtrain/train_054/mmhc55_1049.tif
1716,5db97080f72a2d40ff174c309c89ec80,train,054,TUMMHCD-TEST-TRAIN/TUMMHCDtrain/train_054/mmhc55_687.tif
1716,5db97080f72a2d40ff174c309c89ec80,train,054,TUMMHCD-TEST-TRAIN/TUMMHCDtrain/train_054/mmhc55_1007.tif
1717,a2060923d86f1c5b0300c23b3ef65fae,train,054,TUMMHCD-TEST-TRAIN/TUMMHCDtrain/train_054/mmhc55_698.tif
1717,a2060923d86f1c5b0300c23b3ef65fae,train,054,TUMMHCD-TEST-TRAIN/TUMMHCDtrain/train_054/mmhc55_991.tif
1718,ad2381b23fa22ff3e4d33b3cce98817d,train,054,TUMMHCD-TEST-TRAIN/TUMMHCDtrain/train_054/mmhc55_699.tif
1718,ad2381b23fa22ff3e4d33b3cce98817d,train,054,TUMMHCD-TEST-TRAIN/TUMMHCDtrain/train_054/mmhc55_1053.tif
1719,bd2fe6242ebddaf00fead1bdef677076,train,054,TUMMHCD-TEST-TRAIN/TUMMHCDtrain/train_054/mmhc55_704.tif
1719,bd2fe6242ebddaf00fead1bdef677076,train,054,TUMMHCD-TEST-TRAIN/TUMMHCDtrain/train_054/mmhc55_973.tif
1720,ca9e0448a8542154035debe5f2e8b3fa,train,054,TUMMHCD-TEST-TRAIN/TUMMHCDtrain/train_054/mmhc55_723.tif
1720,ca9e0448a8542154035debe5f2e8b3fa,train,054,TUMMHCD-TEST-TRAIN/TUMMHCDtrain/train_054/mmhc55_787.tif
1721,3da612e8c2d67866f8d29e25550c1973,train,054,TUMMHCD-TEST-TRAIN/TUMMHCDtrain/train_054/mmhc55_760.tif
1721,3da612e8c2d67866f8d29e25550c1973,train,054,TUMMHCD-TEST-TRAIN/TUMMHCDtrain/train_054/mmhc55_1117.tif
1722,ba8f309a5d9dfd64d753e498225c8c92,train,054,TUMMHCD-TEST-TRAIN/TUMMHCDtrain/train_054/mmhc55_766.tif
1722,ba8f309a5d9dfd64d753e498225c8c92,train,054,TUMMHCD-TEST-TRAIN/TUMMHCDtrain/train_054/mmhc55_994.tif
1723,db7d18d6fbaf4ec439ec7c77c6ea301a,train,054,TUMMHCD-TEST-TRAIN/TUMMHCDtrain/train_054/mmhc55_776.tif
1723,db7d18d6fbaf4ec439ec7c77c6ea301a,train,054,TUMMHCD-TEST-TRAIN/TUMMHCDtrain/train_054/mmhc55_1172.tif
1724,e9554ebc6cee38ecc9a0fe3093c76980,train,054,TUMMHCD-TEST-TRAIN/TUMMHCDtrain/train_054/mmhc55_810.tif
1724,e9554ebc6cee38ecc9a0fe3093c76980,train,054,TUMMHCD-TEST-TRAIN/TUMMHCDtrain/train_054/mmhc55_814.tif
1725,a69c75224aef28d22f6ff33d5d99a3dd,train,054,TUMMHCD-TEST-TRAIN/TUMMHCDtrain/train_054/mmhc55_822.tif
1725,a69c75224aef28d22f6ff33d5d99a3dd,train,054,TUMMHCD-TEST-TRAIN/TUMMHCDtrain/train_054/mmhc55_923.tif
1726,eda1e9e3324e721320470d45686e9b3e,train,054,TUMMHCD-TEST-TRAIN/TUMMHCDtrain/train_054/mmhc55_829.tif
1726,eda1e9e3324e721320470d45686e9b3e,train,054,TUMMHCD-TEST-TRAIN/TUMMHCDtrain/train_054/mmhc55_955.tif
1727,d11a2d0a6f77602e7128a61afbcf2a01,train,054,TUMMHCD-TEST-TRAIN/TUMMHCDtrain/train_054/mmhc55_837.tif
1727,d11a2d0a6f77602e7128a61afbcf2a01,train,054,TUMMHCD-TEST-TRAIN/TUMMHCDtrain/train_054/mmhc55_984.tif
1728,05ef4231504a602c127058b60729ba0d,train,054,TUMMHCD-TEST-TRAIN/TUMMHCDtrain/train_054/mmhc55_845.tif
1728,05ef4231504a602c127058b60729ba0d,train,054,TUMMHCD-TEST-TRAIN/TUMMHCDtrain/train_054/mmhc55_910.tif
1729,c28b4e628a2f56c7cb13b8f9f22b6d66,train,054,TUMMHCD-TEST-TRAIN/TUMMHCDtrain/train_054/mmhc55_852.tif
1729,c28b4e628a2f56c7cb13b8f9f22b6d66,train,054,TUMMHCD-TEST-TRAIN/TUMMHCDtrain/train_054/mmhc55_1197.tif
1730,4736d0b59ad5da95929d755721914be1,train,054,TUMMHCD-TEST-TRAIN/TUMMHCDtrain/train_054/mmhc55_854.tif
1730,4736d0b59ad5da95929d755721914be1,train,054,TUMMHCD-TEST-TRAIN/TUMMHCDtrain/train_054/mmhc55_962.tif
1731,287a08447b0cc4b85769d500faa7debd,train,054,TUMMHCD-TEST-TRAIN/TUMMHCDtrain/train_054/mmhc55_858.tif
1731,287a08447b0cc4b85769d500faa7debd,train,054,TUMMHCD-TEST-TRAIN/TUMMHCDtrain/train_054/mmhc55_996.tif
1732,8282db4a04ea98282d3fde661789fda0,train,054,TUMMHCD-TEST-TRAIN/TUMMHCDtrain/train_054/mmhc55_870.tif
1732,8282db4a04ea98282d3fde661789fda0,train,054,TUMMHCD-TEST-TRAIN/TUMMHCDtrain/train_054/mmhc55_1157.tif
1733,228b0dd0cc5821f93ba90e0738208539,train,054,TUMMHCD-TEST-TRAIN/TUMMHCDtrain/train_054/mmhc55_881.tif
1733,228b0dd0cc5821f93ba90e0738208539,train,054,TUMMHCD-TEST-TRAIN/TUMMHCDtrain/train_054/mmhc55_1140.tif
1734,926f54177c4b17d2df4a1963a165ce07,train,054,TUMMHCD-TEST-TRAIN/TUMMHCDtrain/train_054/mmhc55_887.tif
1734,926f54177c4b17d2df4a1963a165ce07,train,054,TUMMHCD-TEST-TRAIN/TUMMHCDtrain/train_054/mmhc55_1033.tif
1735,c7bdaddb046c62d493ca026b219799e7,train,054,TUMMHCD-TEST-TRAIN/TUMMHCDtrain/train_054/mmhc55_896.tif
1735,c7bdaddb046c62d493ca026b219799e7,train,054,TUMMHCD-TEST-TRAIN/TUMMHCDtrain/train_054/mmhc55_1086.tif
1736,8ac805a1b085e43ca18434f68bbd1dbc,train,054,TUMMHCD-TEST-TRAIN/TUMMHCDtrain/train_054/mmhc55_924.tif
1736,8ac805a1b085e43ca18434f68bbd1dbc,train,054,TUMMHCD-TEST-TRAIN/TUMMHCDtrain/train_054/mmhc55_1154.tif
1737,2563731cdd8fefd74e21cc3865028536,train,054,TUMMHCD-TEST-TRAIN/TUMMHCDtrain/train_054/mmhc55_925.tif
1737,2563731cdd8fefd74e21cc3865028536,train,054,TUMMHCD-TEST-TRAIN/TUMMHCDtrain/train_054/mmhc55_926.tif
1738,6c1d9b57a153e5e6021e5aee9bf1c312,train,054,TUMMHCD-TEST-TRAIN/TUMMHCDtrain/train_054/mmhc55_944.tif
1738,6c1d9b57a153e5e6021e5aee9bf1c312,train,054,TUMMHCD-TEST-TRAIN/TUMMHCDtrain/train_054/mmhc55_1075.tif
1739,d19d5c591eb7f6f155b2feaa537f7d6f,train,054,TUMMHCD-TEST-TRAIN/TUMMHCDtrain/train_054/mmhc55_997.tif
1739,d19d5c591eb7f6f155b2feaa537f7d6f,train,054,TUMMHCD-TEST-TRAIN/TUMMHCDtrain/train_054/mmhc55_1017.tif
1740,3741d30cec828fd330bb506d381861c7,train,054,TUMMHCD-TEST-TRAIN/TUMMHCDtrain/train_054/mmhc55_1020.tif
1740,3741d30cec828fd330bb506d381861c7,train,054,TUMMHCD-TEST-TRAIN/TUMMHCDtrain/train_054/mmhc55_1104.tif
